,Unnamed: 0,source,name,neighborhood_overview,host_id,host_since,host_response_time,host_response_rate,host_is_superhost,host_verifications,host_has_profile_pic,host_identity_verified,neighbourhood_cleansed,neighbourhood_group_cleansed,latitude,longitude,property_type,room_type,accommodates,bathrooms,bedrooms,beds,amenities,price,minimum_nights,maximum_nights,has_availability,availability_30,availability_60,availability_90,availability_365,calendar_last_scraped,number_of_reviews,number_of_reviews_ltm,number_of_reviews_l30d,availability_eoy,number_of_reviews_ly,estimated_occupancy_l365d,estimated_revenue_l365d,first_review,last_review,review_scores_rating,review_scores_accuracy,review_scores_cleanliness,review_scores_checkin,review_scores_communication,review_scores_location,review_scores_value,license,instant_bookable,calculated_host_listings_count
862,862,city scrape,Casita Anita: Adorable Studio in Caye Caulker,,448967763,2022-03-10,,,f,"['email', 'phone']",t,f,Belize Islands,Belize,17.74654,-88.02448,Entire guest suite,Entire home/apt,2,1.0,0.0,1.0,"[""Fire extinguisher"", ""Smoke alarm"", ""Keypad"", ""TV"", ""Air conditioning"", ""Exterior security cameras on property"", ""Wifi"", ""Kitchen"", ""Refrigerator"", ""Self check-in""]",$137.00,2,30,,20,49,79,79,2025-03-23,48,16,1,79,14,96,13152.0,2023-01-14,2025-03-08,4.81,4.83,4.79,4.9,4.79,4.9,4.71,,f,1
1313,1313,city scrape,Oceanfront Condo C2- Pool/Jacuzzi/heart of Town,"Diamante is located on the South end of town and a stone’s throw from the island’s airstrip and next door to the famous, The Blue Water Grill. Right on the corner heading to the main street, there is Walk- Mart Supermarket where you can shop all variety of groceries. Infront of Walk Mart there is Carlo & Ernie’s Runway bar, enjoy a great meal while having the view of the San Pedro Airstrip. And looking for an ATM? At the Sancas Plaza which is in front of the Tropic air Airport (3mins walking from US) there is an ATM. Being located in the heart of San Pedro is convenient to our guest since you will have access to amazing restaurants with amazing views, steps away from all the activity in Town and from dive shops for a numerous list of excursions you can do.",435219161,2021-12-08,,,f,['phone'],t,f,Belize Islands,Belize,17.916719,-87.963971,Entire condo,Entire home/apt,4,2.0,2.0,2.0,"[""Elevator"", ""Ethernet connection"", ""Bed linens"", ""Kitchen"", ""Wine glasses"", ""Luggage dropoff allowed"", ""Hair dryer"", ""Toaster"", ""Waterfront"", ""Cooking basics"", ""Hangers"", ""Hot water"", ""Central air conditioning"", ""Wifi"", ""Electric stove"", ""Host greets you"", ""Shampoo"", ""Iron"", ""Refrigerator"", ""Dishes and silverware"", ""Hot water kettle"", ""Essentials"", ""Shower gel"", ""First aid kit"", ""Coffee maker: drip coffee maker"", ""Patio or balcony"", ""TV"", ""Safe"", ""Blender"", ""Beach access \u2013 Beachfront"", ""Microwave"", ""Coffee"", ""Free parking on premises"", ""Dishwasher"", ""Fire extinguisher"", ""Freezer"", ""Smoke alarm"", ""Dining table"", ""Exterior security cameras on property"", ""Outdoor furniture"", ""Private entrance"", ""Ceiling fan""]",$951.00,1,1125,t,16,46,76,308,2025-03-23,10,0,0,230,0,0,0.0,2021-03-15,2023-03-28,5.0,4.7,5.0,4.8,5.0,5.0,4.9,,t,1
1482,1482,city scrape,Borland Island Cabin,"Close to L K MARKET in Bahia Puesta del Sol,, Caye Caulker",382875785,2021-01-03,within an hour,100%,f,"['email', 'phone']",t,t,Belize Islands,Belize,17.73835,-88.0316,Entire home,Entire home/apt,5,1.0,2.0,3.0,"[""Ethernet connection"", ""Bed linens"", ""Indoor fireplace: electric"", ""Kitchen"", ""Wine glasses"", ""Maybe  stainless steel gas stove"", ""Luggage dropoff allowed"", ""Bluetooth sound system"", ""Hair dryer"", ""Cleaning products"", ""Toaster"", ""Oster oven"", ""Dryer"", ""Waterfront"", ""Cooking basics"", ""Washer"", ""Hangers"", ""Hot water"", ""Window AC unit"", ""Portable fans"", ""Wifi"", ""Shampoo"", ""Iron"", ""Dishes and silverware"", ""Carbon monoxide alarm"", ""Hammock"", ""Hot water kettle"", ""Essentials"", ""Long term stays allowed"", ""Bathtub"", ""First aid kit"", ""Baking sheet"", ""Coffee maker: drip coffee maker"", ""TV"", ""Shared beach access"", ""Microwave"", ""Coffee"", ""Lockbox"", ""Free parking on premises"", ""Clothing storage: closet and dresser"", ""Self check-in"", ""Fire extinguisher"", ""Freezer"", ""Smoke alarm"", ""Dining table"", ""Sea view"", ""Park view"", ""Drying rack for clothing"", ""Exterior security cameras on property"", ""Private entrance"", ""Maybe  refrigerator""]",$112.00,2,1125,t,4,28,58,147,2025-03-23,23,9,2,147,6,54,6048.0,2021-11-09,2025-03-17,4.74,4.68,4.83,4.96,5.0,4.26,4.7,,f,1
1517,1517,city scrape,Modern apartment with pool and rooftop lounge area,,572875223,2024-04-17,within an hour,100%,f,"['email', 'phone']",t,t,Belize Islands,Belize,17.74098,-88.02706,Entire condo,Entire home/apt,4,2.0,2.0,2.0,"[""Ethernet connection"", ""Dedicated workspace"", ""55 inch HDTV with Amazon Prime Video, Netflix"", ""Bed linens"", ""Kitchen"", ""Wine glasses"", ""Laundromat nearby"", ""Pack \u2019n play/Travel crib"", ""Hair dryer"", ""Cleaning products"", ""Toaster"", ""Shared backyard \u2013 Fully fenced"", ""Cooking basics"", ""Hangers"", ""Hot water"", ""Central air conditioning"", ""Wifi"", ""Shampoo"", ""Iron"", ""Refrigerator"", ""Carbon monoxide alarm"", ""Dishes and silverware"", ""Hot water kettle"", ""Essentials"", ""Long term stays allowed"", ""Shower gel"", ""Stainless steel gas stove"", ""Private patio or balcony"", ""First aid kit"", ""Bikes"", ""Coffee maker: drip coffee maker"", ""Outdoor shower"", ""Stainless steel oven"", ""Safe"", ""Blender"", ""Shared outdoor pool - available all year, open 24 hours"", ""Microwave"", ""Free parking on premises"", ""Clothing storage: walk-in closet"", ""Dishwasher"", ""Fire extinguisher"", ""Freezer"", ""Smoke alarm"", ""Dining table"", ""Outdoor furniture"", ""Body soap"", ""Ceiling fan"", ""Garden view""]",$388.00,2,365,t,15,37,67,311,2025-03-23,36,19,5,231,14,114,44232.0,2022-05-29,2025-03-14,4.97,4.94,4.94,4.97,4.97,4.72,4.97,,t,6
1519,1519,city scrape,"Slice of Paradise - peaceful, tranquil, charming.",,389820570,2021-02-23,within an hour,90%,t,"['email', 'phone']",t,t,Belize Islands,Belize,17.9792,-87.92459,Entire rental unit,Entire home/apt,3,1.0,0.0,2.0,"[""BBQ grill"", ""Boat slip"", ""Backyard"", ""Air conditioning"", ""Bed linens"", ""Mini fridge"", ""Kitchen"", ""Wine glasses"", ""Luggage dropoff allowed"", ""Hair dryer"", ""Stove"", ""Toaster"", ""Waterfront"", ""Cooking basics"", ""Hangers"", ""Hot water"", ""Wifi"", ""Iron"", ""Dishes and silverware"", ""Essentials"", ""Long term stays allowed"", ""First aid kit"", ""Patio or balcony"", ""Safe"", ""Beach access \u2013 Beachfront"", ""Microwave"", ""Free parking on premises"", ""Dishwasher"", ""Fire extinguisher"", ""Smoke alarm"", ""Exterior security cameras on property"", ""Outdoor furniture"", ""Ceiling fan"", ""Coffee maker""]",$247.00,3,1125,t,13,38,68,338,2025-03-23,84,15,3,257,19,90,22230.0,2021-04-10,2025-03-11,4.81,4.74,4.69,4.85,4.83,4.86,4.8,,f,2
1520,1520,city scrape,2nd Floor Beachfront Casita with Private Balcony!,,389820570,2021-02-23,within an hour,90%,t,"['email', 'phone']",t,t,Belize Islands,Belize,17.97939,-87.92451,Entire rental unit,Entire home/apt,3,1.0,1.0,2.0,"[""BBQ grill"", ""Dedicated workspace"", ""Air conditioning"", ""Hair dryer"", ""Resort access"", ""Outdoor dining area"", ""Cooking basics"", ""Ocean view"", ""Wifi"", ""Refrigerator"", ""Iron"", ""Dishes and silverware"", ""Essentials"", ""Free street parking"", ""First aid kit"", ""Patio or balcony"", ""Beach access \u2013 Beachfront"", ""Microwave"", ""Free parking on premises"", ""Fire extinguisher"", ""Beach view"", ""Smoke alarm"", ""Sea view"", ""Exterior security cameras on property"", ""Outdoor furniture"", ""Coffee maker""]",$233.00,3,1125,t,17,45,75,350,2025-03-23,77,12,1,269,14,72,16776.0,2021-04-03,2025-02-24,4.71,4.69,4.75,4.66,4.71,4.69,4.71,,f,2
1526,1526,previous scrape,Antiques Cabin,,391400143,2021-03-06,,,f,"['phone', 'work_email']",t,f,Cayo,Cayo,17.15661,-89.07408,Entire cabin,Entire home/apt,6,,4.0,,"[""Dryer"", ""Dedicated workspace"", ""Washer"", ""Breakfast"", ""Pets allowed"", ""Free parking on premises"", ""TV"", ""Hangers"", ""Gym"", ""Smoking allowed"", ""Wifi"", ""Kitchen"", ""Private entrance"", ""Shampoo"", ""Iron"", ""Hair dryer"", ""Essentials""]",,1,364,,0,0,0,0,2025-03-23,0,0,0,0,0,0,,,,,,,,,,,,f,1
1549,1549,previous scrape,White sand beaches and pristine coral reef awaits.,,394697923,2021-03-29,,,f,"['email', 'phone']",t,f,Belize Islands,Belize,18.04343,-87.89508,Entire guesthouse,Entire home/apt,2,,,,"[""Dedicated workspace"", ""Air conditioning"", ""Bed linens"", ""Kitchen"", ""Kayak"", ""Luggage dropoff allowed"", ""Hair dryer"", ""Cleaning products"", ""Waterfront"", ""Cooking basics"", ""Pets allowed"", ""Hot water"", ""Pool"", ""Wifi"", ""Coffee maker"", ""Shampoo"", ""Iron"", ""Dishes and silverware"", ""Essentials"", ""Long term stays allowed"", ""Patio or balcony"", ""Beach access \u2013 Beachfront"", ""Free parking on premises"", ""Fire extinguisher"", ""Freezer"", ""Smoke alarm"", ""Exterior security cameras on property"", ""Outdoor furniture"", ""Body soap"", ""Private entrance"", ""Ceiling fan"", ""TV with standard cable""]",,30,1125,,0,0,0,0,2025-03-23,3,0,0,0,0,0,,2021-05-05,2021-07-11,5.0,5.0,5.0,5.0,5.0,5.0,5.0,,f,1
1551,1551,city scrape,Home away from Home in peace and tranquility.,"The neighborhood of Sunset Park, Western Paradise is very quiet with very few friendly, surrounding neighbors.",395254644,2021-04-02,,,f,"['email', 'phone']",t,t,Belize Mainland,Belize,17.47359,-88.3005,Entire home,Entire home/apt,6,1.0,3.0,3.0,"[""Extra pillows and blankets"", ""Smoking allowed"", ""Bed linens"", ""Kitchen"", ""Wine glasses"", ""Bluetooth sound system"", ""Hair dryer"", ""Cleaning products"", ""Stove"", ""Toaster"", ""Cooking basics"", ""55 inch HDTV with standard cable"", ""Pets allowed"", ""Free washer \u2013 In building"", ""Hot water"", ""Central air conditioning"", ""Portable fans"", ""Wifi"", ""Coffee maker: Keurig coffee machine"", ""Shampoo"", ""Iron"", ""Refrigerator"", ""Dishes and silverware"", ""Host greets you"", ""Hot water kettle"", ""Essentials"", ""Private backyard \u2013 Fully fenced"", ""Free street parking"", ""Shower gel"", ""Long term stays allowed"", ""First aid kit"", ""Single level home"", ""Stainless steel oven"", ""Blender"", ""Microwave"", ""Coffee"", ""Free parking on premises"", ""Fire extinguisher"", ""Conditioner"", ""Dining table"", ""Drying rack for clothing"", ""Exterior security cameras on property"", ""Body soap"", ""Ceiling fan""]",$252.00,3,100,t,30,60,90,365,2025-03-23,1,0,0,284,0,0,0.0,2023-12-08,2023-12-08,5.0,5.0,5.0,5.0,5.0,5.0,5.0,,t,1
1575,1575,previous scrape,See Belize SEAVIEW Studio.Aparment,,397570448,2021-04-18,,,f,"['email', 'phone']",t,f,Belize Mainland,Belize,17.5058,-88.20161,Private room in rental unit,Private room,2,,1.0,,"[""BBQ grill"", ""Pocket wifi"", ""Dedicated workspace"", ""Air conditioning"", ""Bed linens"", ""Kitchen"", ""Cleaning products"", ""Stove"", ""Outdoor dining area"", ""Waterfront"", ""Cooking basics"", ""Washer"", ""Hot water"", ""Oven"", ""Pool"", ""Wifi"", ""Refrigerator"", ""Shampoo"", ""Long term stays allowed"", ""Bathtub"", ""TV"", ""Microwave"", ""Free parking on premises"", ""Dishwasher"", ""Freezer"", ""Conditioner"", ""Dining table"", ""Drying rack for clothing"", ""Clothing storage"", ""Body soap""]",,1,1125,,0,0,0,0,2025-03-23,0,0,0,0,0,0,,,,,,,,,,,,f,1
1578,1578,city scrape,Your tropical locally owned OCEAN FRONT home!,We are a four-minute walk from the water taxi dock and another four-minute walk from the split.<br /><br />Centrally located you have access to everything Caye Caulker has to offer.  We can recommend activities to amplify your visit from fun snorkeling or island retreats. <br /><br />Rainbow Hotel’s accommodation is one of the few locally own hotels left on the island that has been around for over three decades.  The unit’s Coastal island living décor surely sets your mind to relax and go-slow island style.,401714860,2021-05-15,within an hour,100%,t,"['email', 'phone']",t,t,Belize Islands,Belize,17.74534,-88.02403,Room in aparthotel,Entire home/apt,4,1.0,2.0,3.0,"[""Fire extinguisher"", ""Cooking basics"", ""Smoke alarm"", ""Microwave"", ""Free parking on premises"", ""Refrigerator"", ""TV"", ""Hangers"", ""Air conditioning"", ""Hot water"", ""Oven"", ""Wifi"", ""Kitchen"", ""Private entrance"", ""Shampoo"", ""Iron"", ""Hair dryer"", ""Essentials""]",$428.00,2,1125,t,6,27,55,228,2025-03-23,52,19,1,228,23,114,48792.0,2021-12-05,2025-03-02,4.94,4.9,4.92,4.98,4.9,4.9,4.73,,t,1
1589,1589,previous scrape,Doña Dila’s,Quiet local neighborhood.most neighbors know each other and are members of large multi generational households.,400230632,2021-05-05,,,f,"['email', 'phone']",t,t,Orange Walk,Orange Walk,18.13221,-88.6763,Entire home,Entire home/apt,8,,3.0,,"[""BBQ grill"", ""Dedicated workspace"", ""Backyard"", ""Viking stainless steel gas stove"", ""Babysitter recommendations"", ""Kitchen"", ""Wine glasses"", ""Laundromat nearby"", ""Indoor fireplace"", ""Luggage dropoff allowed"", ""Cleaning products"", ""Toaster"", ""Fireplace guards"", ""Window guards"", ""Dryer"", ""70 inch HDTV with Apple TV, Amazon Prime Video, Netflix"", ""Board games"", ""Washer"", ""Cooking basics"", ""Pets allowed"", ""Hangers"", ""Window AC unit"", ""Portable fans"", ""Wifi"", ""Shampoo"", ""Iron"", ""Frigidaire French Door Stainless Steel refrigerator"", ""Dishes and silverware"", ""Hot water kettle"", ""Essentials"", ""Free street parking"", ""Cleaning available during stay"", ""Barbecue utensils"", ""First aid kit"", ""Baking sheet"", ""Children\u2019s dinnerware"", ""Patio or balcony"", ""Fire pit"", ""Coffee maker: Keurig coffee machine, pour-over coffee"", ""Microwave"", ""Free parking on premises"", ""Fire extinguisher"", ""Freezer"", ""Smoke alarm"", ""Dining table"", ""Children\u2019s books and toys for ages 2-5 years old"", ""Exterior security cameras on property"", ""Viking stainless steel oven"", ""Outdoor furniture"", ""Portable heater"", ""Private entrance"", ""Ceiling fan"", ""Garden view""]",,3,10,,0,0,0,0,2025-03-23,0,0,0,0,0,0,,,,,,,,,,,,f,1
1591,1591,city scrape,Ground Floor Beach Walkout Villa | Tara Del Sol,"Tara Del Sol is located in a safe and quiet neighborhood, at the end of a ""cul-de-sac."" Very little traffic passes through this neighborhood, making it a perfect place for families and people looking for tranquillity.<br /><br />- Some Place South is a fantastic restaurant with an incredible mimosa bar just a short minute walk from Tara Del Sol. <br />- There is a convenience store around the corner of the resort <br />- Island Wonder is a beach club located less than a 5-minute walk from the resort<br />- La Fonda De Nilo is an Argentinian Steak House located close to the resort<br /><br />There are many more restaurants, bars, stores, tour operators, and more located close to Tara Del Sol",402636567,2021-05-20,within an hour,100%,t,"['email', 'phone']",t,t,Belize Islands,Belize,17.89322,-87.9794,Entire condo,Entire home/apt,6,2.0,3.0,4.0,"[""Boat slip"", ""Dedicated workspace"", ""Extra pillows and blankets"", ""Babysitter recommendations"", ""Bed linens"", ""Mini fridge"", ""Kitchen"", ""Wine glasses"", ""Laundromat nearby"", ""Kayak"", ""Luggage dropoff allowed"", ""Hair dryer"", ""Cleaning products"", ""Toaster"", ""Outdoor dining area"", ""Waterfront"", ""Board games"", ""Cooking basics"", ""Ocean view"", ""Shared beach access \u2013 Beachfront"", ""Shared outdoor pool - available all year, open specific hours, pool toys"", ""Free dryer \u2013 In unit"", ""Hangers"", ""Hot water"", ""Central air conditioning"", ""Wifi"", ""Room-darkening shades"", ""Shampoo"", ""Iron"", ""Refrigerator"", ""Dishes and silverware"", ""Hot water kettle"", ""Essentials"", ""Paid resort access"", ""Hammock"", ""Shower gel"", ""50 inch HDTV with Amazon Prime Video, Disney+, Netflix, premium cable, Roku, standard cable"", ""Free street parking"", ""Long term stays allowed"", ""Barbecue utensils"", ""Bathtub"", ""First aid kit"", ""Baking sheet"", ""Free washer \u2013 In unit"", ""Children\u2019s dinnerware"", ""Books and reading material"", ""Stainless steel oven"", ""Coffee maker: drip coffee maker"", ""Shared patio or balcony"", ""Safe"", ""Private backyard \u2013 Not fully fenced"", ""Single level home"", ""Blender"", ""Pool view"", ""Microwave"", ""Coffee"", ""Clothing storage: closet and dresser"", ""Dishwasher"", ""Beach essentials"", ""Sun loungers"", ""Fire extinguisher"", ""Self check-in"", ""Freezer"", ""Beach view"", ""Building staff"", ""Conditioner"", ""Smoke alarm"", ""Dining table"", ""Sea view"", ""Outdoor furniture"", ""Free driveway parking on premises"", ""GE stainless steel gas stove"", ""Body soap"", ""Private entrance"", ""Ceiling fan"", ""BBQ grill: charcoal""]",$736.00,1,365,t,5,15,35,231,2025-03-23,28,6,1,181,7,36,26496.0,2022-01-05,2025-03-14,5.0,5.0,5.0,4.96,4.96,4.89,5.0,,t,23
1592,1592,city scrape,Luxury Beachfront Villa | Incredible Sea Views!,"Tara Del Sol is located in a safe and quiet neighbourhood, at the end of a ""cul-de-sac."" Very little traffic passes through this neighbourhood, making it a perfect place for families and people looking for tranquillity.<br /><br />There are many points and interests near the property<br />- Restaurant: Some Place South - 1 Min walk<br />- Tours In-house: Suya Tours - 1 Min Walk<br />-  Convenience Store - 5-Minute Walk<br />- Restaurant: Black Orchid - 1-minute drive<br />- Restaurant: Happy Tequila = 2 minute drive<br />- Spa - 1-minute drive (also available inhouse) <br /><br />Many more points of interest less than a 10-minute drive away",402636567,2021-05-20,within an hour,100%,t,"['email', 'phone']",t,t,Belize Islands,Belize,17.8914,-87.97852,Entire condo,Entire home/apt,4,2.0,2.0,2.0,"[""Boat slip"", ""Extra pillows and blankets"", ""Babysitter recommendations"", ""Bed linens"", ""Eco Botanics shampoo"", ""Kitchen"", ""Wine glasses"", ""Laundromat nearby"", ""Kayak"", ""Luggage dropoff allowed"", ""Hair dryer"", ""Cleaning products"", ""Shared backyard \u2013 Not fully fenced"", ""Toaster"", ""Outdoor dining area"", ""Waterfront"", ""Board games"", ""Cooking basics"", ""Ocean view"", ""Shared beach access \u2013 Beachfront"", ""Shared outdoor pool - available all year, open specific hours, pool toys"", ""Free dryer \u2013 In unit"", ""Hangers"", ""Hot water"", ""Central air conditioning"", ""Resort view"", ""Wifi"", ""Room-darkening shades"", ""Iron"", ""Dishes and silverware"", ""Hammock"", ""Hot water kettle"", ""Essentials"", ""Paid resort access"", ""Free street parking"", ""Shower gel"", ""Long term stays allowed"", ""Barbecue utensils"", ""Bathtub"", ""First aid kit"", ""Single level home"", ""Free washer \u2013 In unit"", ""Children\u2019s dinnerware"", ""Books and reading material"", ""Eco Botanics conditioner"", ""Stainless steel oven"", ""Coffee maker: drip coffee maker"", ""Safe"", ""Shared patio or balcony"", ""Blender"", ""Pool view"", ""Microwave"", ""Clothing storage: closet and dresser"", ""GE refrigerator"", ""Dishwasher"", ""Beach essentials"", ""Fire extinguisher"", ""Sun loungers"", ""Freezer"", ""Beach view"", ""Eco Botanics body soap"", ""Self check-in"", ""Smoke alarm"", ""Dining table"", ""Building staff"", ""Sea view"", ""42 inch HDTV with Amazon Prime Video, Disney+, HBO Max, Hulu, Netflix, premium cable, standard cable, DVD player"", ""Outdoor furniture"", ""Free driveway parking on premises"", ""GE stainless steel gas stove"", ""Private entrance"", ""Ceiling fan"", ""BBQ grill: charcoal"", ""Garden view""]",$631.00,1,365,t,0,14,35,190,2025-03-23,9,5,0,184,5,30,18930.0,2022-04-03,2024-10-29,4.67,5.0,4.78,4.78,4.56,4.89,4.78,,t,23
1597,1597,city scrape,Ground Floor Beach-Walkout Villa | Tara Del Sol,"Tara Del Sol is located in a safe and quiet neighborhood, at the end of a ""cul-de-sac."" Very little traffic passes through this neighborhood, making it a perfect place for families and people looking for tranquillity.<br /><br />- Some Place South is a fantastic restaurant with an incredible mimosa bar just a short minute walk from Tara Del Sol. <br />- There is a convenience store around the corner of the resort <br />- Island Wonder is a beach club located less than a 5-minute walk from the resort<br />- La Fonda De Nilo is an Argentinian Steak House located close to the resort<br /><br />There are many more restaurants, bars, stores, tour operators, and more located close to Tara Del Sol",402636567,2021-05-20,within an hour,100%,t,"['email', 'phone']",t,t,Belize Islands,Belize,17.89319,-87.97865,Entire condo,Entire home/apt,6,2.0,3.0,3.0,"[""Boat slip"", ""Extra pillows and blankets"", ""Babysitter recommendations"", ""Bed linens"", ""Eco Botanics shampoo"", ""Kitchen"", ""Wine glasses"", ""Laundromat nearby"", ""Kayak"", ""Luggage dropoff allowed"", ""Hair dryer"", ""Cleaning products"", ""Resort access"", ""Shared backyard \u2013 Not fully fenced"", ""Toaster"", ""Waterfront"", ""Board games"", ""Cooking basics"", ""Ocean view"", ""Crib - always at the listing"", ""Shared beach access \u2013 Beachfront"", ""Shared outdoor pool - available all year, open specific hours, pool toys"", ""Free dryer \u2013 In unit"", ""Hangers"", ""Hot water"", ""Central air conditioning"", ""Wifi"", ""Room-darkening shades"", ""Iron"", ""Refrigerator"", ""Dishes and silverware"", ""Pack \u2019n play/Travel crib - always at the listing"", ""Hot water kettle"", ""Essentials"", ""Hammock"", ""Free street parking"", ""Shower gel"", ""Long term stays allowed"", ""Barbecue utensils"", ""First aid kit"", ""Baking sheet"", ""Free washer \u2013 In unit"", ""Coffee maker: drip coffee maker"", ""Books and reading material"", ""Eco Botanics conditioner"", ""Stainless steel oven"", ""Shared patio or balcony"", ""Safe"", ""Single level home"", ""Blender"", ""Microwave"", ""Coffee"", ""Free parking on premises"", ""Clothing storage: closet and dresser"", ""Dishwasher"", ""Beach essentials"", ""Self check-in"", ""Fire extinguisher"", ""Freezer"", ""Beach view"", ""Eco Botanics body soap"", ""Building staff"", ""Smoke alarm"", ""Dining table"", ""Sea view"", ""42 inch HDTV with Amazon Prime Video, Disney+, HBO Max, Hulu, Netflix, premium cable, standard cable, DVD player"", ""Outdoor furniture"", ""GE stainless steel gas stove"", ""Private entrance"", ""Ceiling fan"", ""BBQ grill: charcoal""]",$707.00,1,365,t,4,16,36,248,2025-03-23,40,11,0,187,14,66,46662.0,2022-04-01,2025-02-11,4.98,4.9,4.93,4.93,4.93,4.9,4.95,,t,23
1598,1598,city scrape,Tropical Beachfront Residence | Tara Del Sol - C4,"Tara Del Sol is located in a safe, quiet and peaceful neighbourhood and the end of a ""culdesac."" Very little traffic passes through this neighbourhood, making it a perfect place for families and people looking for tranquillity.<br /><br />There are many points and interests near the property<br />- Restaurant: Some Place South - 1 Min walk<br />- Tours In-house: Suya Tours - 1 Min Walk<br />-  Convenience Store - 5-Minute Walk<br />- Restaurant: Black Orchid - 1-minute drive<br />- Restaurant: Happy Tequila = 2 minute drive<br />- Spa - 1-minute drive (also available inhouse) <br /><br />Many more points of interest less than a 10-minute drive away",402636567,2021-05-20,within an hour,100%,t,"['email', 'phone']",t,t,Belize Islands,Belize,17.892168,-87.979187,Entire condo,Entire home/apt,8,2.0,3.0,5.0,"[""Boat slip"", ""Extra pillows and blankets"", ""Babysitter recommendations"", ""Bed linens"", ""Eco Botanics shampoo"", ""Kitchen"", ""Wine glasses"", ""Laundromat nearby"", ""Kayak"", ""Luggage dropoff allowed"", ""Hair dryer"", ""Cleaning products"", ""Resort access"", ""Shared backyard \u2013 Not fully fenced"", ""Toaster"", ""Outdoor dining area"", ""Waterfront"", ""Board games"", ""Cooking basics"", ""Ocean view"", ""Crib - always at the listing"", ""Shared beach access \u2013 Beachfront"", ""Free dryer \u2013 In unit"", ""Hangers"", ""Hot water"", ""Central air conditioning"", ""Portable fans"", ""Wifi"", ""Room-darkening shades"", ""Iron"", ""Refrigerator"", ""Dishes and silverware"", ""Pack \u2019n play/Travel crib - always at the listing"", ""Hot water kettle"", ""Essentials"", ""Hammock"", ""Free street parking"", ""Shower gel"", ""Long term stays allowed"", ""Barbecue utensils"", ""Bathtub"", ""First aid kit"", ""Baking sheet"", ""Free washer \u2013 In unit"", ""Children\u2019s dinnerware"", ""Books and reading material"", ""Eco Botanics conditioner"", ""Stainless steel oven"", ""Coffee maker: drip coffee maker"", ""Safe"", ""Shared patio or balcony"", ""Single level home"", ""Blender"", ""Microwave"", ""Coffee"", ""Free parking on premises"", ""Clothing storage: closet and dresser"", ""Dishwasher"", ""Beach essentials"", ""Sun loungers"", ""Fire extinguisher"", ""Self check-in"", ""Freezer"", ""Beach view"", ""Eco Botanics body soap"", ""Shared outdoor pool - available all year, open specific hours"", ""Smoke alarm"", ""Dining table"", ""Building staff"", ""Sea view"", ""50 inch HDTV with standard cable"", ""Outdoor furniture"", ""GE stainless steel gas stove"", ""Private entrance"", ""Ceiling fan"", ""BBQ grill: charcoal""]",$707.00,1,365,t,6,10,18,214,2025-03-23,48,17,1,167,20,102,72114.0,2021-12-27,2025-03-17,4.85,4.85,4.9,4.88,4.9,4.77,4.75,,t,23
1606,1606,city scrape,Lighthouse Beach Villa Tortuga #5,"There are 11 units for rental in the Athens Gate at Lighthouse Beach Resort.  If you are interested in this property and this one is not available please look at our other 2 and 3 bedroom villas that may better suit your needs.  This resort is located in the Quiet Holiday Lands subdivision and is on the Ocean Side (Ocean Front) of the Island 1/2 Mi south of Mahogany Bay.  Black Orchid Restaurant, Marin's supermarket and Somewhere South are within walking distance.  Located 2.5 Miles South of San Pedro just steps from the Southside Security Station.",411655273,2021-07-08,within an hour,90%,t,"['email', 'phone']",t,t,Belize Islands,Belize,17.88491,-87.98484,Room in boutique hotel,Private room,4,2.0,2.0,2.0,"[""BBQ grill"", ""Dedicated workspace"", ""Extra pillows and blankets"", ""Air conditioning"", ""Bed linens"", ""Kitchen"", ""Wine glasses"", ""Kayak"", ""Luggage dropoff allowed"", ""Hair dryer"", ""Cleaning products"", ""Stove"", ""Toaster"", ""Crib"", ""Waterfront"", ""Cooking basics"", ""Washer"", ""Ocean view"", ""Free dryer \u2013 In unit"", ""Hangers"", ""Hot water"", ""Wifi"", ""Room-darkening shades"", ""Shampoo"", ""Iron"", ""Refrigerator"", ""Dishes and silverware"", ""Hammock"", ""Essentials"", ""Barbecue utensils"", ""Private patio or balcony"", ""Bathtub"", ""First aid kit"", ""Baking sheet"", ""Coffee maker: drip coffee maker"", ""Stainless steel oven"", ""TV"", ""Safe"", ""Pool view"", ""Beach access \u2013 Beachfront"", ""Microwave"", ""Free parking on premises"", ""Clothing storage: closet and dresser"", ""Dishwasher"", ""Beach essentials"", ""Self check-in"", ""Fire extinguisher"", ""Freezer"", ""Beach view"", ""Building staff"", ""Conditioner"", ""Smoke alarm"", ""Dining table"", ""Shared pool"", ""Sea view"", ""Outdoor furniture"", ""Private living room"", ""Body soap"", ""Private entrance"", ""Ceiling fan""]",$757.00,3,35,t,6,32,50,304,2025-03-23,8,7,0,229,5,42,31794.0,2022-04-07,2025-01-27,5.0,4.88,5.0,5.0,5.0,5.0,4.88,,t,8
1607,1607,city scrape,Lighthouse Beach Villa Serenidad #2,"There are 11 units for rental in the Athens Gate at Lighthouse Beach Resort.  If you are interested in this property and this one is not available please look at our other 2 and 3 bedroom villas that may better suit your needs.  This resort is located in the Quiet Holiday Lands subdivision and is on the Ocean Side (Ocean Front) of the Island 1/2 Mi south of Mahogany Bay.  Black Orchid Restaurant, Marin's supermarket and Somewhere South are within walking distance.  Located 2.5 Miles South of San Pedro just steps from the Southside Security Station.",411655273,2021-07-08,within an hour,90%,t,"['email', 'phone']",t,t,Belize Islands,Belize,17.88499,-87.98691,Room in aparthotel,Private room,6,2.0,3.0,4.0,"[""BBQ grill"", ""Dedicated workspace"", ""Extra pillows and blankets"", ""Air conditioning"", ""Bed linens"", ""Kitchen"", ""Wine glasses"", ""Kayak"", ""Luggage dropoff allowed"", ""Hair dryer"", ""Cleaning products"", ""Toaster"", ""Crib"", ""Waterfront"", ""Dryer"", ""Cooking basics"", ""Washer"", ""Ocean view"", ""Hangers"", ""Hot water"", ""Wifi"", ""Room-darkening shades"", ""Shampoo"", ""Iron"", ""Refrigerator"", ""Dishes and silverware"", ""Hammock"", ""Essentials"", ""Long term stays allowed"", ""Barbecue utensils"", ""Private patio or balcony"", ""Bathtub"", ""First aid kit"", ""Stainless steel stove"", ""Baking sheet"", ""Coffee maker: drip coffee maker"", ""Stainless steel oven"", ""TV"", ""Bikes"", ""Safe"", ""Pool view"", ""Beach access \u2013 Beachfront"", ""Microwave"", ""Free parking on premises"", ""Clothing storage: closet and dresser"", ""Dishwasher"", ""Beach essentials"", ""Self check-in"", ""Fire extinguisher"", ""Freezer"", ""Beach view"", ""Building staff"", ""Conditioner"", ""Smoke alarm"", ""Shared pool"", ""Sea view"", ""Outdoor furniture"", ""Private living room"", ""Body soap"", ""Private entrance"", ""Ceiling fan""]",$858.00,3,1125,t,3,24,43,293,2025-03-23,2,1,0,214,2,6,5148.0,2024-01-10,2024-11-30,5.0,5.0,5.0,5.0,4.5,5.0,4.5,,t,8
1608,1608,city scrape,Lighthouse Beach Villa Playa #3,"There are 11 units for rental in the Athens Gate at Lighthouse Beach Resort.  If you are interested in this property and this one is not available please look at our other 2 and 3 bedroom villas that may better suit your needs.  This resort is located in the Quiet Holiday Lands subdivision and is on the Ocean Side (Ocean Front) of the Island 1/2 Mi south of Mahogany Bay.  Black Orchid Restaurant, Marin's supermarket and Somewhere South are within walking distance.  Located 2.5 Miles South of San Pedro just steps from the Southside Security Station.",411655273,2021-07-08,within an hour,90%,t,"['email', 'phone']",t,t,Belize Islands,Belize,17.88609,-87.98607,Room in aparthotel,Private room,6,2.0,3.0,4.0,"[""Dedicated workspace"", ""Extra pillows and blankets"", ""Air conditioning"", ""Bed linens"", ""Kitchen"", ""Wine glasses"", ""Kayak"", ""Luggage dropoff allowed"", ""Hair dryer"", ""Cleaning products"", ""Toaster"", ""Crib"", ""Waterfront"", ""Dryer"", ""Cooking basics"", ""Washer"", ""Ocean view"", ""Hangers"", ""Hot water"", ""Wifi"", ""Room-darkening shades"", ""Shampoo"", ""Iron"", ""Refrigerator"", ""Dishes and silverware"", ""Hammock"", ""Essentials"", ""Long term stays allowed"", ""Barbecue utensils"", ""Bathtub"", ""First aid kit"", ""Stainless steel stove"", ""Baking sheet"", ""Coffee maker: drip coffee maker"", ""Stainless steel oven"", ""TV"", ""Shared patio or balcony"", ""Bikes"", ""Safe"", ""Shared beach access"", ""Pool view"", ""Microwave"", ""Free parking on premises"", ""Clothing storage: closet and dresser"", ""Dishwasher"", ""Beach essentials"", ""Self check-in"", ""Fire extinguisher"", ""Freezer"", ""Beach view"", ""Building staff"", ""Conditioner"", ""Smoke alarm"", ""Dining table"", ""Shared pool"", ""Sea view"", ""Outdoor furniture"", ""Private living room"", ""Body soap"", ""Private entrance"", ""Ceiling fan"", ""BBQ grill: charcoal""]",$985.00,3,35,t,10,28,55,324,2025-03-23,5,1,1,243,1,6,5910.0,2021-08-07,2025-03-15,4.8,5.0,5.0,5.0,5.0,4.4,4.8,,t,8
1609,1609,city scrape,Lighthouse Beach Villa Vista al Mar #8,"There are 11 units for rental in the Athens Gate at Lighthouse Beach Resort.  If you are interested in this property and this one is not available please look at our other 2 and 3 bedroom villas that may better suit your needs.  This resort is located in the Quiet Holiday Lands subdivision and is on the Ocean Side (Ocean Front) of the Island 1/2 Mi south of Mahogany Bay.  Black Orchid Restaurant, Marin's supermarket and Somewhere South are within walking distance.  Located 2.5 Miles South of San Pedro just steps from the Southside Security Station.",411655273,2021-07-08,within an hour,90%,t,"['email', 'phone']",t,t,Belize Islands,Belize,17.8862,-87.98666,Room in aparthotel,Private room,6,2.0,2.0,3.0,"[""BBQ grill"", ""Dedicated workspace"", ""Extra pillows and blankets"", ""Air conditioning"", ""Bed linens"", ""Kitchen"", ""Wine glasses"", ""Kayak"", ""Pack \u2019n play/Travel crib"", ""Luggage dropoff allowed"", ""Hair dryer"", ""Cleaning products"", ""Resort access"", ""Toaster"", ""Outdoor dining area"", ""Crib"", ""Waterfront"", ""Dryer"", ""Board games"", ""Cooking basics"", ""Ocean view"", ""54 inch TV"", ""Frigidaire signature stainless steel oven"", ""Eco brand conditioner"", ""Hangers"", ""Hot water"", ""Portable fans"", ""Wifi"", ""Room-darkening shades"", ""Shampoo"", ""Iron"", ""Refrigerator"", ""Dishes and silverware"", ""Hot water kettle"", ""Essentials"", ""Hammock"", ""Long term stays allowed"", ""Eco Brand body soap"", ""Barbecue utensils"", ""Private patio or balcony"", ""Bathtub"", ""First aid kit"", ""Stainless steel stove"", ""Free washer \u2013 In unit"", ""Baking sheet"", ""Books and reading material"", ""Bikes"", ""Safe"", ""Blender"", ""Pool view"", ""Beach access \u2013 Beachfront"", ""Microwave"", ""Free parking on premises"", ""Clothing storage: closet and dresser"", ""Dishwasher"", ""Beach essentials"", ""Self check-in"", ""Fire extinguisher"", ""Freezer"", ""Beach view"", ""Building staff"", ""Shared pool"", ""Smoke alarm"", ""Dining table"", ""Sea view"", ""Outdoor furniture"", ""Private living room"", ""Private entrance"", ""Ceiling fan"", ""Coffee maker""]",$757.00,3,999,t,5,25,48,305,2025-03-23,7,2,0,224,3,12,9084.0,2022-07-20,2025-02-08,5.0,5.0,5.0,5.0,5.0,4.86,4.86,,t,8
1610,1610,city scrape,Lighthouse Beach Villa Oceano #4,"There are 11 units for rental in Lighthouse Beach Villas (formerly Athens Gate).  If you are interested in this property and this one is not available, please look at our other 2- and 3-bedroom villas that may better suit your needs.  This resort is located in the Quiet Holiday Lands subdivision and is on the Ocean Side (Ocean Front) of the Island 1/2 Mi south of Mahogany Bay.  Black Orchid Restaurant, Marin's supermarket and Somewhere South are within walking distance.  Located 2.5 Miles South of San Pedro just steps from the Southside Security Station.",411655273,2021-07-08,within an hour,90%,t,"['email', 'phone']",t,t,Belize Islands,Belize,17.885271072387695,-87.98575592041016,Room in aparthotel,Private room,6,2.0,3.0,5.0,"[""BBQ grill"", ""Boat slip"", ""Dedicated workspace"", ""Extra pillows and blankets"", ""Bed linens"", ""Kitchen"", ""Wine glasses"", ""Kayak"", ""Luggage dropoff allowed"", ""Hair dryer"", ""Cleaning products"", ""Toaster"", ""Crib"", ""Waterfront"", ""Cooking basics"", ""Shared pool - available all year"", ""Ocean view"", ""Free dryer \u2013 In unit"", ""Hangers"", ""Hot water"", ""Central air conditioning"", ""Wifi"", ""Room-darkening shades"", ""Shampoo"", ""Iron"", ""Refrigerator"", ""Dishes and silverware"", ""Hammock"", ""Essentials"", ""Long term stays allowed"", ""Barbecue utensils"", ""Private patio or balcony"", ""Bathtub"", ""First aid kit"", ""Stainless steel stove"", ""Free washer \u2013 In unit"", ""Coffee maker: drip coffee maker"", ""Stainless steel oven"", ""TV"", ""Baking sheet"", ""Bikes"", ""Safe"", ""Blender"", ""Pool view"", ""Beach access \u2013 Beachfront"", ""Microwave"", ""Free parking on premises"", ""Clothing storage: closet and dresser"", ""Dishwasher"", ""Beach essentials"", ""Self check-in"", ""Fire extinguisher"", ""Freezer"", ""Beach view"", ""Building staff"", ""Conditioner"", ""Smoke alarm"", ""Dining table"", ""Sea view"", ""Outdoor furniture"", ""Private living room"", ""Body soap"", ""Private entrance"", ""Ceiling fan""]",$985.00,3,1125,t,10,27,53,295,2025-03-23,16,5,1,228,5,30,29550.0,2021-07-20,2025-03-09,4.94,5.0,4.94,5.0,4.94,4.88,4.94,,t,8
1611,1611,previous scrape,Lighthouse Beach Villa Arrecife #6,"There are 11 units for rental in the Lighthouse Beach Villas Resort.  If you are interested in this property and this one is not available, please look at our other 2- and 3-bedroom villas that may better suit your needs.  This resort is located in the Quiet Holiday Lands subdivision and is on the Ocean Side (Ocean Front) of the Island 1/2 Mi south of Mahogany Bay.  Black Orchid Restaurant, Marin's supermarket and Somewhere South are within walking distance.2.5 Miles South of San Pedro just steps from the Southside Security Station.",411655273,2021-07-08,within an hour,90%,t,"['email', 'phone']",t,t,Belize Islands,Belize,17.88463,-87.98692,Private room in resort,Private room,4,,2.0,,"[""Dedicated workspace"", ""Extra pillows and blankets"", ""Bed linens"", ""Kitchen"", ""Wine glasses"", ""Kayak"", ""Luggage dropoff allowed"", ""Hair dryer"", ""Cleaning products"", ""Toaster"", ""Shared BBQ grill: charcoal"", ""Crib"", ""Waterfront"", ""Cooking basics"", ""Free dryer \u2013 In unit"", ""Hangers"", ""Hot water"", ""Central air conditioning"", ""Oven"", ""Wifi"", ""Room-darkening shades"", ""Shampoo"", ""Iron"", ""Refrigerator"", ""Dishes and silverware"", ""Hammock"", ""Essentials"", ""Long term stays allowed"", ""Barbecue utensils"", ""Private patio or balcony"", ""Bathtub"", ""First aid kit"", ""Baking sheet"", ""Free washer \u2013 In unit"", ""Bikes"", ""TV"", ""Safe"", ""Blender"", ""Pool view"", ""Microwave"", ""Free parking on premises"", ""Clothing storage: closet and dresser"", ""Dishwasher"", ""Beach essentials"", ""Shared outdoor pool - available all year, open 24 hours, infinity"", ""Fire extinguisher"", ""Self check-in"", ""Freezer"", ""Beach view"", ""Building staff"", ""Conditioner"", ""Smoke alarm"", ""Dining table"", ""Sea view"", ""Stainless steel electric stove"", ""Private beach access \u2013 Beachfront"", ""Outdoor furniture"", ""Private living room"", ""Body soap"", ""Private entrance"", ""Ceiling fan"", ""Coffee maker""]",,3,1125,t,7,24,50,317,2025-03-23,8,5,0,236,6,30,,2023-01-07,2024-08-04,5.0,5.0,5.0,4.63,5.0,4.5,4.75,,t,8
1612,1612,city scrape,Lighthouse Beach Villa La Isla #7,"There are 11 units for rental in the Athens Gate at Lighthouse Beach Resort.  If you are interested in this property and this one is not available please look at our other 2 and 3 bedroom villas that may better suit your needs.  This resort is located in the Quiet Holiday Lands subdivision and is on the Ocean Side (Ocean Front) of the Island 1/2 Mi south of Mahogany Bay.  Black Orchid Restaurant, Marin's supermarket and Somewhere South are within walking distance.2.5 Miles South of San Pedro just steps from the Southside Security Station.",411655273,2021-07-08,within an hour,90%,t,"['email', 'phone']",t,t,Belize Islands,Belize,17.91844,-87.96464,Room in aparthotel,Private room,4,1.0,2.0,2.0,"[""BBQ grill"", ""Dedicated workspace"", ""Extra pillows and blankets"", ""Air conditioning"", ""Bed linens"", ""Kitchen"", ""Wine glasses"", ""Kayak"", ""Luggage dropoff allowed"", ""Hair dryer"", ""Cleaning products"", ""Resort access"", ""Toaster"", ""Outdoor dining area"", ""Crib"", ""Waterfront"", ""Cooking basics"", ""Washer"", ""Shared pool - available all year"", ""Ocean view"", ""Free dryer \u2013 In unit"", ""Hangers"", ""Hot water"", ""Wifi"", ""Room-darkening shades"", ""Shampoo"", ""Iron"", ""Refrigerator"", ""Dishes and silverware"", ""Hammock"", ""Essentials"", ""Barbecue utensils"", ""Private patio or balcony"", ""Bathtub"", ""First aid kit"", ""Stainless steel stove"", ""Baking sheet"", ""Bikes"", ""Stainless steel oven"", ""TV"", ""Safe"", ""Blender"", ""Pool view"", ""Beach access \u2013 Beachfront"", ""Microwave"", ""Free parking on premises"", ""Clothing storage: closet and dresser"", ""Dishwasher"", ""Beach essentials"", ""Self check-in"", ""Fire extinguisher"", ""Freezer"", ""Beach view"", ""Building staff"", ""Conditioner"", ""Smoke alarm"", ""Dining table"", ""Sea view"", ""Outdoor furniture"", ""Private living room"", ""Body soap"", ""Private entrance"", ""Ceiling fan"", ""Coffee maker""]",$757.00,3,1125,t,13,37,53,320,2025-03-23,12,7,0,239,5,42,31794.0,2022-02-12,2025-02-04,4.92,5.0,4.92,4.83,5.0,5.0,4.83,,t,8
1613,1613,city scrape,Lighthouse Beach Villa Vista Azul #12,"There are 11 units for rental in the Athens Gate at Lighthouse Beach Resort.  If you are interested in this property and this one is not available please look at our other 2 and 3 bedroom villas that may better suit your needs.  This resort is located in the Quiet Holiday Lands subdivision and is on the Ocean Side (Ocean Front) of the Island 1/2 Mi south of Mahogany Bay.  Black Orchid Restaurant, Marin's supermarket and Somewhere South are within walking distance.  Located 2.5 Miles South of San Pedro just steps from the Southside Security Station.",411655273,2021-07-08,within an hour,90%,t,"['email', 'phone']",t,t,Belize Islands,Belize,17.88428,-87.98638,Room in aparthotel,Private room,4,2.0,2.0,2.0,"[""BBQ grill"", ""Dedicated workspace"", ""Extra pillows and blankets"", ""Bed linens"", ""Kitchen"", ""Wine glasses"", ""Kayak"", ""Pack \u2019n play/Travel crib"", ""Luggage dropoff allowed"", ""Hair dryer"", ""Cleaning products"", ""Toaster"", ""Crib"", ""Waterfront"", ""Cooking basics"", ""Shared pool - available all year"", ""Ocean view"", ""Free dryer \u2013 In unit"", ""Hangers"", ""Hot water"", ""Central air conditioning"", ""Wifi"", ""Room-darkening shades"", ""Shampoo"", ""Iron"", ""Refrigerator"", ""Dishes and silverware"", ""Hammock"", ""Essentials"", ""Long term stays allowed"", ""Barbecue utensils"", ""Private patio or balcony"", ""Bathtub"", ""First aid kit"", ""Baking sheet"", ""Free washer \u2013 In unit"", ""Bikes"", ""Stainless steel oven"", ""TV"", ""Safe"", ""Pool view"", ""Beach access \u2013 Beachfront"", ""Microwave"", ""Free parking on premises"", ""Clothing storage: closet and dresser"", ""Dishwasher"", ""Beach essentials"", ""Self check-in"", ""Fire extinguisher"", ""Freezer"", ""Beach view"", ""Building staff"", ""Conditioner"", ""Dining table"", ""Sea view"", ""Stainless steel electric stove"", ""Exterior security cameras on property"", ""Outdoor furniture"", ""Private living room"", ""Body soap"", ""Private entrance"", ""Ceiling fan"", ""Coffee maker""]",$757.00,3,1125,t,12,38,52,128,2025-03-23,25,14,3,128,14,84,63588.0,2021-08-31,2025-03-15,5.0,5.0,4.92,5.0,4.96,4.72,4.84,,t,8
1618,1618,previous scrape,"Stunning views ‘Deluxe Cabana’, walk to town- CPH",Our tour desk can assist in arranging canopy tours and other nature outings where guest can visit below places..<br /><br /> Cahal Pech Mayan Ruins    0.1 mi<br /> Xunantunich                           6 mi<br /> San Ignacio Market              0.8 mi<br /> Belize Botanical Gardens   3.7 mi<br /> San Ignacio & Santa Elena House of Culture  0.6 mi<br /> Belize Botanic Gardens        6.2 mi<br /> Green Iguana Conservation Project   0.5 mi<br /> Sa'c Tunich                                4.1 mi<br /> Branch Mouth                          0.4 mi<br /> Ajaw Chocolate & Crafts  0.5 mi<br /> Ocean Spirit Fire Temple    4.5 mi<br /> Masewal Forest Garden Medicinal Trail  0.7 mi,411601578,2021-07-08,within an hour,100%,f,['phone'],t,t,Cayo,Cayo,17.14313,-89.07787,Private room in resort,Private room,4,,1.0,,"[""Dedicated workspace"", ""Extra pillows and blankets"", ""Air conditioning"", ""Bed linens"", ""Laundromat nearby"", ""Luggage dropoff allowed"", ""Hair dryer"", ""Shared backyard"", ""Outdoor dining area"", ""Free resort access"", ""Hangers"", ""Hot water"", ""Pool"", ""Wifi"", ""Shampoo"", ""Iron"", ""Hammock"", ""Paid dryer \u2013 In building"", ""Essentials"", ""Long term stays allowed"", ""Shower gel"", ""Cleaning available during stay"", ""Private patio or balcony"", ""First aid kit"", ""TV"", ""Safe"", ""Free parking on premises"", ""Fire extinguisher"", ""Conditioner"", ""Smoke alarm"", ""Clothing storage"", ""Outdoor furniture"", ""Paid washer \u2013 In building"", ""Body soap"", ""Private entrance""]",,2,365,t,28,58,88,363,2025-03-23,0,0,0,282,0,0,,,,,,,,,,,,f,7
1619,1619,city scrape,"Panoramic views, std cabana, veranda, hammock- CPH",Our tour desk can assist in arranging canopy tours and other nature outings where guest can visit below places..<br /><br /> Cahal Pech Mayan Ruins    0.1 mi<br /> Xunantunich                           6 mi<br /> San Ignacio Market              0.8 mi<br /> Belize Botanical Gardens   3.7 mi<br /> San Ignacio & Santa Elena House of Culture  0.6 mi<br /> Belize Botanic Gardens        6.2 mi<br /> Green Iguana Conservation Project   0.5 mi<br /> Sa'c Tunich                                4.1 mi<br /> Branch Mouth                          0.4 mi<br /> Ajaw Chocolate & Crafts  0.5 mi<br /> Ocean Spirit Fire Temple    4.5 mi<br /> Masewal Forest Garden Medicinal Trail  0.7 mi,411601578,2021-07-08,within an hour,100%,f,['phone'],t,t,Cayo,Cayo,17.14187,-89.07774,Private room in resort,Private room,3,1.0,1.0,0.0,"[""Dedicated workspace"", ""Extra pillows and blankets"", ""Air conditioning"", ""Bed linens"", ""Valley view"", ""Luggage dropoff allowed"", ""Hair dryer"", ""Shared backyard"", ""Outdoor dining area"", ""Free resort access"", ""Hangers"", ""Hot water"", ""Pool"", ""Wifi"", ""Shampoo"", ""Iron"", ""Paid dryer \u2013 In building"", ""Essentials"", ""Long term stays allowed"", ""Shower gel"", ""Cleaning available during stay"", ""Private patio or balcony"", ""First aid kit"", ""TV"", ""Safe"", ""Free parking on premises"", ""Fire extinguisher"", ""Conditioner"", ""Smoke alarm"", ""Clothing storage"", ""City skyline view"", ""Outdoor furniture"", ""Paid washer \u2013 In building"", ""Body soap"", ""Private entrance"", ""Lake view"", ""Garden view""]",$343.00,2,365,t,29,59,89,364,2025-03-23,8,1,0,283,1,6,2058.0,2023-01-24,2024-12-27,4.63,4.63,4.63,4.88,4.88,5.0,4.38,,f,7
1620,1620,city scrape,"Sunset Cabana Delightful hilltop view, one bedroom and a spacious  veranda",,407523414,2021-06-16,within an hour,100%,f,"['email', 'phone']",t,t,Cayo,Cayo,17.222677068775276,-88.92261889655367,Entire place,Entire home/apt,2,1.0,1.0,1.0,"[""Fire extinguisher"", ""Dedicated workspace"", ""Washer"", ""Smoke alarm"", ""First aid kit"", ""Air conditioning"", ""Wifi"", ""Kitchen"", ""Host greets you"", ""Free parking on premises"", ""Outdoor dining area""]",$160.00,2,365,t,30,60,90,364,2025-03-23,1,1,0,284,1,6,960.0,2024-12-22,2024-12-22,5.0,5.0,4.0,5.0,5.0,5.0,5.0,,f,1
1621,1621,city scrape,Cheerful furnished 3 bedroom home,,413168495,2021-07-15,within an hour,100%,f,"['email', 'phone']",t,t,Toledo Mainland,Toledo,16.09633,-88.80743,Entire home,Entire home/apt,10,3.0,1.0,5.0,"[""Fire extinguisher"", ""Dedicated workspace"", ""Washer"", ""Smoke alarm"", ""Air conditioning"", ""TV"", ""Exterior security cameras on property"", ""Wifi"", ""Kitchen"", ""Free parking on premises""]",$450.00,1,365,t,29,59,89,363,2025-03-23,2,2,0,283,2,12,5400.0,2024-08-18,2024-11-17,5.0,5.0,4.5,5.0,5.0,5.0,5.0,,t,2
1622,1622,previous scrape,Luxury Cottage with private Jacuzzi,,413377930,2021-07-16,,,f,"['email', 'phone']",t,f,Orange Walk,Orange Walk,17.53823,-89.11015,Private room in nature lodge,Private room,6,,2.0,,"[""Fire extinguisher"", ""Smoke alarm"", ""Outdoor shower"", ""Air conditioning"", ""Pool"", ""Wifi"", ""Hot tub"", ""Free parking on premises"", ""Outdoor dining area""]",,1,365,,0,0,0,0,2025-03-23,0,0,0,0,0,0,,,,,,,,,,,,f,1
1630,1630,previous scrape,Lovely 1-Bedroom vacation Rental in Belize City,,413921688,2021-07-19,,,f,"['email', 'phone']",f,f,Belize Mainland,Belize,17.51302,-88.21141,Entire condo,Entire home/apt,2,,1.0,,"[""Organic shampoo"", ""Ethernet connection"", ""Dedicated workspace"", ""Extra pillows and blankets"", ""Air conditioning"", ""Bed linens"", ""Kitchen"", ""Wine glasses"", ""Bluetooth sound system"", ""Hair dryer"", ""Cleaning products"", ""Stove"", ""Cooking basics"", ""Washer"", ""Pets allowed"", ""Free dryer \u2013 In unit"", ""Hangers"", ""Hot water"", ""Portable fans"", ""Wifi"", ""Refrigerator"", ""Iron"", ""Dishes and silverware"", ""Hot water kettle"", ""Essentials"", ""Long term stays allowed"", ""Barbecue utensils"", ""Baking sheet"", ""Coffee maker: drip coffee maker"", ""TV"", ""Safe"", ""Blender"", ""Organic  body soap"", ""Organic  conditioner"", ""Microwave"", ""Coffee"", ""Fire extinguisher"", ""Smoke alarm"", ""Free driveway parking on premises""]",,1,365,,0,0,0,0,2025-03-23,0,0,0,0,0,0,,,,,,,,,,,,f,1
1640,1640,city scrape,Seabrook’s Sunshine Villa,"The house is located in a soon to be gated community across the road from the Jaguar Reef Resort in Hopkins. Called ""Hotel Row' we are actually about a kilometre from Hopkins Village. As a guest you are afforded full access to the Jaguar Reef Resort's amenities including bars, pools and dining and the ocean.",416972976,2021-08-05,a few days or more,0%,f,['phone'],t,t,Stann Creek Mainland,Stann Creek,16.83781,-88.27221,Entire bungalow,Entire home/apt,6,2.0,2.0,2.0,"[""BBQ grill"", ""Ethernet connection"", ""Smoking allowed"", ""Bed linens"", ""Fridgidaire stainless steel electric stove"", ""Kitchen"", ""Wine glasses"", ""Laundromat nearby"", ""Luggage dropoff allowed"", ""Cleaning products"", ""Toaster"", ""Outdoor dining area"", ""Waterfront"", ""Cooking basics"", ""Shared beach access \u2013 Beachfront"", ""Free resort access"", ""Free dryer \u2013 In unit"", ""Hangers"", ""Hot water"", ""Central air conditioning"", ""Fridgidaire refrigerator"", ""Wifi"", ""Host greets you"", ""Room-darkening shades"", ""Iron"", ""Dishes and silverware"", ""Carbon monoxide alarm"", ""Hot water kettle"", ""Essentials"", ""Long term stays allowed"", ""Free street parking"", ""Cleaning available during stay"", ""Barbecue utensils"", ""Private patio or balcony"", ""Bathtub"", ""Baking sheet"", ""Free washer \u2013 In unit"", ""Coffee maker: drip coffee maker"", ""Private backyard \u2013 Not fully fenced"", ""Free driveway parking on premises \u2013 3 spaces"", ""Single level home"", ""55 inch HDTV with Amazon Prime Video, HBO Max, Netflix, premium cable"", ""Blender"", ""Microwave"", ""Dishwasher"", ""Fire extinguisher"", ""Freezer"", ""Smoke alarm"", ""Clothing storage: walk-in closet, closet, and dresser"", ""Drying rack for clothing"", ""Exterior security cameras on property"", ""Outdoor furniture"", ""Frigidaire stainless steel oven"", ""Private entrance"", ""Ceiling fan""]",$362.00,5,60,t,29,59,89,364,2025-03-23,5,0,0,283,0,0,0.0,2021-12-04,2022-09-24,4.8,4.8,5.0,4.8,5.0,5.0,5.0,,f,1
1651,1651,previous scrape,Shedrock Shangrila Beachfront Ocean Breeze Suite,"Hopkins, Belize is a coastal village in  southern Belize.  Hopkins is known for it's warm hospitality, beautiful coastline and unique Garifuna culture.  Hopkins was recently voted ""The Friendliest Village in Belize"" by Belize's First Magazine.<br /><br />Hopkins boasts a rustic local vibe with many local and upscale restaurants, small bars and gift shops.<br /><br />Excursions from Hopkins are endless.   You can enjoy scuba diving, Discover Scuba (if not certified), ziplining and hiking at Bocawina Rainforest, Mayan Chocolate tour, Cave tubing, snorkeling, bird watching, island hoping, fishing, Maya River tours, monkey river tour in Placencia and much more. <br /><br />If  you prefer to rest and relax,  you may enjoy miles of public beaches.  The local beaches are open to all guests.  <br /><br />For ultimate relaxation,  lounge on the rooftop deck at Shedrock Shangrila where you can pull up a lounger, take a dip in the pool and enjoy a cool beverage while enjoying a breathtaking 360 d",416888107,2021-08-04,within a day,100%,f,"['email', 'phone']",t,t,Stann Creek Mainland,Stann Creek,16.83346,-88.26336,Room in boutique hotel,Private room,4,,1.0,,"[""BBQ grill"", ""Free dryer \u2013 In building"", ""Backyard"", ""Extra pillows and blankets"", ""Bed linens"", ""Kitchen"", ""Kayak"", ""Luggage dropoff allowed"", ""Hair dryer"", ""Cleaning products"", ""Stove"", ""Toaster"", ""Outdoor dining area"", ""Waterfront"", ""Cooking basics"", ""Shared beach access \u2013 Beachfront"", ""Free resort access"", ""Pack \u2019n play/Travel crib - available upon request"", ""Free washer \u2013 In building"", ""Hangers"", ""Hot water"", ""Wifi"", ""Host greets you"", ""Room-darkening shades"", ""Shampoo"", ""Iron"", ""Carbon monoxide alarm"", ""Refrigerator"", ""Dishes and silverware"", ""Essentials"", ""Hammock"", ""Free street parking"", ""Long term stays allowed"", ""Cleaning available during stay"", ""Barbecue utensils"", ""Private patio or balcony"", ""First aid kit"", ""Baking sheet"", ""Bikes"", ""Coffee maker: drip coffee maker"", ""Stainless steel oven"", ""Standalone high chair - available upon request"", ""Safe"", ""Blender"", ""Private outdoor pool - available all year, heated, rooftop, saltwater"", ""Fire pit"", ""Microwave"", ""Coffee"", ""Free parking on premises"", ""Beach essentials"", ""Sun loungers"", ""Fire extinguisher"", ""Freezer"", ""Beach view"", ""Conditioner"", ""Smoke alarm"", ""AC - split type ductless system"", ""Exterior security cameras on property"", ""Outdoor furniture"", ""55 inch HDTV with Netflix"", ""Body soap"", ""Private entrance"", ""Ceiling fan"", ""Clothing storage: closet""]",,4,365,t,14,35,45,232,2025-03-23,1,0,0,181,1,0,,2024-02-17,2024-02-17,5.0,5.0,5.0,5.0,5.0,5.0,5.0,,f,3
1652,1652,previous scrape,Shedrock Shangrila Beachfront Seashore Suite,"Hopkins, Belize is a coastal village in  southern Belize.  Hopkins is known for it's warm hospitality, beautiful coastline and unique Garifuna culture.  Hopkins was recently voted ""The Friendliest Village in Belize"" by Belize's First Magazine.<br /><br />Hopkins boasts a rustic local vibe with many local and upscale restaurants, small bars and gift shops.<br /><br />Excursions from Hopkins are endless.   You can enjoy scuba diving, Discover Scuba (if not certified), ziplining and hiking at Bocawina Rainforest, Mayan Chocolate tour, Cave tubing, snorkeling, bird watching, island hopping, fishing, Maya River tours, monkey river tour in Placencia and much more. <br /><br />If  you prefer to rest and relax,  you may enjoy miles of public beaches.  The local beaches are open to all guests.  <br /><br />For ultimate relaxation,  lounge on the rooftop deck at Shedrock Shangrila where you can pull up a lounger, take a dip in the pool and enjoy a cool beverage while enjoying a breathtaking 360 ",416888107,2021-08-04,within a day,100%,f,"['email', 'phone']",t,t,Stann Creek Mainland,Stann Creek,16.83371,-88.26255,Room in boutique hotel,Private room,4,,1.0,,"[""BBQ grill"", ""Free dryer \u2013 In building"", ""Private outdoor pool - available all year, open 24 hours, heated, rooftop, saltwater"", ""Extra pillows and blankets"", ""Air conditioning"", ""Bed linens"", ""Kitchen"", ""Kayak"", ""Luggage dropoff allowed"", ""Hair dryer"", ""Cleaning products"", ""Shared backyard \u2013 Not fully fenced"", ""Stove"", ""Toaster"", ""Outdoor dining area"", ""Waterfront"", ""Cooking basics"", ""Washer"", ""Ocean view"", ""Pack \u2019n play/Travel crib - available upon request"", ""Hangers"", ""Hot water"", ""Oven"", ""Portable fans"", ""Wifi"", ""Host greets you"", ""Room-darkening shades"", ""Shampoo"", ""Iron"", ""Carbon monoxide alarm"", ""Refrigerator"", ""Dishes and silverware"", ""Essentials"", ""Hammock"", ""Free street parking"", ""Long term stays allowed"", ""Cleaning available during stay"", ""Barbecue utensils"", ""Private patio or balcony"", ""First aid kit"", ""Baking sheet"", ""Bikes"", ""Children\u2019s dinnerware"", ""Mountain view"", ""Coffee maker: drip coffee maker"", ""Standalone high chair - available upon request"", ""Safe"", ""Blender"", ""Shared beach access"", ""Pool view"", ""Fire pit"", ""Microwave"", ""Coffee"", ""Free parking on premises"", ""Beach essentials"", ""Sun loungers"", ""Fire extinguisher"", ""Freezer"", ""Beach view"", ""Conditioner"", ""Smoke alarm"", ""Sea view"", ""Exterior security cameras on property"", ""54 inch HDTV"", ""Outdoor furniture"", ""Body soap"", ""Private entrance"", ""Ceiling fan"", ""Clothing storage: closet""]",,4,730,t,14,35,45,232,2025-03-23,0,0,0,181,0,0,,,,,,,,,,,,f,3
1655,1655,city scrape,Shedrock Shangrila Penthouse Suite,,416888107,2021-08-04,within a day,100%,f,"['email', 'phone']",t,t,Stann Creek Mainland,Stann Creek,16.83364,-88.26245,Room in boutique hotel,Private room,6,2.0,1.0,3.0,"[""BBQ grill"", ""Boat slip"", ""Dedicated workspace"", ""Backyard"", ""Extra pillows and blankets"", ""Bed linens"", ""Kitchen"", ""Wine glasses"", ""Kayak"", ""Luggage dropoff allowed"", ""Hair dryer"", ""Cleaning products"", ""Toaster"", ""Outdoor dining area"", ""Waterfront"", ""Dryer \u2013\u00a0In unit"", ""Cooking basics"", ""Washer"", ""Pets allowed"", ""Free resort access"", ""Pack \u2019n play/Travel crib - available upon request"", ""Hangers"", ""Hot water"", ""Oven"", ""Wifi"", ""Host greets you"", ""Room-darkening shades"", ""Shampoo"", ""Iron"", ""Carbon monoxide alarm"", ""Refrigerator"", ""Dishes and silverware"", ""Essentials"", ""Hammock"", ""Free street parking"", ""Long term stays allowed"", ""Free driveway parking on premises \u2013 6 spaces"", ""Cleaning available during stay"", ""Barbecue utensils"", ""Private patio or balcony"", ""Bathtub"", ""First aid kit"", ""Stainless steel stove"", ""Baking sheet"", ""Coffee maker: drip coffee maker"", ""Outdoor shower"", ""Bikes"", ""Standalone high chair - available upon request"", ""Safe"", ""Blender"", ""Shared beach access"", ""Private outdoor pool - available all year, heated, rooftop, saltwater"", ""Fire pit"", ""Microwave"", ""Coffee"", ""Beach essentials"", ""Dishwasher"", ""Sun loungers"", ""Fire extinguisher"", ""Freezer"", ""Conditioner"", ""Smoke alarm"", ""Dining table"", ""AC - split type ductless system"", ""Exterior security cameras on property"", ""54 inch HDTV"", ""Outdoor furniture"", ""Private living room"", ""Private entrance"", ""Ceiling fan"", ""Clothing storage: closet""]",$757.00,4,365,t,21,42,52,239,2025-03-23,1,0,0,188,1,0,0.0,2024-02-17,2024-02-17,5.0,5.0,5.0,5.0,5.0,5.0,5.0,,f,3
1658,1658,city scrape,Beautiful place Close to everything,,420151456,2021-08-25,within an hour,100%,f,"['email', 'phone']",t,t,Cayo,Cayo,17.23664,-88.7808,Entire home,Entire home/apt,4,1.0,2.0,2.0,"[""BBQ grill"", ""Ethernet connection"", ""Dedicated workspace"", ""Backyard"", ""Extra pillows and blankets"", ""Bed linens"", ""Private hot tub"", ""Kitchen"", ""Wine glasses"", ""Hair dryer"", ""Cleaning products"", ""Toaster"", ""Outdoor dining area"", ""Window guards"", ""Cooking basics"", ""Free dryer \u2013 In unit"", ""Hangers"", ""Hot water"", ""Oven"", ""Wifi"", ""Electric stove"", ""Room-darkening shades"", ""Shampoo"", ""Iron"", ""Refrigerator"", ""Dishes and silverware"", ""Hot water kettle"", ""Essentials"", ""Long term stays allowed"", ""Free street parking"", ""40 inch HDTV with standard cable"", ""Private patio or balcony"", ""Bathtub"", ""First aid kit"", ""Baking sheet"", ""Free washer \u2013 In unit"", ""Blender"", ""Microwave"", ""Coffee"", ""Free parking on premises"", ""Clothing storage: walk-in closet"", ""Dishwasher"", ""Conditioner"", ""Dining table"", ""AC - split type ductless system"", ""Drying rack for clothing"", ""Baby safety gates"", ""Outdoor furniture"", ""Private entrance"", ""Ceiling fan"", ""Coffee maker""]",$100.00,2,365,t,27,55,85,174,2025-03-23,70,28,3,174,25,168,16800.0,2021-09-07,2025-03-10,4.56,4.69,4.74,4.74,4.83,4.43,4.64,,t,2
1660,1660,city scrape,Charming 1 Bedroom on the upper flat with balcony.,,421322150,2021-09-02,within an hour,97%,t,"['email', 'phone']",t,t,Belize Mainland,Belize,17.50318,-88.19043,Room in boutique hotel,Hotel room,2,1.0,1.0,1.0,"[""Elevator"", ""TV with Fire TV"", ""Dedicated workspace"", ""Air conditioning"", ""Bed linens"", ""Mini fridge"", ""Laundromat nearby"", ""Luggage dropoff allowed"", ""Hair dryer"", ""Smart lock"", ""Hangers"", ""Hot water"", ""Wifi"", ""Shampoo"", ""Iron"", ""Heating"", ""Essentials"", ""Free street parking"", ""Long term stays allowed"", ""First aid kit"", ""Coffee maker: drip coffee maker"", ""Safe"", ""Microwave"", ""Coffee"", ""Free parking on premises"", ""Self check-in"", ""Fire extinguisher"", ""Clothing storage: wardrobe and dresser"", ""Conditioner"", ""Smoke alarm"", ""Exterior security cameras on property"", ""Body soap""]",$172.00,1,1125,t,12,42,72,245,2025-03-23,89,12,3,245,8,72,12384.0,2021-10-02,2025-03-20,4.88,4.87,4.91,4.91,4.9,4.47,4.76,,t,14
1668,1668,city scrape,"Villa Tipsy Gecko - Caribbean, Private Pool, Chef",Situated on the Caribbean with a private beach.  The property is 1 mile from Maya Beach and a 30 minute drive to Placencia Village.,423586426,2021-09-18,within an hour,100%,f,['phone'],f,t,Stann Creek Mainland,Stann Creek,16.63064,-88.34482,Entire villa,Entire home/apt,13,4.5,5.0,6.0,"[""BBQ grill"", ""Private pool"", ""Extra pillows and blankets"", ""Air conditioning"", ""Bed linens"", ""Kitchen"", ""Wine glasses"", ""Kayak"", ""Hair dryer"", ""Resort access"", ""Stove"", ""Toaster"", ""Outdoor dining area"", ""Waterfront"", ""Private beach access"", ""Cooking basics"", ""Hangers"", ""Hot water"", ""Oven"", ""Portable fans"", ""Wifi"", ""Shampoo"", ""Iron"", ""Refrigerator"", ""Dishes and silverware"", ""Essentials"", ""Private patio or balcony"", ""First aid kit"", ""Bikes"", ""Central heating"", ""TV"", ""Safe"", ""Blender"", ""Microwave"", ""Free parking on premises"", ""Free washer"", ""Dishwasher"", ""Fire extinguisher"", ""Conditioner"", ""Smoke alarm"", ""Dining table"", ""Free dryer"", ""Body soap"", ""Ceiling fan"", ""Coffee maker""]","$2,303.00",6,365,t,10,33,42,233,2025-03-23,16,4,1,168,3,48,110544.0,2022-01-01,2025-03-01,4.94,5.0,4.94,5.0,5.0,5.0,4.81,,f,1
1678,1678,city scrape,"chic upper studio on the beach, wifi.",,426910560,2021-10-11,within an hour,100%,t,"['email', 'phone']",t,t,Belize Islands,Belize,17.98246,-87.92388,Entire rental unit,Entire home/apt,2,1.0,0.0,0.0,"[""BBQ grill"", ""Air conditioning"", ""Bed linens"", ""Mini fridge"", ""Wine glasses"", ""Laundromat nearby"", ""Kayak"", ""Hair dryer"", ""Toaster"", ""Outdoor dining area"", ""Hangers"", ""Hot water"", ""Wifi"", ""Host greets you"", ""Room-darkening shades"", ""Iron"", ""Dishes and silverware"", ""Hammock"", ""Essentials"", ""First aid kit"", ""Outdoor shower"", ""Patio or balcony"", ""Safe"", ""Shared beach access"", ""Microwave"", ""Free parking on premises"", ""Sun loungers"", ""Fire extinguisher"", ""Smoke alarm"", ""Clothing storage"", ""Outdoor furniture"", ""Private entrance"", ""Ceiling fan"", ""Coffee maker""]",$171.00,3,30,t,8,38,49,304,2025-03-23,81,33,3,223,39,198,33858.0,2021-12-30,2025-03-09,4.94,4.83,4.86,4.84,4.96,4.89,4.94,,t,3
1686,1686,previous scrape,Beautiful  Goodness 3bed room Home,,426355301,2021-10-07,,,f,"['email', 'phone']",f,t,Cayo,Cayo,17.09773,-88.94116,Entire home,Entire home/apt,4,,3.0,,"[""BBQ grill"", ""Private pool"", ""Fire extinguisher"", ""Washer"", ""Smoke alarm"", ""First aid kit"", ""Air conditioning"", ""TV"", ""Exterior security cameras on property"", ""Wifi"", ""Kitchen"", ""Fire pit"", ""Paid parking on premises"", ""Indoor fireplace"", ""Carbon monoxide alarm"", ""Free parking on premises"", ""Outdoor dining area""]",,1,300,,0,0,0,0,2025-03-23,0,0,0,0,0,0,,,,,,,,,,,,f,1
1687,1687,city scrape,Lucky Seed House -Beach front-3 bdrm,,427646137,2021-10-16,within an hour,100%,f,"['email', 'phone']",t,t,Belize Islands,Belize,17.9715,-87.92857,Entire bungalow,Entire home/apt,6,2.0,3.0,4.0,"[""BBQ grill"", ""Ethernet connection"", ""Dedicated workspace"", ""Extra pillows and blankets"", ""Bed linens"", ""Dryer \u2013 In building"", ""Kitchen"", ""Wine glasses"", ""Pack \u2019n play/Travel crib"", ""Mabe gas stove"", ""Hair dryer"", ""Kayak"", ""Luggage dropoff allowed"", ""Toaster"", ""Crib"", ""Waterfront"", ""Mabe oven"", ""Cooking basics"", ""Washer"", ""Ocean view"", ""Hangers"", ""Hot water"", ""Portable fans"", ""Refrigerator"", ""Iron"", ""Dishes and silverware"", ""Carbon monoxide alarm"", ""Hammock"", ""Hot water kettle"", ""Essentials"", ""Cleaning available during stay"", ""Barbecue utensils"", ""Private patio or balcony"", ""First aid kit"", ""Baking sheet"", ""Bikes"", ""Children\u2019s dinnerware"", ""Books and reading material"", ""Private backyard \u2013 Not fully fenced"", ""Safe"", ""32 inch TV with standard cable"", ""Blender"", ""Fire pit"", ""Beach access \u2013 Beachfront"", ""Microwave"", ""Standalone high chair"", ""Free parking on premises"", ""Self check-in"", ""Sun loungers"", ""Fire extinguisher"", ""Freezer"", ""Beach view"", ""Building staff"", ""Smoke alarm"", ""Dining table"", ""Sea view"", ""AC - split type ductless system"", ""Outdoor furniture"", ""Body soap"", ""Private entrance"", ""Ceiling fan"", ""Coffee maker"", ""Wifi \u2013 15 Mbps"", ""Clothing storage: closet""]",$590.00,4,60,t,15,34,64,261,2025-03-23,8,4,1,201,3,32,18880.0,2022-12-13,2025-03-06,5.0,5.0,5.0,5.0,5.0,5.0,4.88,,f,1
1692,1692,previous scrape,Double room-Designer-Ensuite with Shower-Courtyard,"Overlooking the Caribbean Sea, The Tree Tops stirs a tasty mélange of Caribbean, Belizean and Italian design elements to create the perfect spot to unwind.<br /><br />The pure, crisp white structure sits within earshot of the Ocean crashing waves.<br /><br />All room have a distinctly Caribbean interior style, with breezy burlap linen curtains and nostalgic yet highly functional overhead ceiling fans.",427948310,2021-10-18,within a day,50%,f,"['email', 'phone']",t,t,Belize Islands,Belize,17.73837,-88.02438,Room in hotel,Private room,2,,1.0,,"[""Backyard"", ""Air conditioning"", ""Bed linens"", ""Hair dryer"", ""Private beach access"", ""HDTV"", ""Gym"", ""Hot water"", ""Wifi"", ""Room-darkening shades"", ""Shampoo"", ""Essentials"", ""Cleaning available during stay"", ""Single level home"", ""Patio or balcony"", ""Courtyard view"", ""Clothing storage: walk-in closet"", ""Fire extinguisher"", ""Smoke alarm""]",,1,365,t,6,14,37,300,2025-03-23,0,0,0,219,0,0,,,,,,,,,,,,t,8
1693,1693,city scrape,"Coastal lower Studio-on the beach, free wifi",Our studio's are located in a private beachfront property on the North Side of the Island of San Pedro,426910560,2021-10-11,within an hour,100%,t,"['email', 'phone']",t,t,Belize Islands,Belize,17.98117,-87.92399,Entire rental unit,Entire home/apt,2,1.0,0.0,1.0,"[""BBQ grill"", ""Air conditioning"", ""Mini fridge"", ""Wine glasses"", ""Laundromat nearby"", ""Kayak"", ""Hair dryer"", ""Toaster"", ""Hangers"", ""Hot water"", ""Wifi"", ""Host greets you"", ""Refrigerator"", ""Room-darkening shades"", ""Iron"", ""Dishes and silverware"", ""Hammock"", ""Essentials"", ""Private patio or balcony"", ""First aid kit"", ""Coffee maker: drip coffee maker"", ""Safe"", ""Beach access \u2013 Beachfront"", ""Microwave"", ""Free parking on premises"", ""Sun loungers"", ""Fire extinguisher"", ""Beach view"", ""Smoke alarm"", ""Clothing storage"", ""Ceiling fan""]",$171.00,3,56,t,21,47,64,338,2025-03-23,55,23,2,258,29,138,23598.0,2022-01-24,2025-02-27,4.87,4.82,4.84,4.87,4.96,4.82,4.76,,t,3
1694,1694,city scrape,Modern Beach Living Villa A,This property is located north of Maya Beach.  There is a gated entry to this private compound and it is directly on the beach.,428398152,2021-10-21,within an hour,100%,f,"['email', 'phone']",t,f,Stann Creek Mainland,Stann Creek,16.6557103,-88.3125578,Entire villa,Entire home/apt,4,2.0,2.0,2.0,"[""BBQ grill"", ""Private outdoor pool"", ""Bed linens"", ""Kitchen"", ""Wine glasses"", ""Kayak"", ""Luggage dropoff allowed"", ""Stove"", ""Toaster"", ""Outdoor dining area"", ""Cooking basics"", ""Ocean view"", ""Shared beach access \u2013 Beachfront"", ""Free dryer \u2013 In unit"", ""Hangers"", ""Hot water"", ""Oven"", ""Window AC unit"", ""Wifi"", ""Shampoo"", ""Iron"", ""Refrigerator"", ""Dishes and silverware"", ""Essentials"", ""Long term stays allowed"", ""First aid kit"", ""Bikes"", ""Free washer \u2013 In unit"", ""Coffee maker: drip coffee maker"", ""Fire pit"", ""Microwave"", ""Self check-in"", ""Dishwasher"", ""Fire extinguisher"", ""Freezer"", ""Beach view"", ""Building staff"", ""Conditioner"", ""Dining table"", ""Sea view"", ""Outdoor furniture"", ""Free driveway parking on premises"", ""Body soap"", ""Ceiling fan"", ""Clothing storage: closet""]",$480.00,2,60,t,16,36,52,292,2025-03-23,77,18,2,237,19,108,51840.0,2021-12-22,2025-03-03,4.82,4.84,4.77,4.78,4.75,4.83,4.75,,t,3
1704,1704,previous scrape,Coral View Hotel Double Balcony Rooms,,413553460,2021-07-17,,,f,"['email', 'phone']",t,f,Belize Islands,Belize,17.743244,-88.025009,Room in hotel,Private room,3,,1.0,,"[""Dedicated workspace"", ""Eco Botanicals shampoo"", ""Air conditioning"", ""Exercise equipment"", ""Mini fridge"", ""Hair dryer"", ""Outdoor dining area"", ""Eco Botanicals conditioner"", ""Shared gym in building"", ""Shared beach access \u2013 Beachfront"", ""Hangers"", ""Hot water"", ""Wifi"", ""Carbon monoxide alarm"", ""Hot water kettle"", ""Essentials"", ""Shower gel"", ""Private patio or balcony"", ""Outdoor shower"", ""TV"", ""Safe"", ""Microwave"", ""Free parking on premises"", ""Fire extinguisher"", ""Shared pool"", ""Smoke alarm"", ""Exterior security cameras on property""]",,1,365,,0,0,0,0,2025-03-23,5,0,0,0,3,0,,2022-07-03,2024-03-14,4.8,5.0,4.8,5.0,4.8,5.0,5.0,,f,2
1705,1705,city scrape,Modern Beach Living Villa B,This property is located north of Maya Beach. The two villas are located directly on the beautiful beach and have gated entry.,428398152,2021-10-21,within an hour,100%,f,"['email', 'phone']",t,f,Stann Creek Mainland,Stann Creek,16.6557103,-88.3125538,Entire villa,Entire home/apt,4,2.0,2.0,2.0,"[""BBQ grill"", ""Private outdoor pool"", ""Bed linens"", ""Kitchen"", ""Wine glasses"", ""Kayak"", ""Luggage dropoff allowed"", ""Hair dryer"", ""Cleaning products"", ""Stove"", ""Toaster"", ""Outdoor dining area"", ""Ocean view"", ""Shared beach access \u2013 Beachfront"", ""Free dryer \u2013 In unit"", ""Hangers"", ""Hot water"", ""Oven"", ""Window AC unit"", ""Wifi"", ""Shampoo"", ""Iron"", ""Refrigerator"", ""Dishes and silverware"", ""Essentials"", ""Long term stays allowed"", ""First aid kit"", ""Bikes"", ""Free washer \u2013 In unit"", ""Coffee maker: drip coffee maker"", ""TV"", ""Blender"", ""Fire pit"", ""Microwave"", ""Free parking on premises"", ""Self check-in"", ""Dishwasher"", ""Fire extinguisher"", ""Freezer"", ""Beach view"", ""Building staff"", ""Conditioner"", ""Smoke alarm"", ""Dining table"", ""Outdoor furniture"", ""Ceiling fan"", ""Clothing storage: closet""]",$400.00,1,60,t,0,0,0,80,2025-03-23,27,6,0,0,13,36,14400.0,2022-03-02,2024-08-26,4.81,4.81,4.81,4.7,4.74,4.74,4.81,,t,3
1706,1706,previous scrape,Coral View Hotel Single Balcony Rooms,,413553460,2021-07-17,,,f,"['email', 'phone']",t,f,Belize Islands,Belize,17.741755,-88.024559,Room in hotel,Private room,2,,1.0,,"[""Dedicated workspace"", ""Eco Botanicals shampoo"", ""Air conditioning"", ""Bed linens"", ""Exercise equipment"", ""Indoor fireplace"", ""Hair dryer"", ""Outdoor dining area"", ""Hangers"", ""Hot water"", ""Wifi"", ""Carbon monoxide alarm"", ""Essentials"", ""Shower gel"", ""Outdoor shower"", ""TV"", ""Safe"", ""Free parking on premises"", ""Self check-in"", ""Fire extinguisher"", ""Building staff"", ""Conditioner"", ""Smoke alarm"", ""Shared pool"", ""Body soap"", ""Ceiling fan""]",,1,365,,0,0,0,0,2025-03-23,30,2,0,0,10,12,,2021-11-26,2024-04-22,4.77,4.87,4.8,4.97,4.73,4.8,4.6,,f,2
1707,1707,city scrape,Casa Blanca & The Pool Club @ Mahogany Bay,"Mahogany Bay Village, Ambergris Caye's premier community.<br /><br />Start your day with your favorite coffee drink at Rum+Bean, grab some tacos or empanadas for lunch, and dine on the freshest sushi imaginable at JYOTO Japanese restaurant by evening. You can even satisfy your sweet tooth at our dessert shop serving homemade ice cream and gourmet donuts. Be sure to sample some of the expertly-crafted cocktails using fresh fruit, housemade infusions, local Belizean liquors, and a whole lot of love at one of the FIVE bars on-site.<br /><br />From the beautiful beaches and azure waters of the Caribbean, to the Maya Mountains and the Pine Ridge, we have an adventure for everyone. Spectacular caves, winding waterfalls, virgin tropical rainforest, and hundreds of limestone caves make for exciting vistas. You will find many ancient Maya ruins and temples that will entice you to learn more of their history.<br /><br />Zip lining through the forest, taking nature walks, sailing the Caribbean, c",429412639,2021-10-28,within an hour,100%,f,"['email', 'phone']",t,t,Belize Islands,Belize,17.89843,-87.97915,Entire home,Entire home/apt,10,2.5,3.0,5.0,"[""Bose Bluetooth sound system"", ""Ethernet connection"", ""Dedicated workspace"", ""Boat slip"", ""Extra pillows and blankets"", ""Bay view"", ""Babysitter recommendations"", ""Bed linens"", ""Kitchen"", ""Wine glasses"", ""Laundromat nearby"", ""Luggage dropoff allowed"", ""Hair dryer"", ""Cleaning products"", ""Toaster"", ""Outdoor dining area"", ""Waterfront"", ""Board games"", ""Cooking basics"", ""HDTV with Netflix"", ""Free washer \u2013 In building"", ""Free dryer \u2013 In unit"", ""Hot water"", ""Hangers"", ""Resort view"", ""Wifi"", ""Host greets you"", ""Shampoo"", ""Room-darkening shades"", ""Iron"", ""Dishes and silverware"", ""Hot water kettle"", ""Essentials"", ""Free street parking"", ""Shower gel"", ""Private patio or balcony"", ""Bathtub"", ""First aid kit"", ""Baking sheet"", ""Central heating"", ""Coffee maker: drip coffee maker"", ""Outdoor shower"", ""Books and reading material"", ""Stainless steel oven"", ""Private backyard \u2013 Not fully fenced"", ""Canal view"", ""Safe"", ""Blender"", ""Microwave"", ""Coffee"", ""Free parking on premises"", ""GE refrigerator"", ""Dishwasher"", ""Beach essentials"", ""Fire extinguisher"", ""Freezer"", ""Conditioner"", ""Smoke alarm"", ""Dining table"", ""Sea view"", ""Clothing storage: walk-in closet, closet, and dresser"", ""Drying rack for clothing"", ""AC - split type ductless system"", ""Stainless steel electric stove"", ""Outdoor furniture"", ""Body soap"", ""Private entrance"", ""Ceiling fan""]",$904.00,3,30,t,14,33,48,305,2025-03-23,71,22,2,231,22,132,119328.0,2022-01-28,2025-02-23,4.93,4.93,4.9,4.92,4.93,4.86,4.92,,t,1
1708,1708,city scrape,"Private Luxury Jungle Villa Near San Ignacio, BZE","Bullet Tree Falls is a village in Cayo District of western Belize. The village is located in the foothills of the Maya Mountains and has a population of about 3000 people, mostly Spanish-speaking mestizos. There is also a significant population of American and Canadian ex-pats living in the area.<br /><br />The village is located along the verdant Mopan River about a 10-minute drive from San Ignacio Town. The two sides of the village are connected by the single-lane Salvador Fernandez Bridge.",394972587,2021-03-31,within an hour,100%,f,"['email', 'phone', 'work_email']",t,t,Cayo,Cayo,17.17072,-89.10942,Entire vacation home,Entire home/apt,2,1.0,1.0,1.0,"[""BBQ grill"", ""Mabe stainless steel gas stove"", ""High chair"", ""Ethernet connection"", ""Dedicated workspace"", ""Samsung refrigerator"", ""Private gym in building"", ""Extra pillows and blankets"", ""Babysitter recommendations"", ""Bed linens"", ""Exercise equipment"", ""Mini fridge"", ""Hammock"", ""Private hot tub"", ""Kitchen"", ""Wine glasses"", ""Laundromat nearby"", ""Luggage dropoff allowed"", ""Hair dryer"", ""Cleaning products"", ""Toaster"", ""Outdoor dining area"", ""Sound system"", ""Crib"", ""Cooking basics"", ""38 inch HDTV with Amazon Prime Video, Apple TV, Netflix"", ""Hangers"", ""Hot water"", ""Central air conditioning"", ""Portable fans"", ""Wifi"", ""Room-darkening shades"", ""Shampoo"", ""Iron"", ""Paid dryer \u2013 In building"", ""Carbon monoxide alarm"", ""Dishes and silverware"", ""Essentials"", ""Hot water kettle"", ""Private backyard \u2013 Fully fenced"", ""Shower gel"", ""Long term stays allowed"", ""Cleaning available during stay"", ""River view"", ""Baby bath"", ""Bathtub"", ""First aid kit"", ""Private patio or balcony"", ""Coffee maker: drip coffee maker"", ""Mountain view"", ""Books and reading material"", ""Stainless steel oven"", ""Safe"", ""Blender"", ""Microwave"", ""Coffee"", ""Free parking on premises"", ""Self check-in"", ""Fire extinguisher"", ""Freezer"", ""Building staff"", ""Conditioner"", ""Smoke alarm"", ""Drying rack for clothing"", ""Trash compactor"", ""Outdoor furniture"", ""Paid washer \u2013 In building"", ""Portable heater"", ""Body soap"", ""Private entrance"", ""Ceiling fan"", ""Garden view"", ""Clothing storage: closet""]",$498.00,1,365,t,14,38,68,343,2025-03-23,7,1,0,262,0,6,2988.0,2021-12-27,2025-01-07,4.86,4.86,5.0,4.86,4.86,4.71,4.86,,f,4
1709,1709,city scrape,Ocean Views In Village 1/1Private Condo 2 Terraces,"Toucan Villas is on main street on the Caye. This<br />condo offers a spectacular view of the sea and<br />street. Go to the private rooftop verandah and<br />watch amazing sunsets. Grocery store,<br />restaurants and water taxi just steps away from<br />this amazing condo<br />The space<br />Perfect location. Just minutes away from<br />everything on the island, water taxi, restaurants,<br />the split. Perfect place to enjoy the views of the<br />sea and sit on the private rooftop verandah and<br />watch the amazing sunset. A perfect place for a<br />romantic getaway, or just to relax and enjoy the<br />island.<br />Guest access<br />we have a full kitchen, coffee, linens, beach<br />towels. Need something? just right down the<br />steps is a store, coffee shop, ice cream store, and<br />gift shop. Block away the sports bar for Friday<br />Jam",410332219,2021-07-01,within an hour,100%,t,"['email', 'phone']",t,t,Belize Islands,Belize,17.743444,-88.023827,Entire condo,Entire home/apt,4,1.0,1.0,2.0,"[""Dedicated workspace"", ""Extra pillows and blankets"", ""Bed linens"", ""Kitchen"", ""Wine glasses"", ""Laundromat nearby"", ""AEG stainless steel gas stove"", ""Hair dryer"", ""Cleaning products"", ""Toaster"", ""Outdoor dining area"", ""Waterfront"", ""Cooking basics"", ""Ocean view"", ""Shared beach access \u2013 Beachfront"", ""Free dryer \u2013 In unit"", ""Hangers"", ""Hot water"", ""Central air conditioning"", ""Room-darkening shades"", ""Shampoo"", ""Iron"", ""Refrigerator"", ""Dishes and silverware"", ""Essentials"", ""Long term stays allowed"", ""Shower gel"", ""46 inch HDTV with Fire TV"", ""Barbecue utensils"", ""Private patio or balcony"", ""Baking sheet"", ""Free washer \u2013 In unit"", ""Central heating"", ""Books and reading material"", ""Stainless steel oven"", ""Safe"", ""Private BBQ grill: gas"", ""Blender"", ""Microwave"", ""Lockbox"", ""Free parking on premises"", ""Clothing storage: closet and dresser"", ""Dishwasher"", ""Beach essentials"", ""Sun loungers"", ""Fire extinguisher"", ""Self check-in"", ""Freezer"", ""Beach view"", ""Smoke alarm"", ""Dining table"", ""Sea view"", ""Exterior security cameras on property"", ""Outdoor furniture"", ""Wifi \u2013 45 Mbps"", ""Body soap"", ""Private entrance"", ""Ceiling fan"", ""Coffee maker""]",$410.00,2,2,t,25,55,85,360,2025-03-23,49,13,1,279,15,78,31980.0,2021-11-08,2025-02-26,4.88,4.88,4.86,4.94,4.92,4.84,4.84,,t,1
1712,1712,previous scrape,Suite-Designer-Ensuite with Shower - Sunrise Suite,"Overlooking the Caribbean Sea, The Tree Tops stirs a tasty mélange of Caribbean, Belizean and Italian design elements to create the perfect spot to unwind.<br /><br />The pure, crisp white structure sits within earshot of the Ocean crashing waves.<br /><br />All room have a distinctly Caribbean interior style, with breezy burlap linen curtains and nostalgic yet highly functional overhead ceiling fans.",427948310,2021-10-18,within a day,50%,f,"['email', 'phone']",t,t,Belize Islands,Belize,17.7398,-88.02433,Room in hotel,Private room,2,,1.0,,"[""Dedicated workspace"", ""Backyard"", ""Air conditioning"", ""Bed linens"", ""Hair dryer"", ""Private beach access"", ""HDTV"", ""Gym"", ""Hangers"", ""Hot water"", ""Wifi"", ""Room-darkening shades"", ""Shampoo"", ""Hot water kettle"", ""Essentials"", ""Cleaning available during stay"", ""Clothing storage: wardrobe"", ""Patio or balcony"", ""Fire extinguisher"", ""Smoke alarm"", ""Sea view""]",,1,365,t,9,27,51,292,2025-03-23,0,0,0,229,0,0,,,,,,,,,,,,t,8
1713,1713,city scrape,Lazy Palm Suites- Easy Breezy Suite- Oceanfront,"Lazy Palm Suites is in the heart of charming Placencia Village. The famous ""Sidewalk"" is 50 feet from the entrance. Placencia Village is filled with shops, restaurants, tour companies and grocery stores... everything you could want within a 10 minute walk. Toucan Jacks- a wonderful watering hole is 15 feet from the building so you can enjoy cocktails all day with your feet in the sand!",430624991,2021-11-06,within an hour,100%,t,"['email', 'phone']",t,t,Stann Creek Mainland,Stann Creek,16.515886,-88.365913,Entire rental unit,Entire home/apt,3,1.0,1.0,2.0,"[""Air conditioning"", ""Bed linens"", ""Kitchen"", ""Wine glasses"", ""Stove"", ""Toaster"", ""Outdoor dining area"", ""Waterfront"", ""Cooking basics"", ""HDTV"", ""Ocean view"", ""Keypad"", ""Hangers"", ""Hot water"", ""Oven"", ""Portable fans"", ""Wifi"", ""Room-darkening shades"", ""Shampoo"", ""Refrigerator"", ""Dishes and silverware"", ""Essentials"", ""Long term stays allowed"", ""Shower gel"", ""Private patio or balcony"", ""First aid kit"", ""Baking sheet"", ""Coffee maker: drip coffee maker"", ""Safe"", ""Beach access \u2013 Beachfront"", ""Microwave"", ""Self check-in"", ""Fire extinguisher"", ""Freezer"", ""Beach view"", ""Conditioner"", ""Smoke alarm"", ""Dining table"", ""Clothing storage"", ""Outdoor furniture"", ""Private entrance"", ""Ceiling fan""]",$708.00,2,365,t,10,23,47,223,2025-03-23,2,2,0,222,2,12,8496.0,2024-09-25,2024-11-24,5.0,5.0,4.5,4.5,5.0,5.0,4.5,,t,5
1726,1726,city scrape,Lazy Palm Suites- Sea La Vie Suite- Oceanfront,"Lazy Palm Suites is in the heart of charming Placencia Village. The famous ""Sidewalk"" is 50 feet from the entrance. Placencia Village is filled with shops, restaurants, tour companies and grocery stores... everything you could want within a 10 minute walk. Toucan Jacks- a wonderful watering hole is 15 feet from the building so you can enjoy cocktails all day with your feet in the sand!",430624991,2021-11-06,within an hour,100%,t,"['email', 'phone']",t,t,Stann Creek Mainland,Stann Creek,16.515701,-88.365845,Entire rental unit,Entire home/apt,3,1.0,1.0,1.0,"[""Air conditioning"", ""Bed linens"", ""Kitchen"", ""Wine glasses"", ""Stove"", ""Toaster"", ""Outdoor dining area"", ""Waterfront"", ""Cooking basics"", ""Ocean view"", ""Keypad"", ""Hot water"", ""Oven"", ""Portable fans"", ""Wifi"", ""Room-darkening shades"", ""Shampoo"", ""Refrigerator"", ""Dishes and silverware"", ""Essentials"", ""Long term stays allowed"", ""Shower gel"", ""Private patio or balcony"", ""First aid kit"", ""Baking sheet"", ""TV"", ""Safe"", ""Beach access \u2013 Beachfront"", ""Microwave"", ""Self check-in"", ""Fire extinguisher"", ""Freezer"", ""Beach view"", ""Conditioner"", ""Smoke alarm"", ""Dining table"", ""Clothing storage"", ""Outdoor furniture"", ""Private entrance"", ""Ceiling fan"", ""Coffee maker""]",$309.00,2,365,t,13,25,49,245,2025-03-23,21,7,1,236,7,42,12978.0,2021-12-11,2025-03-17,4.9,4.95,5.0,4.86,4.95,5.0,4.95,,t,5
1727,1727,city scrape,Lazy Palm Suites- YOLO and No Regrets Combined,"Lazy Palm Suites is in the heart of charming Placencia Village. The famous ""Sidewalk"" is 50 feet from the entrance. Placencia Village is filled with shops, restaurants, tour companies and grocery stores... everything you could want within a 10 minute walk. Toucan Jacks- a wonderful watering hole is 15 feet from the building so you can enjoy cocktails all day with your feet in the sand!",430624991,2021-11-06,within an hour,100%,t,"['email', 'phone']",t,t,Stann Creek Mainland,Stann Creek,16.516,-88.36676,Entire rental unit,Entire home/apt,6,3.0,3.0,1.0,"[""Air conditioning"", ""Bed linens"", ""Kitchen"", ""Wine glasses"", ""Stove"", ""Toaster"", ""Outdoor dining area"", ""Waterfront"", ""Cooking basics"", ""Ocean view"", ""Keypad"", ""Hot water"", ""Oven"", ""Portable fans"", ""Wifi"", ""Room-darkening shades"", ""Shampoo"", ""Refrigerator"", ""Dishes and silverware"", ""Essentials"", ""Long term stays allowed"", ""Shower gel"", ""Private patio or balcony"", ""First aid kit"", ""Baking sheet"", ""TV"", ""Safe"", ""Beach access \u2013 Beachfront"", ""Microwave"", ""Self check-in"", ""Fire extinguisher"", ""Freezer"", ""Beach view"", ""Conditioner"", ""Smoke alarm"", ""Dining table"", ""Clothing storage"", ""Outdoor furniture"", ""Private entrance"", ""Ceiling fan"", ""Coffee maker""]",$708.00,2,365,t,5,17,47,241,2025-03-23,19,7,0,211,7,42,29736.0,2022-06-27,2024-12-29,5.0,4.95,5.0,4.84,5.0,4.89,4.95,,t,5
1728,1728,city scrape,Lazy Palm Suites- YOLO Suite- Oceanfront,"Lazy Palm Suites is in the heart of charming Placencia Village. The famous ""Sidewalk"" is 50 feet from the entrance. Placencia Village is filled with shops, restaurants, tour companies and grocery stores... everything you could want within a 10 minute walk. Toucan Jacks- a wonderful watering hole is 15 feet from the building so you can enjoy cocktails all day with your feet in the sand!",430624991,2021-11-06,within an hour,100%,t,"['email', 'phone']",t,t,Stann Creek Mainland,Stann Creek,16.51673,-88.36689,Entire rental unit,Entire home/apt,4,2.0,2.0,2.0,"[""Air conditioning"", ""Bed linens"", ""Kitchen"", ""Wine glasses"", ""Hair dryer"", ""Stove"", ""Toaster"", ""Outdoor dining area"", ""Waterfront"", ""Cooking basics"", ""Ocean view"", ""Keypad"", ""Hot water"", ""Oven"", ""Portable fans"", ""Wifi"", ""Room-darkening shades"", ""Shampoo"", ""Refrigerator"", ""Dishes and silverware"", ""Essentials"", ""Long term stays allowed"", ""Shower gel"", ""Private patio or balcony"", ""First aid kit"", ""Baking sheet"", ""TV"", ""Safe"", ""Beach access \u2013 Beachfront"", ""Microwave"", ""Self check-in"", ""Fire extinguisher"", ""Freezer"", ""Beach view"", ""Conditioner"", ""Smoke alarm"", ""Dining table"", ""Clothing storage"", ""Outdoor furniture"", ""Private entrance"", ""Ceiling fan"", ""Coffee maker""]",$472.00,2,365,t,8,22,52,246,2025-03-23,26,8,0,216,9,48,22656.0,2022-03-29,2024-12-22,5.0,5.0,4.92,5.0,5.0,5.0,4.85,,t,5
1729,1729,city scrape,Lazy Palm Suites- Easy Breezy & Seal La Vie as one,"Lazy Palm Suites is in the heart of charming Placencia Village. The famous ""Sidewalk"" is 50 feet from the entrance. Placencia Village is filled with shops, restaurants, tour companies and grocery stores... everything you could want within a 10 minute walk. Toucan Jacks- a wonderful watering hole is 15 feet from the building so you can enjoy cocktails all day with your feet in the sand!",430624991,2021-11-06,within an hour,100%,t,"['email', 'phone']",t,t,Stann Creek Mainland,Stann Creek,16.51698,-88.36586,Entire rental unit,Entire home/apt,5,2.0,2.0,3.0,"[""Air conditioning"", ""Bed linens"", ""Kitchen"", ""Wine glasses"", ""Stove"", ""Toaster"", ""Outdoor dining area"", ""Waterfront"", ""Cooking basics"", ""Ocean view"", ""Keypad"", ""Hangers"", ""Hot water"", ""Oven"", ""Portable fans"", ""Wifi"", ""Room-darkening shades"", ""Shampoo"", ""Refrigerator"", ""Dishes and silverware"", ""Essentials"", ""Long term stays allowed"", ""Shower gel"", ""Private patio or balcony"", ""First aid kit"", ""Baking sheet"", ""TV"", ""Safe"", ""Beach access \u2013 Beachfront"", ""Microwave"", ""Self check-in"", ""Fire extinguisher"", ""Freezer"", ""Beach view"", ""Conditioner"", ""Smoke alarm"", ""Dining table"", ""Clothing storage"", ""Outdoor furniture"", ""Private entrance"", ""Ceiling fan"", ""Coffee maker""]",$617.00,2,365,t,4,8,32,207,2025-03-23,4,1,0,207,1,6,3702.0,2022-03-03,2024-06-16,4.75,5.0,4.75,5.0,5.0,5.0,5.0,,t,5
1730,1730,previous scrape,"Cabana, Private Beach, wifi, AC, Pool- Del Rio RCR","Located on the serene palm-studded beaches of Ambergris<br />Caye, with easy road, beach and sea access to San Pedro town’s many bars, restaurants, shopping and other amenities.<br />Our 300’ pier allows easy access for the dive boats to collect our guests and take them on the many wonderful adventures that await them.",411601578,2021-07-08,within an hour,100%,f,['phone'],t,t,Belize Islands,Belize,17.90444,-87.97628,Private room in resort,Private room,2,,1.0,,"[""Backyard"", ""Extra pillows and blankets"", ""Air conditioning"", ""Bed linens"", ""Mini fridge"", ""Laundromat nearby"", ""Kayak"", ""Paid dryer"", ""Hair dryer"", ""Resort access"", ""Luggage dropoff allowed"", ""Toaster"", ""Waterfront"", ""Cooking basics"", ""Hangers"", ""Hot water"", ""Wifi"", ""Shampoo"", ""Iron"", ""Refrigerator"", ""Dishes and silverware"", ""Hammock"", ""Hot water kettle"", ""TV with premium cable"", ""Essentials"", ""Long term stays allowed"", ""Shower gel"", ""Cleaning available during stay"", ""First aid kit"", ""Single level home"", ""Coffee maker: drip coffee maker"", ""Patio or balcony"", ""Microwave"", ""Beach essentials"", ""Fire extinguisher"", ""Conditioner"", ""Smoke alarm"", ""Dining table"", ""Clothing storage"", ""Private beach access \u2013 Beachfront"", ""Body soap"", ""Private entrance"", ""Ceiling fan"", ""Shared outdoor pool""]",,2,1125,t,28,58,88,341,2025-03-23,1,1,0,282,1,6,,2024-04-01,2024-04-01,4.0,4.0,4.0,3.0,3.0,3.0,3.0,,f,7
1733,1733,city scrape,Lovely blue bedroom sea side apartment with pool.,,432194135,2021-11-16,within an hour,88%,f,"['email', 'phone']",t,t,Belize Islands,Belize,17.73135,-88.02837,Entire serviced apartment,Entire home/apt,2,1.0,1.0,2.0,"[""BBQ grill"", ""Fire extinguisher"", ""Dedicated workspace"", ""Shared pool"", ""Smoke alarm"", ""First aid kit"", ""Outdoor shower"", ""Wifi"", ""Kitchen"", ""Free parking on premises""]",$160.00,1,365,t,17,45,75,345,2025-03-23,18,8,1,265,10,48,7680.0,2023-03-03,2025-03-08,4.83,4.78,4.67,4.89,5.0,4.56,4.78,,t,3
1734,1734,city scrape,Lovely green bedroom sea side apartment with pool.,,432194135,2021-11-16,within an hour,88%,f,"['email', 'phone']",t,t,Belize Islands,Belize,17.73251,-88.02794,Entire serviced apartment,Entire home/apt,2,1.0,1.0,1.0,"[""BBQ grill"", ""Fire extinguisher"", ""Dedicated workspace"", ""Shared pool"", ""Smoke alarm"", ""First aid kit"", ""Outdoor shower"", ""Wifi"", ""Kitchen"", ""Refrigerator"", ""Beach access \u2013 Beachfront"", ""Free parking on premises""]",$140.00,1,365,t,15,40,65,320,2025-03-23,29,14,0,244,14,84,11760.0,2022-01-10,2025-02-02,4.76,4.79,4.55,4.9,4.86,4.62,4.69,,t,3
1735,1735,city scrape,Tropical 1 Bedroom Cabana on the Sea (Adults Only),,432320685,2021-11-17,within an hour,100%,f,"['email', 'phone']",t,t,Stann Creek Mainland,Stann Creek,16.610874,-88.353271,Room in hotel,Private room,2,1.0,1.0,3.0,"[""BBQ grill"", ""Dedicated workspace"", ""Backyard"", ""Extra pillows and blankets"", ""Bed linens"", ""Kitchen"", ""Wine glasses"", ""Kayak"", ""Private outdoor pool - available all year, open 24 hours, saltwater"", ""Hair dryer"", ""Cleaning products"", ""Toaster"", ""Outdoor dining area"", ""Waterfront"", ""Private beach access"", ""Cooking basics"", ""Hot water"", ""Portable fans"", ""Wifi"", ""Host greets you"", ""Room-darkening shades"", ""Ceiling Fan Bluetooth Audio Speaker Bluetooth sound system"", ""Iron"", ""Refrigerator"", ""Dishes and silverware"", ""Hot water kettle"", ""Essentials"", ""Rice maker"", ""Stainless steel gas stove"", ""Barbecue utensils"", ""Private patio or balcony"", ""First aid kit"", ""Baking sheet"", ""Bikes"", ""Coffee maker: drip coffee maker"", ""Books and reading material"", ""Stainless steel oven"", ""Single level home"", ""Safe"", ""Blender"", ""Microwave"", ""Coffee"", ""Free parking on premises"", ""Beach essentials"", ""Sun loungers"", ""Fire extinguisher"", ""Freezer"", ""Beach view"", ""Smoke alarm"", ""Dining table"", ""Sea view"", ""Clothing storage: dresser"", ""Drying rack for clothing"", ""AC - split type ductless system"", ""Outdoor furniture"", ""55 inch HDTV with Amazon Prime Video, Apple TV, Chromecast, Disney+, HBO Max, Hulu, Netflix"", ""Private living room"", ""Body soap"", ""Private entrance"", ""Ceiling fan""]",$577.00,3,21,t,30,60,90,365,2025-03-23,21,7,1,284,5,42,24234.0,2021-12-10,2025-03-12,5.0,4.95,5.0,4.95,5.0,4.95,4.9,,t,1
1738,1738,city scrape,"Cabana, Private beach, pool, Wifi, AC -Coconut RCR","The property features a private outdoor beachside pool, a beachside bar and restaurant called Toast, a two-lane outdoor bowling alley, a full-service concierge and an on-site diving center -  that can take you on all types of trips and places.",411601578,2021-07-08,within an hour,100%,f,['phone'],t,t,Belize Islands,Belize,17.92207,-87.96051,Private room in resort,Private room,3,1.0,1.0,2.0,"[""Extra pillows and blankets"", ""Air conditioning"", ""Bed linens"", ""Mini fridge"", ""Laundromat nearby"", ""Kayak"", ""Luggage dropoff allowed"", ""Hair dryer"", ""Resort access"", ""Waterfront"", ""Dryer"", ""Cooking basics"", ""Hangers"", ""Oven"", ""Pool"", ""Wifi"", ""Shampoo"", ""Iron"", ""Refrigerator"", ""Dishes and silverware"", ""Hammock"", ""Hot water kettle"", ""Essentials"", ""Long term stays allowed"", ""Cleaning available during stay"", ""Bathtub"", ""First aid kit"", ""Single level home"", ""Patio or balcony"", ""TV"", ""Safe"", ""Beach access \u2013 Beachfront"", ""Microwave"", ""Beach essentials"", ""Fire extinguisher"", ""Smoke alarm"", ""Drying rack for clothing"", ""Clothing storage"", ""Body soap"", ""Private entrance"", ""Ceiling fan"", ""Coffee maker""]",$474.00,2,1125,t,28,58,88,363,2025-03-23,0,0,0,282,0,0,0.0,,,,,,,,,,,f,7
1739,1739,city scrape,The Sea Glass Inn - Gardenview Guestroom,"Set back about 100 yards from Placencia road as well as the famous Placencia sidewalk,  nestled in jungle inspiring giant ficus trees you will find the neighborhood of ""Bakadeer"" as the locals refer to it, or Garden Grove as online maps will show.  The leeward side of the peninsula offers calmer seas as shelter from prevailing winds gifts us with cool breezes as well as serene panoramic views of Placencia Harbor and the sapphire Caribbean Sea.<br /><br />Our unique location allows us to offer a peaceful stay just a short walk from the bustling village, with no need for a vehicle as everything you need is within walking distance.  Restaurants, Markets, Fruit Stands, Nightlife, Gelato, its all right here!  Many excursions and tours leave from the municipal pier which is a short 3 minute stroll away!",432925921,2021-11-21,within an hour,100%,f,"['email', 'phone']",t,t,Stann Creek Mainland,Stann Creek,16.512432,-88.366539,Room in hotel,Private room,2,1.0,1.0,1.0,"[""Ethernet connection"", ""Custom Signature Blend conditioner"", ""Extra pillows and blankets"", ""Air conditioning"", ""Custom Signature Blend shampoo"", ""Bed linens"", ""Alexa Echo Dot Bluetooth sound system"", ""Luggage dropoff allowed"", ""Hair dryer"", ""Outdoor dining area"", ""Board games"", ""Ocean view"", ""Free resort access"", ""Hangers"", ""Hot water"", ""Coffee maker"", ""Room-darkening shades"", ""Iron"", ""Fast wifi \u2013 63 Mbps"", ""Refrigerator"", ""Dishes and silverware"", ""Essentials"", ""Long term stays allowed"", ""Free street parking"", ""Shower gel"", ""First aid kit"", ""Shared patio or balcony"", ""Outdoor shower"", ""Clothing storage: wardrobe"", ""Books and reading material"", ""Safe"", ""Fire pit"", ""Beach access \u2013 Beachfront"", ""Coffee"", ""Shared outdoor kitchen"", ""Beach essentials"", ""Free parking on premises"", ""Sun loungers"", ""Custom Signature Blend body soap"", ""Fire extinguisher"", ""Beach view"", ""Smoke alarm"", ""Sea view"", ""Exterior security cameras on property"", ""Outdoor furniture"", ""Ceiling fan"", ""Garden view""]",$428.00,3,30,t,22,52,82,351,2025-03-23,3,2,0,272,1,12,5136.0,2022-04-20,2025-01-12,5.0,5.0,5.0,5.0,5.0,5.0,5.0,,f,2
1740,1740,previous scrape,Spacious 1-bed condo with pool + ocean/lagoon view,"The Mara Laguna complex is a safe and friendly community. The entrance and the entire property are monitored 24/7 by security guards.  Across the street you will find a stand that sells delicious smoothies and fresh tropical fruit, and a well-stocked grocery store.",432925427,2021-11-21,,,f,"['email', 'phone']",f,f,Belize Islands,Belize,17.93293,-87.95432,Entire condo,Entire home/apt,2,,1.0,,"[""Ethernet connection"", ""Extra pillows and blankets"", ""Air conditioning"", ""Bed linens"", ""Kitchen"", ""Wine glasses"", ""Laundromat nearby"", ""Hair dryer"", ""Cleaning products"", ""Toaster"", ""Lake access"", ""Waterfront"", ""Cooking basics"", ""Ocean view"", ""Free resort access"", ""Hangers"", ""Hot water"", ""Oven"", ""Pool"", ""Wifi"", ""Electric stove"", ""Shampoo"", ""Refrigerator"", ""Dishes and silverware"", ""Hot water kettle"", ""Essentials"", ""Long term stays allowed"", ""Shower gel"", ""Private patio or balcony"", ""Ceiling fan"", ""Coffee maker: drip coffee maker"", ""TV"", ""Blender"", ""Shared beach access"", ""Microwave"", ""Lockbox"", ""Free parking on premises"", ""Self check-in"", ""Freezer"", ""Smoke alarm"", ""Dining table"", ""Clothing storage: dresser"", ""Body soap"", ""Private entrance"", ""Lake view""]",,180,1125,,0,0,0,0,2025-03-23,0,0,0,0,0,0,,,,,,,,,,,,f,1
1742,1742,city scrape,Beautiful Townhome Overlooking the Caribbean,,419334023,2021-08-20,within an hour,100%,f,"['email', 'phone']",t,f,Stann Creek Mainland,Stann Creek,16.5103816986084,-88.37150573730469,Entire condo,Entire home/apt,5,2.5,2.0,3.0,"[""Extra pillows and blankets"", ""Air conditioning"", ""Smoking allowed"", ""Bed linens"", ""Kitchen"", ""Wine glasses"", ""Hair dryer"", ""Cleaning products"", ""Stove"", ""Toaster"", ""Outdoor dining area"", ""Waterfront"", ""Dryer"", ""Washer"", ""Ocean view"", ""HDTV with standard cable"", ""Hangers"", ""Hot water"", ""Wifi"", ""Host greets you"", ""Shampoo"", ""Iron"", ""Refrigerator"", ""Dishes and silverware"", ""Essentials"", ""Long term stays allowed"", ""Free street parking"", ""First aid kit"", ""Outdoor pool"", ""Bikes"", ""Single level home"", ""Clothing storage: wardrobe"", ""Patio or balcony"", ""Canal view"", ""Safe"", ""Blender"", ""Microwave"", ""Fire extinguisher"", ""Freezer"", ""Conditioner"", ""Smoke alarm"", ""Dining table"", ""Outdoor furniture"", ""Private entrance"", ""Ceiling fan"", ""Coffee maker""]",$523.00,2,90,t,23,53,83,345,2025-03-23,4,0,0,266,0,0,0.0,2022-01-24,2022-04-09,3.75,3.75,4.5,4.0,4.5,3.5,3.75,,t,1
1745,1745,city scrape,Itz'ana Resort & Residence- Resort in Placencia,,434568831,2021-12-03,,,f,"['email', 'phone']",t,t,Stann Creek Mainland,Stann Creek,16.5672,-88.36471,Entire villa,Entire home/apt,10,3.5,3.0,5.0,"[""Boat slip"", ""Dedicated workspace"", ""Babysitter recommendations"", ""Bed linens"", ""Kitchen"", ""Wine glasses"", ""Laundromat nearby"", ""Kayak"", ""Luggage dropoff allowed"", ""Hair dryer"", ""Toaster"", ""Outdoor dining area"", ""Waterfront"", ""Cooking basics"", ""Breakfast"", ""Shared beach access \u2013 Beachfront"", ""Pets allowed"", ""Free resort access"", ""Hot water"", ""Central air conditioning"", ""Wifi"", ""Room-darkening shades"", ""Shampoo"", ""Iron"", ""Refrigerator"", ""Dishes and silverware"", ""Essentials"", ""Long term stays allowed"", ""Shower gel"", ""Cleaning available during stay"", ""Stainless steel gas stove"", ""Private patio or balcony"", ""Bathtub"", ""First aid kit"", ""Baking sheet"", ""Coffee maker: drip coffee maker"", ""Outdoor shower"", ""TV"", ""Books and reading material"", ""Paid crib - available upon request"", ""Private BBQ grill: gas"", ""Paid standalone high chair - available upon request"", ""Blender"", ""Fire pit"", ""Private indoor pool - available all year, open 24 hours, lap pool, rooftop"", ""Microwave"", ""Coffee"", ""Free parking on premises"", ""Self check-in"", ""Dishwasher"", ""Sun loungers"", ""Fire extinguisher"", ""Stainless steel double oven"", ""Beach view"", ""Building staff"", ""Conditioner"", ""Smoke alarm"", ""Dining table"", ""AC - split type ductless system"", ""Baby safety gates"", ""Trash compactor"", ""Outdoor furniture"", ""Ceiling fan"", ""Clothing storage: closet""]","$5,081.00",1,1125,t,27,56,86,361,2025-03-23,0,0,0,280,0,0,0.0,,,,,,,,,,,t,1
1746,1746,city scrape,On the Beach with Private Pool,,435059298,2021-12-07,within an hour,100%,f,"['email', 'phone']",t,t,Toledo Mainland,Toledo,16.12127,-88.79284,Entire villa,Entire home/apt,3,1.0,1.0,2.0,"[""BBQ grill"", ""Private pool"", ""Dedicated workspace"", ""HDTV with Netflix, Roku"", ""Kitchen"", ""Outdoor dining area"", ""Waterfront"", ""Wifi"", ""Coffee maker"", ""Refrigerator"", ""Dishes and silverware"", ""Carbon monoxide alarm"", ""Private backyard \u2013 Fully fenced"", ""Private patio or balcony"", ""First aid kit"", ""Outdoor shower"", ""Pool view"", ""Beach access \u2013 Beachfront"", ""Fire pit"", ""Courtyard view"", ""Free parking on premises"", ""Fire extinguisher"", ""Beach view"", ""Smoke alarm"", ""Sea view"", ""AC - split type ductless system"", ""Exterior security cameras on property"", ""Private entrance"", ""Garden view""]",$196.00,5,1125,t,30,55,85,359,2025-03-23,5,1,0,279,1,10,1960.0,2023-01-31,2025-02-13,5.0,5.0,5.0,5.0,5.0,5.0,5.0,,f,1
1747,1747,city scrape,Jabiru Stork Suite,"Blease Villa Suites is located in Sandhill Village, New Site, which is a small, peaceful and private neighborhood. It is only a 5-10 minute walking distance to the shopping centers and restaurants and 2 minute walking distance to the bus stop - Safe for walking and exercising.",435105046,2021-12-07,within an hour,100%,t,"['email', 'phone', 'work_email']",t,t,Belize Mainland,Belize,17.64786,-88.37826,Entire guest suite,Entire home/apt,4,1.0,0.0,1.0,"[""Dedicated workspace"", ""Extra pillows and blankets"", ""Bed linens"", ""Mini fridge"", ""Luggage dropoff allowed"", ""Crib - available upon request"", ""Toaster"", ""Outdoor dining area"", ""Shared backyard \u2013 Fully fenced"", ""Cooking basics"", ""Pets allowed"", ""Pack \u2019n play/Travel crib - available upon request"", ""Hangers"", ""Hot water"", ""Portable fans"", ""Wifi"", ""Iron"", ""Dishes and silverware"", ""Paid dryer \u2013 In building"", ""Hot water kettle"", ""Essentials"", ""Long term stays allowed"", ""Free street parking"", ""Shower gel"", ""Single level home"", ""Shared patio or balcony"", ""Coffee maker: drip coffee maker"", ""Clothing storage: wardrobe"", ""Books and reading material"", ""32 inch HDTV with Netflix"", ""Microwave"", ""Coffee"", ""Lockbox"", ""Free parking on premises"", ""Self check-in"", ""AC - split type ductless system"", ""Paid washer \u2013 In building"", ""Body soap"", ""Private entrance"", ""Ceiling fan"", ""BBQ grill: charcoal""]",$86.00,1,1125,t,13,38,61,295,2025-03-23,57,20,3,215,24,120,10320.0,2021-12-27,2025-03-11,4.96,4.89,4.93,4.95,4.96,4.68,4.95,,t,5
1756,1756,city scrape,Villa Tortuga- 3 Bedroom Suite,"The neighbourhood, Boca Siega, is located in a quiet area 3.5 miles south of San Pedro Town.<br /><br />The neighbourhood is away from the crowds making it a perfect place for people looking for tranquillity.",402636567,2021-05-20,within an hour,100%,t,"['email', 'phone']",t,t,Belize Islands,Belize,17.880388,-87.992722,Entire condo,Entire home/apt,8,3.0,3.0,5.0,"[""Elevator"", ""Boat slip"", ""Dedicated workspace"", ""Babysitter recommendations"", ""Bed linens"", ""Kitchen"", ""Wine glasses"", ""Kayak"", ""Luggage dropoff allowed"", ""Hair dryer"", ""Cleaning products"", ""Shared outdoor pool - available all year, open specific hours, infinity, saltwater"", ""Toaster"", ""Outdoor dining area"", ""Waterfront"", ""Cooking basics"", ""Ocean view"", ""HDTV with standard cable"", ""GE stainless steel electric stove"", ""Free dryer \u2013 In unit"", ""Hangers"", ""Hot water"", ""Wifi"", ""Host greets you"", ""Room-darkening shades"", ""Shampoo"", ""Iron"", ""Refrigerator"", ""Pack \u2019n play/Travel crib - always at the listing"", ""Dishes and silverware"", ""Essentials"", ""Hot water kettle"", ""Hammock"", ""Shower gel"", ""Free street parking"", ""Barbecue utensils"", ""Private patio or balcony"", ""First aid kit"", ""Baking sheet"", ""Free washer \u2013 In unit"", ""Children\u2019s dinnerware"", ""Stainless steel oven"", ""Coffee maker: drip coffee maker"", ""Single level home"", ""Safe"", ""Blender"", ""Pool view"", ""Beach access \u2013 Beachfront"", ""Microwave"", ""Coffee"", ""Free parking on premises"", ""Beach essentials"", ""Dishwasher"", ""Fire extinguisher"", ""Freezer"", ""Beach view"", ""Conditioner"", ""Smoke alarm"", ""Dining table"", ""Sea view"", ""AC - split type ductless system"", ""Exterior security cameras on property"", ""Outdoor furniture"", ""Body soap"", ""Ceiling fan"", ""BBQ grill: charcoal"", ""Clothing storage: closet""]","$1,110.00",1,365,t,0,0,0,0,2025-03-23,11,6,1,0,5,36,39960.0,2022-06-04,2025-02-26,4.91,4.82,4.91,4.91,4.73,4.64,4.73,,t,23
1757,1757,city scrape,Pool & Beach Walkout Suite - Casa Del Sol Naciente,"The neighbourhood, Boca Siega, is located in a quiet area 3.5 miles south of San Pedro Town.<br /><br />The neighbourhood is away from the crowds making it a perfect place for people looking for tranquillity.",402636567,2021-05-20,within an hour,100%,t,"['email', 'phone']",t,t,Belize Islands,Belize,17.880241,-87.992722,Entire condo,Entire home/apt,8,3.0,3.0,4.0,"[""Elevator"", ""Boat slip"", ""50 inch TV with standard cable"", ""Babysitter recommendations"", ""Bed linens"", ""Kitchen"", ""Wine glasses"", ""Kayak"", ""Luggage dropoff allowed"", ""Hair dryer"", ""Cleaning products"", ""Shared outdoor pool - available all year, open specific hours, infinity, saltwater"", ""Toaster"", ""Outdoor dining area"", ""Eco Botanic shampoo"", ""Waterfront"", ""Board games"", ""Cooking basics"", ""Eco Botanic conditioner"", ""Ocean view"", ""Crib - always at the listing"", ""Eco Botanic body soap"", ""Free dryer \u2013 In unit"", ""Hangers"", ""Hot water"", ""GE stainless steel electric stove"", ""Wifi"", ""Host greets you"", ""Room-darkening shades"", ""Iron"", ""Refrigerator"", ""Carbon monoxide alarm"", ""Pack \u2019n play/Travel crib - always at the listing"", ""Dishes and silverware"", ""Essentials"", ""Hot water kettle"", ""Paid resort access"", ""Shower gel"", ""Free street parking"", ""Barbecue utensils"", ""Private patio or balcony"", ""First aid kit"", ""Baking sheet"", ""Free washer \u2013 In unit"", ""Children\u2019s dinnerware"", ""Stainless steel oven"", ""Coffee maker: drip coffee maker"", ""Single level home"", ""Safe"", ""Blender"", ""Pool view"", ""Beach access \u2013 Beachfront"", ""Microwave"", ""Free parking on premises"", ""Beach essentials"", ""Dishwasher"", ""Sun loungers"", ""Fire extinguisher"", ""Freezer"", ""Beach view"", ""Mosquito net"", ""Smoke alarm"", ""Dining table"", ""Sea view"", ""AC - split type ductless system"", ""Exterior security cameras on property"", ""Outdoor furniture"", ""Hammock"", ""Ceiling fan"", ""BBQ grill: charcoal"", ""Clothing storage: closet""]","$1,059.00",1,365,t,6,16,33,279,2025-03-23,30,11,0,207,17,66,69894.0,2022-03-30,2025-02-19,4.93,4.93,4.93,5.0,4.97,4.63,4.77,,t,23
1758,1758,city scrape,Villa La Isla- 3 Bedroom Condo,"The neighbourhood, Boca Siega, is located in a quiet area 3.5 miles south of San Pedro Town.<br /><br />The neighbourhood is away from the crowds making it a perfect place for people looking for tranquillity.",402636567,2021-05-20,within an hour,100%,t,"['email', 'phone']",t,t,Belize Islands,Belize,17.880241,-87.992722,Entire condo,Entire home/apt,8,3.0,3.0,6.0,"[""Elevator"", ""50 inch HDTV with premium cable, standard cable"", ""Boat slip"", ""Babysitter recommendations"", ""Bed linens"", ""Hammock"", ""Kitchen"", ""Wine glasses"", ""Kayak"", ""Luggage dropoff allowed"", ""Hair dryer"", ""Cleaning products"", ""Shared outdoor pool - available all year, open specific hours, infinity, saltwater"", ""Toaster"", ""Outdoor dining area"", ""Shared BBQ grill: charcoal"", ""Waterfront"", ""Cooking basics"", ""Ocean view"", ""Crib - always at the listing"", ""GE stainless steel electric stove"", ""Free dryer \u2013 In unit"", ""Hangers"", ""Hot water"", ""Wifi"", ""Host greets you"", ""Room-darkening shades"", ""Shampoo"", ""Iron"", ""Refrigerator"", ""Pack \u2019n play/Travel crib - always at the listing"", ""Dishes and silverware"", ""Essentials"", ""Hot water kettle"", ""Paid resort access"", ""Shower gel"", ""Free street parking"", ""Barbecue utensils"", ""Private patio or balcony"", ""First aid kit"", ""Baking sheet"", ""Free washer \u2013 In unit"", ""Children\u2019s dinnerware"", ""Stainless steel oven"", ""Coffee maker: drip coffee maker"", ""Single level home"", ""Safe"", ""Blender"", ""Pool view"", ""Beach access \u2013 Beachfront"", ""Microwave"", ""Free parking on premises"", ""Beach essentials"", ""Dishwasher"", ""Sun loungers"", ""Fire extinguisher"", ""Freezer"", ""Beach view"", ""Conditioner"", ""Smoke alarm"", ""Dining table"", ""Sea view"", ""AC - split type ductless system"", ""Exterior security cameras on property"", ""Outdoor furniture"", ""Body soap"", ""Ceiling fan"", ""Clothing storage: closet""]","$1,110.00",1,365,t,0,16,42,272,2025-03-23,28,8,1,227,11,48,53280.0,2022-04-27,2025-03-02,4.96,4.96,4.93,5.0,5.0,4.57,4.93,,t,23
1759,1759,city scrape,Sea Renity- Top Floor Luxury Condo (3BDR),"The neighbourhood, Boca Siega, is located in a quiet area 3.5 miles south of San Pedro Town, about a 20-minute drive.<br /><br />The neighbourhood is away from the crowds making it a perfect place for people looking for tranquillity.",402636567,2021-05-20,within an hour,100%,t,"['email', 'phone']",t,t,Belize Islands,Belize,17.880699,-87.992805,Entire condo,Entire home/apt,8,3.0,3.0,4.0,"[""Elevator"", ""Boat slip"", ""Babysitter recommendations"", ""Bed linens"", ""Eco Botanics shampoo"", ""Kitchen"", ""Wine glasses"", ""Kayak"", ""Luggage dropoff allowed"", ""Hair dryer"", ""Cleaning products"", ""Shared outdoor pool - available all year, open specific hours, infinity, saltwater"", ""Toaster"", ""Outdoor dining area"", ""Waterfront"", ""Cooking basics"", ""55 inch HDTV with standard cable"", ""Ocean view"", ""Crib - always at the listing"", ""GE stainless steel electric stove"", ""Free dryer \u2013 In unit"", ""Hangers"", ""Hot water"", ""Wifi"", ""Host greets you"", ""Room-darkening shades"", ""Iron"", ""Refrigerator"", ""Dishes and silverware"", ""Pack \u2019n play/Travel crib - always at the listing"", ""Hot water kettle"", ""Essentials"", ""Hammock"", ""Free street parking"", ""Shower gel"", ""Long term stays allowed"", ""Barbecue utensils"", ""Private patio or balcony"", ""Bathtub"", ""First aid kit"", ""Baking sheet"", ""Free washer \u2013 In unit"", ""Children\u2019s dinnerware"", ""Stainless steel oven"", ""Eco Botanics conditioner"", ""Coffee maker: drip coffee maker"", ""Single level home"", ""Safe"", ""Blender"", ""Pool view"", ""Beach access \u2013 Beachfront"", ""Microwave"", ""Coffee"", ""Free parking on premises"", ""Beach essentials"", ""Dishwasher"", ""Sun loungers"", ""Fire extinguisher"", ""Freezer"", ""Beach view"", ""Eco Botanics body soap"", ""Smoke alarm"", ""Dining table"", ""Sea view"", ""AC - split type ductless system"", ""Exterior security cameras on property"", ""Outdoor furniture"", ""Ceiling fan"", ""BBQ grill: charcoal"", ""Clothing storage: closet""]","$1,110.00",1,365,t,25,51,81,342,2025-03-23,10,0,0,261,3,0,0.0,2022-03-15,2024-03-22,4.7,4.8,4.9,4.9,4.8,4.1,4.4,,t,23
1760,1760,city scrape,Blue Haven- 3 Bedroom Residence,"The neighbourhood, Boca Siega, is located in a quiet area 3.5 miles south of San Pedro Town.<br /><br />The neighbourhood is away from the crowds making it a perfect place for people looking for tranquillity.",402636567,2021-05-20,within an hour,100%,t,"['email', 'phone']",t,t,Belize Islands,Belize,17.880241,-87.992722,Entire condo,Entire home/apt,8,3.0,3.0,4.0,"[""Elevator"", ""Boat slip"", ""Extra pillows and blankets"", ""Babysitter recommendations"", ""Bed linens"", ""Hammock"", ""Kitchen"", ""Wine glasses"", ""Kayak"", ""Luggage dropoff allowed"", ""Hair dryer"", ""Cleaning products"", ""Shared outdoor pool - available all year, open specific hours, infinity, saltwater"", ""Toaster"", ""Outdoor dining area"", ""Waterfront"", ""Board games"", ""Cooking basics"", ""55 inch HDTV with standard cable"", ""Ocean view"", ""GE stainless steel electric stove"", ""Free dryer \u2013 In unit"", ""Hangers"", ""Hot water"", ""Wifi"", ""Room-darkening shades"", ""Shampoo"", ""Iron"", ""Refrigerator"", ""Pack \u2019n play/Travel crib - always at the listing"", ""Dishes and silverware"", ""Essentials"", ""Hot water kettle"", ""Rice maker"", ""Shower gel"", ""Free street parking"", ""Barbecue utensils"", ""Private patio or balcony"", ""First aid kit"", ""Baking sheet"", ""Free washer \u2013 In unit"", ""Children\u2019s dinnerware"", ""Stainless steel oven"", ""Coffee maker: drip coffee maker"", ""Single level home"", ""Safe"", ""Pool view"", ""Beach access \u2013 Beachfront"", ""Microwave"", ""Coffee"", ""Free parking on premises"", ""Beach essentials"", ""Dishwasher"", ""Self check-in"", ""Fire extinguisher"", ""Freezer"", ""Beach view"", ""Building staff"", ""Conditioner"", ""Smoke alarm"", ""Dining table"", ""Sea view"", ""AC - split type ductless system"", ""Exterior security cameras on property"", ""Outdoor furniture"", ""Body soap"", ""Ceiling fan"", ""BBQ grill: charcoal"", ""Clothing storage: closet""]","$1,059.00",1,365,t,0,18,29,147,2025-03-23,11,4,0,101,3,24,25416.0,2022-03-09,2025-02-08,5.0,5.0,5.0,4.64,4.91,4.73,4.73,,t,23
1761,1761,city scrape,Isle Be Back - Luxury Beachfront Residence,"The neighbourhood, Boca Siega, is located in a quiet area 3.5 miles south of San Pedro Town.<br /><br />The neighbourhood is away from the crowds making it a perfect place for people looking for tranquillity.",402636567,2021-05-20,within an hour,100%,t,"['email', 'phone']",t,t,Belize Islands,Belize,17.880241,-87.992722,Entire condo,Entire home/apt,10,3.0,3.0,6.0,"[""Elevator"", ""65 inch HDTV with Amazon Prime Video, Apple TV, Disney+, HBO Max, Hulu, Netflix, premium cable, standard cable"", ""Boat slip"", ""Extra pillows and blankets"", ""Babysitter recommendations"", ""Bed linens"", ""Hammock"", ""Eco Botanics shampoo"", ""Kitchen"", ""Wine glasses"", ""Laundromat nearby"", ""Kayak"", ""Luggage dropoff allowed"", ""Hair dryer"", ""Cleaning products"", ""Shared outdoor pool - available all year, open specific hours, infinity, saltwater"", ""Toaster"", ""Outdoor dining area"", ""Waterfront"", ""Board games"", ""Cooking basics"", ""Ocean view"", ""Crib - always at the listing"", ""Shared beach access \u2013 Beachfront"", ""GE stainless steel electric stove"", ""Free dryer \u2013 In unit"", ""Hangers"", ""Hot water"", ""Wifi"", ""Host greets you"", ""Room-darkening shades"", ""Iron"", ""Refrigerator"", ""Dishes and silverware"", ""Pack \u2019n play/Travel crib - always at the listing"", ""Hot water kettle"", ""Essentials"", ""Rice maker"", ""Alexa Bluetooth sound system"", ""Shower gel"", ""Paid resort access"", ""Free street parking"", ""Barbecue utensils"", ""Private patio or balcony"", ""Bathtub"", ""First aid kit"", ""Baking sheet"", ""Free washer \u2013 In unit"", ""Children\u2019s dinnerware"", ""Books and reading material"", ""Eco Botanics conditioner"", ""Stainless steel oven"", ""Coffee maker: drip coffee maker"", ""Safe"", ""Single level home"", ""Blender"", ""Pool view"", ""Microwave"", ""Coffee"", ""Free parking on premises"", ""Clothing storage: closet and dresser"", ""Dishwasher"", ""Beach essentials"", ""Sun loungers"", ""Fire extinguisher"", ""Freezer"", ""Beach view"", ""Smoke alarm"", ""Dining table"", ""Sea view"", ""AC - split type ductless system"", ""Exterior security cameras on property"", ""Outdoor furniture"", ""Body soap"", ""Ceiling fan"", ""BBQ grill: charcoal""]","$1,059.00",1,365,t,18,37,62,301,2025-03-23,25,11,0,229,11,66,69894.0,2022-04-11,2025-02-08,4.96,4.92,4.96,5.0,5.0,4.64,4.96,,t,23
1762,1762,city scrape,Hip Nautic- 3 Bedroom Vacation Home,"The neighbourhood, Boca Siega, is located in a quiet area 3.5 miles south of San Pedro Town.<br /><br />The neighbourhood is away from the crowds making it a perfect place for people looking for tranquillity.",402636567,2021-05-20,within an hour,100%,t,"['email', 'phone']",t,t,Belize Islands,Belize,17.880241,-87.992722,Entire condo,Entire home/apt,8,3.0,3.0,4.0,"[""Elevator"", ""Boat slip"", ""Babysitter recommendations"", ""Bed linens"", ""Eco Botanics shampoo"", ""Kitchen"", ""Wine glasses"", ""Kayak"", ""Luggage dropoff allowed"", ""Hair dryer"", ""Cleaning products"", ""Shared outdoor pool - available all year, open specific hours, infinity, saltwater"", ""Toaster"", ""Outdoor dining area"", ""Waterfront"", ""Cooking basics"", ""55 inch HDTV with standard cable"", ""Ocean view"", ""GE stainless steel electric stove"", ""Free dryer \u2013 In unit"", ""Hangers"", ""Hot water"", ""Wifi"", ""Host greets you"", ""Room-darkening shades"", ""Iron"", ""Refrigerator"", ""Dishes and silverware"", ""Hammock"", ""Hot water kettle"", ""Essentials"", ""Long term stays allowed"", ""Free street parking"", ""Shower gel"", ""Barbecue utensils"", ""Private patio or balcony"", ""First aid kit"", ""Baking sheet"", ""Free washer \u2013 In unit"", ""Children\u2019s dinnerware"", ""Stainless steel oven"", ""Eco Botanics conditioner"", ""Coffee maker: drip coffee maker"", ""Single level home"", ""Safe"", ""Blender"", ""Pool view"", ""Beach access \u2013 Beachfront"", ""Microwave"", ""Coffee"", ""Free parking on premises"", ""Beach essentials"", ""Dishwasher"", ""Sun loungers"", ""Fire extinguisher"", ""Freezer"", ""Beach view"", ""Eco Botanics body soap"", ""Smoke alarm"", ""Dining table"", ""Sea view"", ""AC - split type ductless system"", ""Exterior security cameras on property"", ""Outdoor furniture"", ""Ceiling fan"", ""BBQ grill: charcoal"", ""Clothing storage: closet""]","$1,059.00",1,365,t,0,21,51,241,2025-03-23,8,2,1,163,1,12,12708.0,2022-05-31,2025-03-01,4.88,4.88,4.88,4.88,4.88,4.5,4.5,,t,23
1763,1763,city scrape,Shore To Please - Top-Floor Family Condo,"The neighbourhood, Boca Siega, is located in a quiet area 3.5 miles south of San Pedro Town.<br /><br />The neighbourhood is away from the crowds making it a perfect place for people looking for tranquillity.",402636567,2021-05-20,within an hour,100%,t,"['email', 'phone']",t,t,Belize Islands,Belize,17.88078,-87.99311,Entire condo,Entire home/apt,8,3.0,3.0,6.0,"[""Elevator"", ""Boat slip"", ""Extra pillows and blankets"", ""Babysitter recommendations"", ""Bed linens"", ""Hammock"", ""Kitchen"", ""Wine glasses"", ""Laundromat nearby"", ""Kayak"", ""Luggage dropoff allowed"", ""Hair dryer"", ""Cleaning products"", ""Shared outdoor pool - available all year, open specific hours, infinity, saltwater"", ""Toaster"", ""Outdoor dining area"", ""Waterfront"", ""Board games"", ""Cooking basics"", ""55 inch HDTV with standard cable"", ""Ocean view"", ""GE stainless steel electric stove"", ""Free dryer \u2013 In unit"", ""Hangers"", ""Hot water"", ""Wifi"", ""Host greets you"", ""Room-darkening shades"", ""Shampoo"", ""Iron"", ""Refrigerator"", ""Pack \u2019n play/Travel crib - always at the listing"", ""Dishes and silverware"", ""Essentials"", ""Hot water kettle"", ""Rice maker"", ""Shower gel"", ""Free street parking"", ""Barbecue utensils"", ""Private patio or balcony"", ""First aid kit"", ""Baking sheet"", ""Free washer \u2013 In unit"", ""Coffee maker: drip coffee maker"", ""Books and reading material"", ""Changing table"", ""Stainless steel oven"", ""Single level home"", ""Safe"", ""Blender"", ""Pool view"", ""Beach access \u2013 Beachfront"", ""Microwave"", ""Coffee"", ""Bread maker"", ""Free parking on premises"", ""Beach essentials"", ""Dishwasher"", ""Sun loungers"", ""Fire extinguisher"", ""Freezer"", ""Beach view"", ""Conditioner"", ""Smoke alarm"", ""Dining table"", ""Sea view"", ""AC - split type ductless system"", ""Exterior security cameras on property"", ""Outdoor furniture"", ""Body soap"", ""Ceiling fan"", ""BBQ grill: charcoal"", ""Clothing storage: closet""]","$1,059.00",1,365,t,13,43,73,300,2025-03-23,11,1,0,221,1,6,6354.0,2022-05-15,2025-01-14,4.73,4.82,4.91,5.0,4.82,4.64,4.82,,t,23
1764,1764,city scrape,Conched Out- 3 Bedroom Vacation Home,"The neighbourhood, Boca Siega, is located in a quiet area 3.5 miles south of San Pedro Town.<br /><br />The neighbourhood is away from the crowds making it a perfect place for people looking for tranquillity.",402636567,2021-05-20,within an hour,100%,t,"['email', 'phone']",t,t,Belize Islands,Belize,17.880241,-87.992722,Entire condo,Entire home/apt,6,2.0,3.0,3.0,"[""Elevator"", ""Boat slip"", ""Babysitter recommendations"", ""Bed linens"", ""Kitchen"", ""Wine glasses"", ""Kayak"", ""Luggage dropoff allowed"", ""Hair dryer"", ""Cleaning products"", ""Toaster"", ""Outdoor dining area"", ""Waterfront"", ""Cooking basics"", ""Ocean view"", ""HDTV with standard cable"", ""Free dryer \u2013 In unit"", ""Hangers"", ""Wifi"", ""Room-darkening shades"", ""Iron"", ""Refrigerator"", ""Dishes and silverware"", ""Pack \u2019n play/Travel crib - always at the listing"", ""Hot water kettle"", ""Essentials"", ""Free street parking"", ""Barbecue utensils"", ""Private patio or balcony"", ""First aid kit"", ""Stainless steel stove"", ""Baking sheet"", ""Free washer \u2013 In unit"", ""Single level home"", ""Stainless steel oven"", ""Safe"", ""Blender"", ""Pool view"", ""Beach access \u2013 Beachfront"", ""Microwave"", ""Free parking on premises"", ""Beach essentials"", ""Dishwasher"", ""Fire extinguisher"", ""Freezer"", ""Beach view"", ""Shared outdoor pool - available all year, open specific hours"", ""Conditioner"", ""Smoke alarm"", ""Dining table"", ""Sea view"", ""AC - split type ductless system"", ""Exterior security cameras on property"", ""Outdoor furniture"", ""Body soap"", ""Ceiling fan"", ""BBQ grill: charcoal"", ""Coffee maker"", ""Clothing storage: closet""]",$908.00,3,1125,t,14,44,74,342,2025-03-23,2,1,0,261,1,6,5448.0,2022-08-18,2024-12-18,5.0,5.0,5.0,5.0,5.0,4.0,4.5,,t,23
1765,1765,city scrape,Bonita Vista- 3 Bedroom Vacation Home,"The neighbourhood, Boca Siega, is located in a quiet area 3.5 miles south of San Pedro Town.<br /><br />The neighbourhood is away from the crowds making it a perfect place for people looking for tranquillity.",402636567,2021-05-20,within an hour,100%,t,"['email', 'phone']",t,t,Belize Islands,Belize,17.88003,-87.99377,Entire condo,Entire home/apt,6,2.0,3.0,4.0,"[""Elevator"", ""Boat slip"", ""Babysitter recommendations"", ""Bed linens"", ""Kitchen"", ""Wine glasses"", ""Kayak"", ""Luggage dropoff allowed"", ""Hair dryer"", ""Cleaning products"", ""Shared outdoor pool - available all year, open specific hours, infinity, saltwater"", ""Toaster"", ""Outdoor dining area"", ""Waterfront"", ""Cooking basics"", ""Ocean view"", ""HDTV with standard cable"", ""GE stainless steel electric stove"", ""Free dryer \u2013 In unit"", ""Hangers"", ""Hot water"", ""Host greets you"", ""Room-darkening shades"", ""Shampoo"", ""Iron"", ""Refrigerator"", ""Dishes and silverware"", ""Hot water kettle"", ""Essentials"", ""Hammock"", ""Free street parking"", ""Shower gel"", ""Long term stays allowed"", ""Barbecue utensils"", ""Private patio or balcony"", ""First aid kit"", ""Baking sheet"", ""Free washer \u2013 In unit"", ""Wifi \u2013 16 Mbps"", ""Stainless steel oven"", ""Coffee maker: drip coffee maker"", ""Single level home"", ""Safe"", ""Blender"", ""Pool view"", ""Beach access \u2013 Beachfront"", ""Microwave"", ""Coffee"", ""Free parking on premises"", ""Beach essentials"", ""Dishwasher"", ""Fire extinguisher"", ""Freezer"", ""Beach view"", ""Conditioner"", ""Smoke alarm"", ""Dining table"", ""Sea view"", ""AC - split type ductless system"", ""Exterior security cameras on property"", ""Outdoor furniture"", ""Body soap"", ""Ceiling fan"", ""BBQ grill: charcoal"", ""Clothing storage: closet""]",$908.00,1,365,t,27,47,77,352,2025-03-23,5,1,0,271,1,6,5448.0,2022-03-12,2024-05-28,5.0,5.0,5.0,5.0,5.0,5.0,5.0,,t,23
1766,1766,city scrape,Casa De La Suerte- 3 Bedroom Vacation Home,"The neighbourhood, Boca Siega, is located in a quiet area 3.5 miles south of San Pedro Town.<br /><br />The neighbourhood is away from the crowds making it a perfect place for people looking for tranquillity.",402636567,2021-05-20,within an hour,100%,t,"['email', 'phone']",t,t,Belize Islands,Belize,17.87989,-87.99186,Entire condo,Entire home/apt,6,2.0,3.0,4.0,"[""BBQ grill"", ""Elevator"", ""Boat slip"", ""Babysitter recommendations"", ""Bed linens"", ""Eco Botanics shampoo"", ""Kitchen"", ""Wine glasses"", ""Kayak"", ""Luggage dropoff allowed"", ""Hair dryer"", ""Cleaning products"", ""Shared outdoor pool - available all year, open specific hours, infinity, saltwater"", ""Toaster"", ""Outdoor dining area"", ""Waterfront"", ""Cooking basics"", ""Ocean view"", ""HDTV with standard cable"", ""GE stainless steel electric stove"", ""Free dryer \u2013 In unit"", ""Hangers"", ""Hot water"", ""Wifi"", ""Host greets you"", ""Room-darkening shades"", ""Iron"", ""Refrigerator"", ""Dishes and silverware"", ""Hammock"", ""Hot water kettle"", ""Essentials"", ""Long term stays allowed"", ""Free street parking"", ""Shower gel"", ""Barbecue utensils"", ""Private patio or balcony"", ""First aid kit"", ""Baking sheet"", ""Free washer \u2013 In unit"", ""Coffee maker: drip coffee maker"", ""Stainless steel oven"", ""Eco Botanics conditioner"", ""Single level home"", ""Safe"", ""Blender"", ""Pool view"", ""Beach access \u2013 Beachfront"", ""Microwave"", ""Coffee"", ""Bread maker"", ""Free parking on premises"", ""Beach essentials"", ""Dishwasher"", ""Sun loungers"", ""Fire extinguisher"", ""Freezer"", ""Beach view"", ""Eco Botanics body soap"", ""Smoke alarm"", ""Dining table"", ""Sea view"", ""AC - split type ductless system"", ""Exterior security cameras on property"", ""Outdoor furniture"", ""Ceiling fan"", ""Clothing storage: closet""]",$858.00,1,365,t,17,47,77,352,2025-03-23,6,0,0,271,2,0,0.0,2023-01-05,2024-03-01,4.83,4.67,5.0,5.0,5.0,4.17,4.5,,t,23
1767,1767,city scrape,De La Isla Bonita- 3 Bedroom Vacation Home,"The neighbourhood, Boca Siega, is located in a quiet area 3.5 miles south of San Pedro Town. This is about a 20-minute golf cart drive<br /><br />The neighbourhood is away from the crowds making it a perfect place for people looking for tranquillity.",402636567,2021-05-20,within an hour,100%,t,"['email', 'phone']",t,t,Belize Islands,Belize,17.880241,-87.992722,Entire condo,Entire home/apt,6,2.0,3.0,4.0,"[""Elevator"", ""Boat slip"", ""Bay view"", ""Babysitter recommendations"", ""Bed linens"", ""Eco Botanics shampoo"", ""Kitchen"", ""Wine glasses"", ""Kayak"", ""Luggage dropoff allowed"", ""Hair dryer"", ""Cleaning products"", ""Shared outdoor pool - available all year, open specific hours, infinity, saltwater"", ""Toaster"", ""Outdoor dining area"", ""Waterfront"", ""Board games"", ""Cooking basics"", ""Ocean view"", ""GE stainless steel electric stove"", ""Free dryer \u2013 In unit"", ""Hangers"", ""Hot water"", ""Wifi"", ""Host greets you"", ""Room-darkening shades"", ""Iron"", ""Refrigerator"", ""Dishes and silverware"", ""Hammock"", ""Hot water kettle"", ""Essentials"", ""Long term stays allowed"", ""Free street parking"", ""Shower gel"", ""Barbecue utensils"", ""Private patio or balcony"", ""First aid kit"", ""Baking sheet"", ""Free washer \u2013 In unit"", ""Coffee maker: drip coffee maker"", ""Single level home"", ""Eco Botanics conditioner"", ""Safe"", ""Blender"", ""Pool view"", ""Beach access \u2013 Beachfront"", ""Microwave"", ""Coffee"", ""Free parking on premises"", ""Beach essentials"", ""Dishwasher"", ""Sun loungers"", ""Fire extinguisher"", ""Stainless steel double oven"", ""Freezer"", ""Beach view"", ""Eco Botanics body soap"", ""Smoke alarm"", ""Dining table"", ""Sea view"", ""AC - split type ductless system"", ""Exterior security cameras on property"", ""50 inch HDTV with standard cable"", ""Outdoor furniture"", ""Ceiling fan"", ""BBQ grill: charcoal"", ""Clothing storage: closet""]",$858.00,1,365,t,11,39,69,325,2025-03-23,7,2,0,244,1,12,10296.0,2022-11-19,2025-02-11,5.0,4.86,5.0,4.71,5.0,4.71,4.86,,t,23
1768,1768,city scrape,The Sunrise Suite- 3 Bedroom Vacation Home,"The neighbourhood, Boca Siega, is located in a quiet area 3.5 miles south of San Pedro Town.<br /><br />The neighbourhood is away from the crowds making it a perfect place for people looking for tranquillity.",402636567,2021-05-20,within an hour,100%,t,"['email', 'phone']",t,t,Belize Islands,Belize,17.88135,-87.9934,Entire condo,Entire home/apt,6,2.0,3.0,4.0,"[""Elevator"", ""Boat slip"", ""Babysitter recommendations"", ""Bed linens"", ""Kitchen"", ""Wine glasses"", ""Kayak"", ""Luggage dropoff allowed"", ""Hair dryer"", ""Cleaning products"", ""Shared outdoor pool - available all year, open specific hours, infinity, saltwater"", ""Toaster"", ""Outdoor dining area"", ""Crib"", ""Waterfront"", ""Board games"", ""Cooking basics"", ""Ocean view"", ""GE stainless steel electric stove"", ""Free dryer \u2013 In unit"", ""Hangers"", ""Hot water"", ""Wifi"", ""Host greets you"", ""Room-darkening shades"", ""Shampoo"", ""Iron"", ""Refrigerator"", ""Pack \u2019n play/Travel crib - always at the listing"", ""Dishes and silverware"", ""Essentials"", ""Hot water kettle"", ""Hammock"", ""Shower gel"", ""Free street parking"", ""Barbecue utensils"", ""Private patio or balcony"", ""First aid kit"", ""Baking sheet"", ""Free washer \u2013 In unit"", ""Coffee maker: drip coffee maker"", ""Stainless steel oven"", ""Single level home"", ""Safe"", ""Blender"", ""Pool view"", ""Beach access \u2013 Beachfront"", ""Microwave"", ""Coffee"", ""Free parking on premises"", ""Beach essentials"", ""Dishwasher"", ""Sun loungers"", ""Fire extinguisher"", ""Freezer"", ""Beach view"", ""Conditioner"", ""Smoke alarm"", ""Dining table"", ""Sea view"", ""AC - split type ductless system"", ""Exterior security cameras on property"", ""50 inch HDTV with standard cable"", ""Outdoor furniture"", ""Body soap"", ""Ceiling fan"", ""BBQ grill: charcoal"", ""Clothing storage: closet""]",$908.00,1,365,t,10,32,59,293,2025-03-23,37,8,1,233,10,48,43584.0,2022-03-18,2025-03-08,4.86,4.84,4.95,4.97,4.95,4.81,4.86,,t,23
1769,1769,city scrape,Lovely 2-bedroom rental unit with free parking.,,436826051,2021-12-20,within an hour,95%,t,"['email', 'phone']",f,t,Belize Mainland,Belize,17.4830278,-88.24355555555556,Entire rental unit,Entire home/apt,4,2.0,2.0,2.0,"[""Dedicated workspace"", ""Air conditioning"", ""Kitchen"", ""Hair dryer"", ""Washer"", ""Breakfast"", ""Pets allowed"", ""Free dryer \u2013 In unit"", ""Oven"", ""Wifi"", ""Electric stove"", ""Host greets you"", ""Refrigerator"", ""Iron"", ""Dishes and silverware"", ""Private backyard \u2013 Fully fenced"", ""Essentials"", ""Long term stays allowed"", ""Private patio or balcony"", ""Bathtub"", ""TV"", ""Blender"", ""Microwave"", ""Free parking on premises"", ""Fire extinguisher"", ""Smoke alarm"", ""Dining table"", ""Drying rack for clothing"", ""Ceiling fan"", ""Coffee maker""]",$185.00,1,365,t,30,52,82,357,2025-03-23,29,3,0,276,4,18,3330.0,2022-03-25,2025-01-29,4.86,4.86,4.72,4.97,4.97,4.55,4.83,,t,7
1770,1770,city scrape,Toucan Do It Too - Tropical Vacation Home,"The neighbourhood, Boca Siega, is located in a quiet area 3.5 miles south of San Pedro Town.<br /><br />The neighbourhood is away from the crowds making it a perfect place for people looking for tranquillity.",402636567,2021-05-20,within an hour,100%,t,"['email', 'phone']",t,t,Belize Islands,Belize,17.881,-87.99227,Entire condo,Entire home/apt,6,2.0,3.0,3.0,"[""Elevator"", ""Boat slip"", ""Extra pillows and blankets"", ""Babysitter recommendations"", ""Bed linens"", ""Kitchen"", ""Wine glasses"", ""Laundromat nearby"", ""Kayak"", ""Luggage dropoff allowed"", ""Hair dryer"", ""Cleaning products"", ""Shared outdoor pool - available all year, open specific hours, infinity, saltwater"", ""Toaster"", ""Outdoor dining area"", ""Waterfront"", ""Cooking basics"", ""Ocean view"", ""HDTV with standard cable"", ""GE stainless steel electric stove"", ""Free dryer \u2013 In unit"", ""Hangers"", ""Hot water"", ""Wifi"", ""Host greets you"", ""Room-darkening shades"", ""Shampoo"", ""Iron"", ""Refrigerator"", ""Pack \u2019n play/Travel crib - always at the listing"", ""Dishes and silverware"", ""Essentials"", ""Hot water kettle"", ""Hammock"", ""Shower gel"", ""Free street parking"", ""Long term stays allowed"", ""Barbecue utensils"", ""Private patio or balcony"", ""First aid kit"", ""Baking sheet"", ""Free washer \u2013 In unit"", ""Children\u2019s dinnerware"", ""Books and reading material"", ""Stainless steel oven"", ""Coffee maker: drip coffee maker"", ""Single level home"", ""Safe"", ""Blender"", ""Pool view"", ""Beach access \u2013 Beachfront"", ""Microwave"", ""Coffee"", ""Free parking on premises"", ""Beach essentials"", ""Dishwasher"", ""Sun loungers"", ""Fire extinguisher"", ""Freezer"", ""Beach view"", ""Conditioner"", ""Smoke alarm"", ""Dining table"", ""Sea view"", ""AC - split type ductless system"", ""Exterior security cameras on property"", ""Outdoor furniture"", ""Body soap"", ""Ceiling fan"", ""BBQ grill: charcoal"", ""Clothing storage: closet""]",$908.00,1,365,t,5,21,37,298,2025-03-23,18,4,1,217,4,24,21792.0,2022-04-24,2025-03-08,4.94,4.94,4.94,4.83,4.94,4.72,4.83,,t,23
1771,1771,city scrape,Reel Paradise- 3 Bedroom Vacation Home,"The neighbourhood, Boca Siega, is located in a quiet area 3.5 miles south of San Pedro Town.<br /><br />The neighbourhood is away from the crowds making it a perfect place for people looking for tranquillity.",402636567,2021-05-20,within an hour,100%,t,"['email', 'phone']",t,t,Belize Islands,Belize,17.880241,-87.992722,Entire condo,Entire home/apt,6,2.0,3.0,4.0,"[""Elevator"", ""Boat slip"", ""Babysitter recommendations"", ""Bed linens"", ""Eco Botanics shampoo"", ""Kitchen"", ""Wine glasses"", ""Kayak"", ""Luggage dropoff allowed"", ""Hair dryer"", ""Cleaning products"", ""Shared outdoor pool - available all year, open specific hours, infinity, saltwater"", ""Toaster"", ""Outdoor dining area"", ""Waterfront"", ""Cooking basics"", ""Ocean view"", ""HDTV with standard cable"", ""GE stainless steel electric stove"", ""Free dryer \u2013 In unit"", ""Hangers"", ""Hot water"", ""Host greets you"", ""Room-darkening shades"", ""Iron"", ""Refrigerator"", ""Dishes and silverware"", ""Hammock"", ""Hot water kettle"", ""Essentials"", ""Long term stays allowed"", ""Free street parking"", ""Shower gel"", ""Barbecue utensils"", ""Private patio or balcony"", ""Bathtub"", ""First aid kit"", ""Baking sheet"", ""Free washer \u2013 In unit"", ""Coffee maker: drip coffee maker"", ""Stainless steel oven"", ""Eco Botanics conditioner"", ""Single level home"", ""Safe"", ""Blender"", ""Pool view"", ""Beach access \u2013 Beachfront"", ""Microwave"", ""Coffee"", ""Free parking on premises"", ""Beach essentials"", ""Dishwasher"", ""Sun loungers"", ""Fire extinguisher"", ""Freezer"", ""Beach view"", ""Eco Botanics body soap"", ""Smoke alarm"", ""Dining table"", ""Sea view"", ""AC - split type ductless system"", ""Exterior security cameras on property"", ""Outdoor furniture"", ""Ceiling fan"", ""BBQ grill: charcoal"", ""Wifi \u2013 15 Mbps"", ""Clothing storage: closet""]",$908.00,1,365,t,17,33,58,326,2025-03-23,7,1,0,245,0,6,5448.0,2022-06-11,2025-02-03,4.86,5.0,5.0,4.71,5.0,4.14,4.71,,t,23
1776,1776,city scrape,Charming 1 Bedroom on the upper flat with balcony.,,421322150,2021-09-02,within an hour,97%,t,"['email', 'phone']",t,t,Belize Mainland,Belize,17.50208,-88.18963,Room in boutique hotel,Private room,2,1.0,1.0,1.0,"[""Elevator"", ""TV with Fire TV"", ""Dedicated workspace"", ""Air conditioning"", ""Bed linens"", ""Mini fridge"", ""Laundromat nearby"", ""Luggage dropoff allowed"", ""Hair dryer"", ""Smart lock"", ""Hangers"", ""Hot water"", ""Shampoo"", ""Iron"", ""Refrigerator"", ""Heating"", ""Essentials"", ""Free street parking"", ""Long term stays allowed"", ""First aid kit"", ""Patio or balcony"", ""Safe"", ""Microwave"", ""Coffee"", ""Free parking on premises"", ""Self check-in"", ""Fire extinguisher"", ""Conditioner"", ""Smoke alarm"", ""Wifi \u2013 47 Mbps"", ""Clothing storage"", ""Exterior security cameras on property"", ""Body soap"", ""Private entrance"", ""Coffee maker""]",$172.00,1,365,t,15,44,74,268,2025-03-23,38,6,0,268,6,36,6192.0,2022-01-30,2025-01-11,4.79,4.89,4.79,4.79,4.92,4.55,4.71,,t,14
1777,1777,city scrape,Charming 1 Bedroom on the upper flat with balcony.,,421322150,2021-09-02,within an hour,97%,t,"['email', 'phone']",t,t,Belize Mainland,Belize,17.50148,-88.19118,Room in boutique hotel,Private room,2,1.0,1.0,1.0,"[""Elevator"", ""TV with Fire TV"", ""Dedicated workspace"", ""Air conditioning"", ""Bed linens"", ""Mini fridge"", ""Laundromat nearby"", ""Luggage dropoff allowed"", ""Hair dryer"", ""Smart lock"", ""Hangers"", ""Hot water"", ""Wifi"", ""Shampoo"", ""Iron"", ""Refrigerator"", ""Heating"", ""Essentials"", ""Free street parking"", ""Long term stays allowed"", ""First aid kit"", ""Patio or balcony"", ""Safe"", ""Microwave"", ""Coffee"", ""Free parking on premises"", ""Self check-in"", ""Fire extinguisher"", ""Conditioner"", ""Smoke alarm"", ""Clothing storage"", ""Exterior security cameras on property"", ""Body soap"", ""Private entrance"", ""Coffee maker""]",$172.00,1,365,t,14,41,71,265,2025-03-23,69,3,0,265,3,18,3096.0,2022-01-08,2024-08-21,4.83,4.87,4.88,4.94,4.88,4.45,4.74,,t,14
1778,1778,city scrape,"Family, 1 bedroom; 1 queen 1 twin bed + parking.",,421322150,2021-09-02,within an hour,97%,t,"['email', 'phone']",t,t,Belize Mainland,Belize,17.50179,-88.19192,Room in boutique hotel,Private room,3,1.0,1.0,2.0,"[""Fire extinguisher"", ""TV with Fire TV"", ""Smart lock"", ""Smoke alarm"", ""Free parking on premises"", ""Air conditioning"", ""Exterior security cameras on property"", ""Wifi"", ""Refrigerator"", ""Coffee maker"", ""Self check-in"", ""Free street parking""]",$198.00,1,365,t,19,46,76,268,2025-03-23,80,16,1,268,19,96,19008.0,2022-01-04,2025-03-11,4.71,4.74,4.94,4.84,4.88,4.24,4.74,,t,14
1779,1779,previous scrape,"Mini Bedroom Suite, Free Parking on premises.",,421322150,2021-09-02,within an hour,97%,t,"['email', 'phone']",t,t,Belize Mainland,Belize,17.5038,-88.1903,Room in boutique hotel,Private room,2,,1.0,,"[""Elevator"", ""TV with Fire TV"", ""Dedicated workspace"", ""Air conditioning"", ""Hair dryer"", ""Smart lock"", ""Hangers"", ""Hot water"", ""Wifi"", ""Refrigerator"", ""Shampoo"", ""Iron"", ""Essentials"", ""Free street parking"", ""Safe"", ""Free parking on premises"", ""Self check-in"", ""Fire extinguisher"", ""Conditioner"", ""Smoke alarm"", ""Exterior security cameras on property"", ""Body soap"", ""Coffee maker""]",,1,365,t,25,55,85,279,2025-03-23,26,0,0,279,1,0,,2022-02-19,2024-03-20,4.69,4.77,4.92,4.77,4.69,4.42,4.77,,t,14
1786,1786,city scrape,Scarlet Macaw Suite,"Blease Villa Suites is located in Sandhill Village, New Site, which is a small, peaceful and private neighborhood. It is only a 5-10 minute walking distance to the shopping centers and restaurants and 2 minute walking distance to the bus stop - Safe for walking and exercising.",435105046,2021-12-07,within an hour,100%,t,"['email', 'phone', 'work_email']",t,t,Belize Mainland,Belize,17.6473388671875,-88.37667083740234,Entire guest suite,Entire home/apt,4,1.0,1.0,2.0,"[""Dedicated workspace"", ""Extra pillows and blankets"", ""Bed linens"", ""Mini fridge"", ""Luggage dropoff allowed"", ""Hair dryer"", ""Crib - available upon request"", ""Cleaning products"", ""Outdoor dining area"", ""Cooking basics"", ""Pets allowed"", ""Pack \u2019n play/Travel crib - available upon request"", ""Hangers"", ""Hot water"", ""Portable fans"", ""Wifi"", ""Iron"", ""Dishes and silverware"", ""Paid dryer \u2013 In building"", ""Hot water kettle"", ""Essentials"", ""Private backyard \u2013 Fully fenced"", ""Free street parking"", ""Long term stays allowed"", ""Baby bath"", ""Single level home"", ""Shared patio or balcony"", ""Books and reading material"", ""32 inch HDTV with Netflix"", ""Microwave"", ""Coffee"", ""Lockbox"", ""Free parking on premises"", ""Self check-in"", ""AC - split type ductless system"", ""Drying rack for clothing"", ""Clothing storage"", ""Paid washer \u2013 In building"", ""Body soap"", ""Private entrance"", ""Ceiling fan"", ""BBQ grill: charcoal"", ""Coffee maker""]",$94.00,1,1125,t,20,45,72,346,2025-03-23,55,15,1,266,19,90,8460.0,2022-01-08,2025-03-11,4.91,4.91,4.98,4.84,4.95,4.62,4.95,,t,5
1787,1787,city scrape,Charming Cabana in Paradise #18,,406013307,2021-06-08,within an hour,100%,f,"['email', 'phone']",t,t,Belize Islands,Belize,17.739948,-88.02488,Private room in resort,Private room,4,1.0,1.0,2.0,"[""Air conditioning"", ""Bed linens"", ""Exercise equipment"", ""Kayak"", ""Luggage dropoff allowed"", ""Hair dryer"", ""Waterfront"", ""HDTV"", ""Free resort access"", ""Hangers"", ""Hot water"", ""Wifi"", ""Shampoo"", ""Essentials"", ""Long term stays allowed"", ""Patio or balcony"", ""Beach access \u2013 Beachfront"", ""Free parking on premises"", ""Sun loungers"", ""Fire extinguisher"", ""Beach view"", ""Outdoor pool - available all year, open specific hours"", ""Smoke alarm"", ""Exterior security cameras on property"", ""Outdoor furniture"", ""Body soap"", ""Ceiling fan"", ""Clothing storage: closet""]",$149.00,1,365,t,24,52,82,342,2025-03-23,166,56,0,274,72,255,37995.0,2022-02-17,2025-02-08,4.6,4.64,4.57,4.74,4.75,4.73,4.53,,t,28
1788,1788,city scrape,Beach Suite with a Sea View on the Beach #14,,406013307,2021-06-08,within an hour,100%,f,"['email', 'phone']",t,t,Belize Islands,Belize,17.739948,-88.02488,Private room in resort,Private room,4,1.0,1.0,2.0,"[""Air conditioning"", ""Bed linens"", ""Exercise equipment"", ""Mini fridge"", ""Kayak"", ""Luggage dropoff allowed"", ""Hair dryer"", ""Outdoor dining area"", ""Waterfront"", ""HDTV"", ""Free resort access"", ""Gym"", ""Hangers"", ""Hot water"", ""Wifi"", ""Room-darkening shades"", ""Shampoo"", ""Essentials"", ""Long term stays allowed"", ""Cleaning available during stay"", ""Coffee maker: drip coffee maker"", ""Patio or balcony"", ""Safe"", ""Beach access \u2013 Beachfront"", ""Microwave"", ""Free parking on premises"", ""Clothing storage: closet and dresser"", ""Sun loungers"", ""Fire extinguisher"", ""Outdoor pool - available all year, open specific hours"", ""Smoke alarm"", ""Exterior security cameras on property"", ""Body soap"", ""Ceiling fan""]",$310.00,1,365,t,30,53,83,337,2025-03-23,38,13,0,271,16,78,24180.0,2022-02-25,2025-01-18,4.34,4.47,4.5,4.58,4.63,4.66,4.42,,t,28
1789,1789,city scrape,Economy Room at Tropical Paradise Express #22,,406013307,2021-06-08,within an hour,100%,f,"['email', 'phone']",t,t,Belize Mainland,Belize,17.56777,-88.4016,Private room in resort,Private room,3,1.0,1.0,2.0,"[""Air conditioning"", ""Bed linens"", ""Exercise equipment"", ""Kayak"", ""Luggage dropoff allowed"", ""Outdoor dining area"", ""Waterfront"", ""Free resort access"", ""Gym"", ""Hangers"", ""Wifi"", ""Shampoo"", ""Essentials"", ""Long term stays allowed"", ""Cleaning available during stay"", ""32 inch HDTV"", ""Beach access \u2013 Beachfront"", ""Free parking on premises"", ""Fire extinguisher"", ""Outdoor pool - available all year, open specific hours"", ""Smoke alarm"", ""Exterior security cameras on property"", ""Body soap"", ""Ceiling fan"", ""Clothing storage: closet""]",$107.00,1,365,t,22,52,79,328,2025-03-23,40,15,1,265,16,90,9630.0,2022-01-27,2025-03-03,4.28,4.58,4.4,4.75,4.63,4.73,4.3,,t,28
1792,1792,city scrape,Lovely 2-bedroom rental unit with free parking,,436826051,2021-12-20,within an hour,95%,t,"['email', 'phone']",f,t,Belize Mainland,Belize,17.48401,-88.24449,Entire rental unit,Entire home/apt,4,2.0,2.0,2.0,"[""Dedicated workspace"", ""Backyard"", ""Air conditioning"", ""Kitchen"", ""Hair dryer"", ""Stove"", ""Toaster"", ""Dryer"", ""Washer"", ""Breakfast"", ""Pets allowed"", ""Hangers"", ""Hot water"", ""Oven"", ""Wifi"", ""Host greets you"", ""Refrigerator"", ""Iron"", ""Dishes and silverware"", ""Essentials"", ""Long term stays allowed"", ""Bathtub"", ""Patio or balcony"", ""TV"", ""Blender"", ""Microwave"", ""Coffee"", ""Free parking on premises"", ""Fire extinguisher"", ""Smoke alarm"", ""Dining table"", ""Drying rack for clothing"", ""Body soap"", ""Ceiling fan"", ""Coffee maker"", ""Clothing storage: closet""]",$185.00,1,365,t,30,52,82,356,2025-03-23,59,6,0,276,15,36,6660.0,2022-01-16,2024-11-18,4.88,4.88,4.85,4.97,4.97,4.68,4.9,,t,7
1793,1793,city scrape,Charming 1 Bedroom on the upper flat with balcony.,,421322150,2021-09-02,within an hour,97%,t,"['email', 'phone']",t,t,Belize Mainland,Belize,17.50299,-88.1903,Room in boutique hotel,Private room,2,1.0,1.0,1.0,"[""Elevator"", ""TV with Fire TV"", ""Dedicated workspace"", ""Air conditioning"", ""Bed linens"", ""Mini fridge"", ""Laundromat nearby"", ""Luggage dropoff allowed"", ""Hair dryer"", ""Smart lock"", ""Hangers"", ""Hot water"", ""Wifi"", ""Shampoo"", ""Iron"", ""Refrigerator"", ""Carbon monoxide alarm"", ""Heating"", ""Essentials"", ""Free street parking"", ""Long term stays allowed"", ""First aid kit"", ""Safe"", ""Microwave"", ""Coffee"", ""Free parking on premises"", ""Self check-in"", ""Fire extinguisher"", ""Conditioner"", ""Smoke alarm"", ""Clothing storage"", ""Noise decibel monitors on property"", ""Exterior security cameras on property"", ""Body soap"", ""Private entrance"", ""Coffee maker""]",$172.00,1,365,t,6,31,61,255,2025-03-23,49,9,2,255,13,54,9288.0,2022-01-20,2025-03-01,4.8,4.88,4.86,4.9,4.9,4.47,4.76,,t,14
1795,1795,city scrape,Charming Cabana  in Paradise #9,,406013307,2021-06-08,within an hour,100%,f,"['email', 'phone']",t,t,Belize Islands,Belize,17.739948,-88.02488,Private room in resort,Private room,4,1.0,1.0,1.0,"[""Air conditioning"", ""Bed linens"", ""Exercise equipment"", ""Kayak"", ""Luggage dropoff allowed"", ""Hair dryer"", ""Waterfront"", ""Free resort access"", ""Gym"", ""Hangers"", ""Hot water"", ""Wifi"", ""Shampoo"", ""Essentials"", ""Long term stays allowed"", ""Cleaning available during stay"", ""Patio or balcony"", ""Beach access \u2013 Beachfront"", ""Free parking on premises"", ""Sun loungers"", ""Fire extinguisher"", ""Outdoor pool - available all year, open specific hours"", ""Smoke alarm"", ""Exterior security cameras on property"", ""40 inch HDTV"", ""Body soap"", ""Ceiling fan"", ""Clothing storage: closet""]",$171.00,1,365,t,18,46,70,261,2025-03-23,36,9,0,216,13,54,9234.0,2022-01-18,2025-02-18,4.44,4.53,4.64,4.78,4.69,4.58,4.5,,t,28
1797,1797,city scrape,Charming 1 Bedroom on the upper flat with balcony.,,421322150,2021-09-02,within an hour,97%,t,"['email', 'phone']",t,t,Belize Mainland,Belize,17.50323,-88.19019,Room in boutique hotel,Private room,2,1.0,1.0,1.0,"[""Elevator"", ""TV with Fire TV"", ""Dedicated workspace"", ""Air conditioning"", ""Bed linens"", ""Mini fridge"", ""Laundromat nearby"", ""Luggage dropoff allowed"", ""Hair dryer"", ""Smart lock"", ""Hangers"", ""Hot water"", ""Wifi"", ""Shampoo"", ""Iron"", ""Refrigerator"", ""Carbon monoxide alarm"", ""Heating"", ""Essentials"", ""Free street parking"", ""Long term stays allowed"", ""First aid kit"", ""Patio or balcony"", ""Safe"", ""Microwave"", ""Coffee"", ""Free parking on premises"", ""Self check-in"", ""Fire extinguisher"", ""Conditioner"", ""Smoke alarm"", ""Clothing storage"", ""Exterior security cameras on property"", ""Body soap"", ""Private entrance"", ""Coffee maker""]",$172.00,1,365,t,19,46,76,270,2025-03-23,50,15,2,270,16,90,15480.0,2022-02-01,2025-03-06,4.78,4.78,4.84,4.88,4.94,4.52,4.76,,t,14
1799,1799,city scrape,Comfy Economy Room #26,,406013307,2021-06-08,within an hour,100%,f,"['email', 'phone']",t,t,Belize Islands,Belize,17.739948,-88.02488,Private room in resort,Private room,3,1.0,1.0,2.0,"[""Air conditioning"", ""Bed linens"", ""Exercise equipment"", ""Kayak"", ""Luggage dropoff allowed"", ""Waterfront"", ""Free resort access"", ""Gym"", ""Hangers"", ""Hot water"", ""Wifi"", ""Shampoo"", ""Essentials"", ""Long term stays allowed"", ""Cleaning available during stay"", ""32 inch HDTV"", ""Beach access \u2013 Beachfront"", ""Free parking on premises"", ""Fire extinguisher"", ""Shared outdoor pool - available all year, open specific hours"", ""Smoke alarm"", ""Exterior security cameras on property"", ""Body soap"", ""Ceiling fan"", ""Clothing storage: closet""]",$107.00,1,365,t,22,52,79,328,2025-03-23,190,62,2,265,77,255,27285.0,2022-03-06,2025-03-03,4.36,4.45,4.37,4.69,4.69,4.71,4.33,,t,28
1800,1800,previous scrape,Suite-Designer-Ensuite with Shower-Treetops Suite,"Overlooking the Caribbean Sea, The Tree Tops stirs a tasty mélange of Caribbean, Belizean and Italian design elements to create the perfect spot to unwind.<br /><br />The pure, crisp white structure sits within earshot of the Ocean crashing waves.<br /><br />All room have a distinctly Caribbean interior style, with breezy burlap linen curtains and nostalgic yet highly functional overhead ceiling fans.",427948310,2021-10-18,within a day,50%,f,"['email', 'phone']",t,t,Belize Islands,Belize,17.73839,-88.02416,Room in hotel,Private room,2,,1.0,,"[""Backyard"", ""Air conditioning"", ""Bed linens"", ""Private beach access"", ""HDTV"", ""Gym"", ""Hangers"", ""Hot water"", ""Wifi"", ""Room-darkening shades"", ""Shampoo"", ""Hot water kettle"", ""Essentials"", ""Cleaning available during stay"", ""Clothing storage: wardrobe"", ""Patio or balcony"", ""Fire extinguisher"", ""Smoke alarm"", ""Sea view"", ""Private entrance""]",,1,365,t,8,21,48,295,2025-03-23,3,0,0,233,0,0,,2023-01-17,2023-04-13,5.0,5.0,5.0,5.0,5.0,4.33,4.33,,t,8
1801,1801,previous scrape,Countryside view - Sunset Suite,"Overlooking the Caribbean Sea, The Tree Tops stirs a tasty mélange of Caribbean, Belizean and Italian design elements to create the perfect spot to unwind.<br /><br />The pure, crisp white structure sits within earshot of the Ocean crashing waves.<br /><br />All room have a distinctly Caribbean interior style, with breezy burlap linen curtains and nostalgic yet highly functional overhead ceiling fans.",427948310,2021-10-18,within a day,50%,f,"['email', 'phone']",t,t,Belize Islands,Belize,17.73976,-88.02606,Room in hotel,Private room,2,,1.0,,"[""Backyard"", ""Air conditioning"", ""Bed linens"", ""Hair dryer"", ""Private beach access"", ""HDTV"", ""Gym"", ""Hangers"", ""Hot water"", ""Wifi"", ""Room-darkening shades"", ""Shampoo"", ""Hot water kettle"", ""Essentials"", ""Cleaning available during stay"", ""Clothing storage: wardrobe"", ""Patio or balcony"", ""Fire extinguisher"", ""Smoke alarm""]",,1,365,t,15,36,53,326,2025-03-23,1,0,0,245,0,0,,2022-03-26,2022-03-26,5.0,5.0,5.0,5.0,5.0,4.0,5.0,,t,8
1802,1802,city scrape,Studio-Designer-Ensuite with Shower-Ocean View,"Overlooking the Caribbean Sea, The Tree Tops stirs a tasty mélange of Caribbean, Belizean and Italian design elements to create the perfect spot to unwind.<br /><br />The pure, crisp white structure sits within earshot of the Ocean crashing waves.<br /><br />All room have a distinctly Caribbean interior style, with breezy burlap linen curtains and nostalgic yet highly functional overhead ceiling fans.",427948310,2021-10-18,within a day,50%,f,"['email', 'phone']",t,t,Belize Islands,Belize,17.73865,-88.02489,Entire rental unit,Entire home/apt,2,1.0,1.0,1.0,"[""Backyard"", ""Bed linens"", ""Kitchen"", ""Hair dryer"", ""Private beach access"", ""Cooking basics"", ""Gym"", ""Hangers"", ""Hot water"", ""Wifi"", ""Room-darkening shades"", ""Refrigerator"", ""Shampoo"", ""Dishes and silverware"", ""Hot water kettle"", ""Cleaning available during stay"", ""Single level home"", ""Clothing storage: wardrobe"", ""Patio or balcony"", ""Microwave"", ""Fire extinguisher"", ""Smoke alarm"", ""Sea view"", ""AC - split type ductless system"", ""40 inch HDTV with Amazon Prime Video, Netflix, Roku"", ""Coffee maker""]",$476.00,1,365,t,11,29,52,323,2025-03-23,1,0,0,242,1,0,0.0,2024-03-18,2024-03-18,5.0,5.0,5.0,5.0,5.0,5.0,5.0,,t,8
1803,1803,previous scrape,Double room-Designer-Ensuite with Shower-OceanView,"Overlooking the Caribbean Sea, The Tree Tops stirs a tasty mélange of Caribbean, Belizean and Italian design elements to create the perfect spot to unwind.<br /><br />The pure, crisp white structure sits within earshot of the Ocean crashing waves.<br /><br />All room have a distinctly Caribbean interior style, with breezy burlap linen curtains and nostalgic yet highly functional overhead ceiling fans.",427948310,2021-10-18,within a day,50%,f,"['email', 'phone']",t,t,Belize Islands,Belize,17.73908,-88.02412,Room in hotel,Private room,2,,1.0,,"[""Air conditioning"", ""Bed linens"", ""Hair dryer"", ""Private beach access"", ""HDTV"", ""Gym"", ""Hangers"", ""Hot water"", ""Wifi"", ""Room-darkening shades"", ""Shampoo"", ""Private backyard \u2013 Fully fenced"", ""Hot water kettle"", ""Cleaning available during stay"", ""First aid kit"", ""Shared patio or balcony"", ""Clothing storage: wardrobe"", ""Fire extinguisher"", ""Smoke alarm"", ""Sea view""]",,1,365,t,8,18,33,267,2025-03-23,0,0,0,187,0,0,,,,,,,,,,,,t,8
1807,1807,city scrape,Elle's 2 bedroom/2 bathroom,"The area is peaceful, you will enjoy the backyard looking out for the huge male iguana (orange and black) that sun bathes in the tree tops waiting to be lured with edible tropical fruits.",438771620,2022-01-03,within an hour,100%,t,"['email', 'phone']",t,t,Cayo,Cayo,17.15051,-89.08225,Entire home,Entire home/apt,4,2.0,2.0,2.0,"[""Dedicated workspace"", ""Extra pillows and blankets"", ""Bed linens"", ""Kitchen"", ""Wine glasses"", ""Luggage dropoff allowed"", ""Cleaning products"", ""Toaster"", ""Cooking basics"", ""Hangers"", ""Hot water"", ""Oven"", ""Wifi"", ""Host greets you"", ""Iron"", ""Dishes and silverware"", ""Mabe two door frost free refrigerator"", ""Hot water kettle"", ""Essentials"", ""Private backyard \u2013 Fully fenced"", ""Gas stove"", ""Long term stays allowed"", ""Clothing storage: closet and wardrobe"", ""Private patio or balcony"", ""Single level home"", ""Coffee maker: drip coffee maker"", ""32 inch HDTV"", ""Microwave"", ""Coffee"", ""Free parking on premises"", ""Paid washer \u2013 In unit"", ""Fire extinguisher"", ""Freezer"", ""Smoke alarm"", ""Dining table"", ""AC - split type ductless system"", ""Exterior security cameras on property"", ""Body soap"", ""Private entrance"", ""Ceiling fan""]",$138.00,2,1125,t,7,32,62,330,2025-03-23,61,21,1,249,27,126,17388.0,2022-02-20,2025-03-12,4.95,4.98,4.97,5.0,5.0,4.74,4.98,,t,3
1808,1808,city scrape,"One Bedroom, Full kitchen, Placencia Village",Quiet residential neighborhood,442039481,2022-01-25,within a day,50%,f,"['email', 'phone']",t,t,Stann Creek Mainland,Stann Creek,16.5231,-88.36843,Entire rental unit,Entire home/apt,2,1.0,1.0,1.0,"[""Backyard"", ""Air conditioning"", ""Kitchen"", ""Dryer"", ""Washer"", ""Ocean view"", ""Hangers"", ""Hot water"", ""Pool"", ""Wifi"", ""Host greets you"", ""Refrigerator"", ""Shampoo"", ""Iron"", ""Essentials"", ""First aid kit"", ""TV"", ""Free parking on premises"", ""Fire extinguisher"", ""Beach view"", ""Smoke alarm"", ""Sea view"", ""Exterior security cameras on property""]",$311.00,1,365,t,0,0,20,186,2025-03-23,0,0,0,185,0,0,0.0,,,,,,,,,,,t,3
1809,1809,city scrape,"One Bedroom, Full kitchen, Placencia Village",Quiet residential neighborhood,442039481,2022-01-25,within a day,50%,f,"['email', 'phone']",t,t,Stann Creek Mainland,Stann Creek,16.52256,-88.36959,Entire rental unit,Entire home/apt,2,1.0,1.0,1.0,"[""Backyard"", ""Air conditioning"", ""Bed linens"", ""Kitchen"", ""Laundromat nearby"", ""Cleaning products"", ""Stove"", ""Toaster"", ""Cooking basics"", ""Hangers"", ""Hot water"", ""Oven"", ""Wifi"", ""Host greets you"", ""Room-darkening shades"", ""Shampoo"", ""Iron"", ""Paid dryer \u2013 In building"", ""Refrigerator"", ""Essentials"", ""First aid kit"", ""Baking sheet"", ""TV"", ""Safe"", ""Beach access \u2013 Beachfront"", ""Microwave"", ""Coffee"", ""Courtyard view"", ""Free parking on premises"", ""Fire extinguisher"", ""Freezer"", ""Shared pool"", ""Smoke alarm"", ""Exterior security cameras on property"", ""Paid washer \u2013 In building"", ""Body soap"", ""Private entrance"", ""Ceiling fan"", ""Coffee maker""]",$311.00,1,365,t,16,45,75,293,2025-03-23,3,2,0,269,1,12,3732.0,2022-08-30,2025-01-01,5.0,5.0,5.0,5.0,5.0,5.0,5.0,,t,3
1810,1810,city scrape,"One Bedroom, Full Kitchen, Placencia Village",Quiet residential neighborhood,442039481,2022-01-25,within a day,50%,f,"['email', 'phone']",t,t,Stann Creek Mainland,Stann Creek,16.52166,-88.37027,Entire rental unit,Entire home/apt,2,1.0,1.0,1.0,"[""Free dryer \u2013 In building"", ""Bed linens"", ""Kitchen"", ""40 inch HDTV with Amazon Prime Video, Netflix"", ""Cleaning products"", ""Resort access"", ""Toaster"", ""Waterfront"", ""Cooking basics"", ""Shared beach access \u2013 Beachfront"", ""Free washer \u2013 In building"", ""Hangers"", ""Hot water"", ""Oven"", ""Wifi"", ""Host greets you"", ""Room-darkening shades"", ""Shampoo"", ""Iron"", ""Refrigerator"", ""Dishes and silverware"", ""Private backyard \u2013 Fully fenced"", ""Essentials"", ""Gas stove"", ""Shower gel"", ""Private patio or balcony"", ""First aid kit"", ""Clothing storage: wardrobe"", ""Safe"", ""Microwave"", ""Coffee"", ""Courtyard view"", ""Free parking on premises"", ""Fire extinguisher"", ""Freezer"", ""Conditioner"", ""Smoke alarm"", ""Shared pool"", ""AC - split type ductless system"", ""Exterior security cameras on property"", ""Outdoor furniture"", ""Ceiling fan"", ""Coffee maker""]",$311.00,1,365,t,27,57,87,333,2025-03-23,4,1,0,281,1,6,1866.0,2022-11-09,2024-12-02,5.0,5.0,4.75,5.0,5.0,5.0,5.0,,t,3
1811,1811,city scrape,Elle's Place Studio #1,,438771620,2022-01-03,within an hour,100%,t,"['email', 'phone']",t,t,Cayo,Cayo,17.14915,-89.08214,Entire serviced apartment,Entire home/apt,2,1.0,0.0,1.0,"[""Dedicated workspace"", ""Extra pillows and blankets"", ""Bed linens"", ""Mini fridge"", ""Kitchen"", ""Luggage dropoff allowed"", ""Cleaning products"", ""Toaster"", ""Cooking basics"", ""Hangers"", ""Hot water"", ""Oven"", ""Wifi"", ""Host greets you"", ""Iron"", ""Dishes and silverware"", ""Hot water kettle"", ""Essentials"", ""Private backyard \u2013 Fully fenced"", ""Long term stays allowed"", ""Private patio or balcony"", ""Coffee maker: drip coffee maker"", ""Clothing storage: wardrobe"", ""Microwave"", ""Free parking on premises"", ""Paid washer \u2013 In unit"", ""Fire extinguisher"", ""Smoke alarm"", ""Table top double electric burner  stove"", ""Dining table"", ""32 inch HDTV with Fire TV, HBO Max"", ""AC - split type ductless system"", ""Drying rack for clothing"", ""Exterior security cameras on property"", ""Body soap"", ""Private entrance"", ""Ceiling fan""]",$103.00,2,30,t,5,27,55,320,2025-03-23,101,41,6,239,42,246,25338.0,2022-02-12,2025-03-19,4.93,4.96,4.96,4.95,4.99,4.59,4.96,,t,3
1817,1817,city scrape,Sunrise King Studio,"Costa Nube is located just south of the air strip. All properties in the area are off grid utilizing solar for energy and rain catch for water supply. As a collective, water & electricity conservation efforts are important. Enjoy the nature paths through the southern part of the island.  Take one of the paddle boards out to the sea. We are minutes from the village for dinning, shopping, day activities,  tours, or nightlife. Once back at Costa Nube enjoy the serenity & beauty of the mangrove reserve.",444062147,2022-02-07,within an hour,100%,t,"['email', 'phone']",t,t,Belize Islands,Belize,17.732397079467773,-88.03131866455078,Entire place,Entire home/apt,2,1.0,0.0,1.0,"[""BBQ grill"", ""Mabe stainless steel gas stove"", ""Dedicated workspace"", ""Heating - split type ductless system"", ""Mini fridge"", ""Kitchen"", ""Wine glasses"", ""Laundromat nearby"", ""Luggage dropoff allowed"", ""Hair dryer"", ""Toaster"", ""Outdoor dining area"", ""Cooking basics"", ""Exercise equipment: free weights, yoga mat"", ""Ocean view"", ""Keypad"", ""Hangers"", ""Portable fans"", ""Wifi"", ""Room-darkening shades"", ""Shampoo"", ""Iron"", ""Carbon monoxide alarm"", ""Refrigerator"", ""Dishes and silverware"", ""Essentials"", ""Hot water kettle"", ""Private backyard \u2013 Fully fenced"", ""Hammock"", ""Free street parking"", ""40 inch HDTV with Fire TV"", ""Barbecue utensils"", ""First aid kit"", ""Baking sheet"", ""Shared patio or balcony"", ""Coffee maker: drip coffee maker"", ""Outdoor shower"", ""Clothing storage: wardrobe"", ""Books and reading material"", ""Stainless steel oven"", ""Safe"", ""Bikes"", ""Blender"", ""Shared beach access"", ""Coffee"", ""Free parking on premises"", ""Beach essentials"", ""Self check-in"", ""Fire extinguisher"", ""Conditioner"", ""Smoke alarm"", ""Dining table"", ""Sea view"", ""AC - split type ductless system"", ""Drying rack for clothing"", ""City skyline view"", ""Exterior security cameras on property"", ""Outdoor furniture"", ""Body soap"", ""Ceiling fan"", ""Garden view""]",$206.00,2,30,t,8,21,51,247,2025-03-23,37,16,3,166,11,96,19776.0,2022-11-19,2025-03-17,5.0,4.95,4.95,4.97,5.0,4.81,5.0,,t,4
1820,1820,city scrape,Cityscape Suite,,444489014,2022-02-10,within an hour,100%,t,"['email', 'phone']",t,t,Cayo,Cayo,17.2403,-88.77688,Entire serviced apartment,Entire home/apt,2,2.0,1.0,1.0,"[""BBQ grill"", ""Free parking garage on premises \u2013 8 spaces"", ""Dedicated workspace"", ""Extra pillows and blankets"", ""Bed linens"", ""Private hot tub"", ""Kitchen"", ""Wine glasses"", ""Whirlpool  refrigerator"", ""Hair dryer"", ""Cleaning products"", ""Luggage dropoff allowed"", ""Toaster"", ""Outdoor dining area"", ""Cooking basics"", ""Crib - always at the listing"", ""Free dryer \u2013 In unit"", ""Hangers"", ""Hot water"", ""Wifi"", ""Room-darkening shades"", ""Shampoo"", ""Iron"", ""Dishes and silverware"", ""Pack \u2019n play/Travel crib - always at the listing"", ""Outlet covers"", ""Essentials"", ""Heating"", ""Frigidaire gas stove"", ""Hot water kettle"", ""Free street parking"", ""Long term stays allowed"", ""Cleaning available during stay"", ""Barbecue utensils"", ""Private patio or balcony"", ""Bathtub"", ""First aid kit"", ""Baking sheet"", ""Free washer \u2013 In unit"", ""Coffee maker: drip coffee maker"", ""Safe"", ""Blender"", ""Microwave"", ""Coffee"", ""Lockbox"", ""Self check-in"", ""Clothing storage: walk-in closet"", ""Fire extinguisher"", ""55 inch HDTV with Fire TV, standard cable"", ""Freezer"", ""Shared outdoor pool - available all year, open specific hours"", ""Conditioner"", ""Smoke alarm"", ""Dining table"", ""AC - split type ductless system"", ""Exterior security cameras on property"", ""Outdoor furniture"", ""Frigidaire stainless steel oven"", ""Body soap"", ""Private entrance"", ""Ceiling fan""]",$304.00,1,1125,t,6,21,43,133,2025-03-23,7,4,0,133,4,24,7296.0,2022-08-28,2025-02-20,4.86,4.86,5.0,4.71,5.0,4.57,4.43,,t,5
1821,1821,city scrape,Suite in Paradise #20,,406013307,2021-06-08,within an hour,100%,f,"['email', 'phone']",t,t,Belize Islands,Belize,17.739948,-88.02488,Private room in resort,Private room,2,1.0,1.0,1.0,"[""Air conditioning"", ""Bed linens"", ""Exercise equipment"", ""Mini fridge"", ""Kayak"", ""Luggage dropoff allowed"", ""Hair dryer"", ""Waterfront"", ""Free resort access"", ""Gym"", ""Hangers"", ""Hot water"", ""Wifi"", ""Shampoo"", ""Essentials"", ""Long term stays allowed"", ""Cleaning available during stay"", ""Coffee maker: drip coffee maker"", ""Patio or balcony"", ""Beach access \u2013 Beachfront"", ""Free parking on premises"", ""Sun loungers"", ""Fire extinguisher"", ""Outdoor pool - available all year, open specific hours"", ""Smoke alarm"", ""Dining table"", ""Private hot tub - available all year, open 24 hours"", ""Exterior security cameras on property"", ""40 inch HDTV"", ""Body soap"", ""Ceiling fan"", ""Clothing storage: closet""]",$172.00,1,365,t,14,43,71,304,2025-03-23,45,9,0,244,12,54,9288.0,2022-03-22,2024-11-29,4.44,4.44,4.38,4.69,4.71,4.71,4.29,,t,28
1822,1822,city scrape,Elle's Place Studio #2,,438771620,2022-01-03,within an hour,100%,t,"['email', 'phone']",t,t,Cayo,Cayo,17.15136,-89.08222,Entire serviced apartment,Entire home/apt,2,1.0,0.0,1.0,"[""Dedicated workspace"", ""Bed linens"", ""Luggage dropoff allowed"", ""Cleaning products"", ""Toaster"", ""Cooking basics"", ""Hangers"", ""Hot water"", ""Wifi"", ""Host greets you"", ""Refrigerator"", ""Iron"", ""Dishes and silverware"", ""Hot water kettle"", ""Essentials"", ""Private backyard \u2013 Fully fenced"", ""Long term stays allowed"", ""Private patio or balcony"", ""Single level home"", ""Coffee maker: drip coffee maker"", ""Clothing storage: wardrobe"", ""TV"", ""Microwave"", ""Free parking on premises"", ""Paid washer \u2013 In unit"", ""Fire extinguisher"", ""Smoke alarm"", ""Dining table"", ""Kitchenette"", ""AC - split type ductless system"", ""2 burner electric table top electric stove"", ""Exterior security cameras on property"", ""Outdoor furniture"", ""Private entrance"", ""Ceiling fan""]",$84.00,2,1125,t,12,35,65,336,2025-03-23,82,26,3,255,30,156,13104.0,2022-02-27,2025-03-07,4.98,4.98,5.0,5.0,4.99,4.72,4.96,,t,3
1826,1826,city scrape,Banana Cabana #10,,406013307,2021-06-08,within an hour,100%,f,"['email', 'phone']",t,t,Belize Islands,Belize,17.739948,-88.02488,Private room in resort,Private room,3,1.0,1.0,1.0,"[""Air conditioning"", ""Bed linens"", ""Exercise equipment"", ""Mini fridge"", ""Kayak"", ""Luggage dropoff allowed"", ""Hair dryer"", ""Waterfront"", ""Free resort access"", ""Gym"", ""Hangers"", ""Hot water"", ""Wifi"", ""Shampoo"", ""Essentials"", ""Long term stays allowed"", ""Cleaning available during stay"", ""Coffee maker: drip coffee maker"", ""Beach access \u2013 Beachfront"", ""Free parking on premises"", ""Sun loungers"", ""Fire extinguisher"", ""Outdoor pool - available all year, open specific hours"", ""Smoke alarm"", ""Exterior security cameras on property"", ""40 inch HDTV"", ""Body soap"", ""Ceiling fan"", ""Clothing storage: closet""]",$178.00,1,365,t,21,46,71,294,2025-03-23,17,0,0,243,4,0,0.0,2022-02-25,2024-03-05,4.53,4.41,4.65,4.76,4.82,4.65,4.59,,t,28
1831,1831,city scrape,The Sea Glass Inn - Beachfront Guestroom,,432925921,2021-11-21,within an hour,100%,f,"['email', 'phone']",t,t,Stann Creek Mainland,Stann Creek,16.51344,-88.36557,Room in boutique hotel,Private room,2,1.0,1.0,1.0,"[""Ethernet connection"", ""Dedicated workspace"", ""Extra pillows and blankets"", ""Bay view"", ""Bed linens"", ""Kitchen"", ""Luggage dropoff allowed"", ""Hair dryer"", ""Resort access"", ""Outdoor dining area"", ""Sound system"", ""Board games"", ""Hangers"", ""Hot water"", ""Coffee maker"", ""Room-darkening shades"", ""Shampoo"", ""Iron"", ""Fast wifi \u2013 63 Mbps"", ""Refrigerator"", ""Dishes and silverware"", ""Essentials"", ""Long term stays allowed"", ""Free street parking"", ""Shower gel"", ""First aid kit"", ""Outdoor kitchen"", ""Shared patio or balcony"", ""Children\u2019s dinnerware"", ""Outdoor shower"", ""Books and reading material"", ""Safe"", ""Fire pit"", ""Beach access \u2013 Beachfront"", ""Free parking on premises"", ""Beach essentials"", ""Fire extinguisher"", ""Beach view"", ""Conditioner"", ""Smoke alarm"", ""Sea view"", ""AC - split type ductless system"", ""Clothing storage"", ""Exterior security cameras on property"", ""Body soap"", ""Children\u2019s books and toys"", ""Ceiling fan"", ""Garden view"", ""Harbor view""]",$466.00,1,30,t,17,43,73,339,2025-03-23,5,0,0,260,1,0,0.0,2022-03-15,2024-01-31,5.0,5.0,5.0,5.0,5.0,5.0,5.0,,f,2
1833,1833,city scrape,Imani's Inn Placencia 1-bedroom gold standard #1,,446937405,2022-02-26,within an hour,100%,t,"['email', 'phone']",t,t,Stann Creek Mainland,Stann Creek,16.51652,-88.36641,Room in hotel,Private room,4,1.0,1.0,2.0,"[""Fire extinguisher"", ""Smoke alarm"", ""First aid kit"", ""AC - split type ductless system"", ""TV"", ""Exterior security cameras on property"", ""Wifi""]",$281.00,1,1125,t,27,57,87,362,2025-03-23,14,2,0,281,8,12,3372.0,2022-03-15,2025-02-08,5.0,5.0,5.0,5.0,5.0,4.93,5.0,,t,4
1834,1834,city scrape,Imani's Inn Placencia 1-bedroom gold standard #2,,446937405,2022-02-26,within an hour,100%,t,"['email', 'phone']",t,t,Stann Creek Mainland,Stann Creek,16.51689,-88.36772,Room in hotel,Private room,4,1.0,1.0,2.0,"[""Dedicated workspace"", ""Extra pillows and blankets"", ""Air conditioning"", ""Eco-friendly  shampoo"", ""Bed linens"", ""Mini fridge"", ""Laundromat nearby"", ""Luggage dropoff allowed"", ""Cleaning products"", ""Waterfront"", ""Eco-friendly  conditioner"", ""Shared beach access \u2013 Beachfront"", ""Hangers"", ""Hot water"", ""Mini refrigerator"", ""Wifi"", ""Room-darkening shades"", ""Iron"", ""Essentials"", ""Long term stays allowed"", ""Free street parking"", ""Shower gel"", ""Private patio or balcony"", ""First aid kit"", ""TV"", ""Safe"", ""Eco-friendly  body soap"", ""Microwave"", ""Fire extinguisher"", ""Smoke alarm"", ""Clothing storage"", ""Exterior security cameras on property"", ""Private entrance"", ""BBQ grill: charcoal""]",$245.00,1,1125,t,25,54,84,310,2025-03-23,34,1,0,278,7,6,1470.0,2022-03-20,2024-04-20,5.0,4.97,5.0,4.94,5.0,4.97,4.97,,t,4
1836,1836,city scrape,Coco's Beachfront Cabanas Seaside Suite A,Our location is the very north end of Seine Bight right before entering Surfside.,447255619,2022-02-28,,,f,"['email', 'phone']",t,t,Stann Creek Mainland,Stann Creek,16.5797,-88.36418,Entire vacation home,Entire home/apt,3,0.0,1.0,2.0,"[""BBQ grill"", ""Private pool"", ""Air conditioning"", ""Kitchen"", ""Wine glasses"", ""Kayak"", ""Stove"", ""Toaster"", ""Outdoor dining area"", ""Waterfront"", ""Cooking basics"", ""Hangers"", ""Oven"", ""Portable fans"", ""Wifi"", ""Host greets you"", ""Refrigerator"", ""Hammock"", ""Dishes and silverware"", ""TV with premium cable"", ""Essentials"", ""Barbecue utensils"", ""Private patio or balcony"", ""First aid kit"", ""Bikes"", ""Coffee maker: drip coffee maker"", ""Outdoor shower"", ""Safe"", ""Beach access \u2013 Beachfront"", ""Microwave"", ""Coffee"", ""Free parking on premises"", ""Fire extinguisher"", ""Beach view"", ""Smoke alarm"", ""Dining table"", ""Exterior security cameras on property"", ""Outdoor furniture"", ""Private entrance"", ""Ceiling fan""]",$282.00,2,365,t,16,20,49,269,2025-03-23,4,1,0,209,3,6,1692.0,2022-07-15,2024-12-28,5.0,5.0,5.0,5.0,5.0,5.0,5.0,,t,2
1847,1847,previous scrape,Ally’s place,"Supermarkets within walking distance, corner store in eyesight of property.  Phillip Goldson International airport is about 20 minutes and Sir Barry municipal airstrip about 10 minutes  from property.",441899788,2022-01-24,,,f,"['email', 'phone']",t,f,Belize Mainland,Belize,17.50763,-88.20792,Private room in bed and breakfast,Private room,6,,,,"[""Dedicated workspace"", ""Extra pillows and blankets"", ""Babysitter recommendations"", ""Mini fridge"", ""Kitchen"", ""Wine glasses"", ""Luggage dropoff allowed"", ""Hair dryer"", ""Stove"", ""Toaster"", ""Lock on bedroom door"", ""Cooking basics"", ""Breakfast"", ""Hangers"", ""Coffee maker: drip coffee maker, Keurig coffee machine, pour-over coffee"", ""Hot water"", ""Oven"", ""Portable fans"", ""Refrigerator"", ""Iron"", ""Dishes and silverware"", ""Hot water kettle"", ""Essentials"", ""Long term stays allowed"", ""Free street parking"", ""Cleaning available during stay"", ""Baby bath"", ""Bathtub"", ""Baking sheet"", ""Shared patio or balcony"", ""Single level home"", ""Microwave"", ""Free parking on premises"", ""Paid washer \u2013 In unit"", ""Freezer"", ""Dining table"", ""Clothing storage: walk-in closet and dresser"", ""Drying rack for clothing"", ""Paid dryer \u2013 In unit"", ""Body soap""]",,3,365,,0,0,0,0,2025-03-23,0,0,0,0,0,0,,,,,,,,,,,,f,3
1848,1848,previous scrape,Cozy room in a residential home,,441899788,2022-01-24,,,f,"['email', 'phone']",t,f,Belize Mainland,Belize,17.50671,-88.20731,Private room in home,Private room,3,,,,"[""Dedicated workspace"", ""Extra pillows and blankets"", ""Babysitter recommendations"", ""Mini fridge"", ""Kitchen"", ""Wine glasses"", ""Luggage dropoff allowed"", ""Hair dryer"", ""Stove"", ""Toaster"", ""Dryer"", ""Lock on bedroom door"", ""Cooking basics"", ""Washer"", ""Breakfast"", ""Hangers"", ""Hot water"", ""Oven"", ""Portable fans"", ""Refrigerator"", ""Iron"", ""Dishes and silverware"", ""Hot water kettle"", ""Essentials"", ""Long term stays allowed"", ""Free street parking"", ""Cleaning available during stay"", ""Baby bath"", ""Bathtub"", ""Baking sheet"", ""Single level home"", ""Patio or balcony"", ""Coffee maker: Keurig coffee machine, pour-over coffee"", ""Microwave"", ""Free parking on premises"", ""Freezer"", ""Dining table"", ""Drying rack for clothing"", ""Clothing storage"", ""Body soap""]",,1,365,,0,0,0,0,2025-03-23,0,0,0,0,0,0,,,,,,,,,,,,f,3
1849,1849,previous scrape,Lovely 2 bedroom south of town,,449591531,2022-03-14,,,f,"['email', 'phone']",t,t,Belize Islands,Belize,18.002981,-87.938347,Entire vacation home,Entire home/apt,4,,2.0,,"[""Private patio or balcony"", ""Smoke alarm"", ""Shared pool"", ""TV"", ""Bay view"", ""Exterior security cameras on property"", ""Air conditioning"", ""Smoking allowed"", ""Wifi"", ""Kitchen"", ""Refrigerator"", ""Free parking on premises""]",,3,10,t,30,60,90,365,2025-03-23,0,0,0,284,0,0,,,,,,,,,,,,f,1
1851,1851,city scrape,2 bedroom home right on the Placencia Sidewalk,White Sands Villa is on the Placencia Sidewalk in the heart of Placencia Village and within a 3-15 minute to everything. Only a one minute walk right to the beach.,449840861,2022-03-16,within an hour,100%,f,"['email', 'phone']",t,t,Stann Creek Mainland,Stann Creek,16.5156,-88.36592,Entire vacation home,Entire home/apt,4,1.0,2.0,4.0,"[""Dedicated workspace"", ""Bed linens"", ""Kitchen"", ""Hair dryer"", ""Cleaning products"", ""Toaster"", ""Outdoor dining area"", ""Cooking basics"", ""Shared beach access \u2013 Beachfront"", ""Hangers"", ""Hot water"", ""Oven"", ""Portable fans"", ""Wifi"", ""Refrigerator"", ""Shampoo"", ""Dishes and silverware"", ""Carbon monoxide alarm"", ""Hammock"", ""Essentials"", ""Long term stays allowed"", ""Gas stove"", ""Free street parking"", ""Private patio or balcony"", ""First aid kit"", ""Baking sheet"", ""Coffee maker: drip coffee maker"", ""TV"", ""Blender"", ""Microwave"", ""Clothing storage: closet and dresser"", ""Fire extinguisher"", ""Smoke alarm"", ""Dining table"", ""Outdoor furniture"", ""Ceiling fan""]",$260.00,3,30,t,16,42,72,347,2025-03-23,15,9,2,266,8,54,14040.0,2022-06-30,2025-03-19,4.67,4.8,4.67,4.8,4.8,4.87,4.73,,t,1
1853,1853,city scrape,LUXURY Penthouse in the jungle with gorgeous views,"Bullet Tree Falls is a village in Cayo District of western Belize. The village is located in the foothills of the Maya Mountains and has a population of about 3000 people, mostly Spanish-speaking mestizos. There is also a significant population of American and Canadian ex-pats living in the area.<br /><br />The village is located along the verdant Mopan River about a 10-minute drive from San Ignacio Town. The two sides of the village are connected by the single-lane Salvador Fernandez Bridge.",394972587,2021-03-31,within an hour,100%,f,"['email', 'phone', 'work_email']",t,t,Cayo,Cayo,17.16889,-89.10912,Entire vacation home,Entire home/apt,4,2.0,2.0,2.0,"[""Ethernet connection"", ""Dedicated workspace"", ""Extra pillows and blankets"", ""Bed linens"", ""Mini fridge"", ""Hammock"", ""Kitchen"", ""Wine glasses"", ""Laundromat nearby"", ""Luggage dropoff allowed"", ""Hair dryer"", ""Cleaning products"", ""Toaster"", ""Sound system"", ""Crib"", ""Coffee maker"", ""Cooking basics"", ""38 inch HDTV with Amazon Prime Video, Apple TV, Netflix"", ""Hangers"", ""Hot water"", ""Window AC unit"", ""Portable fans"", ""Wifi"", ""Room-darkening shades"", ""Shampoo"", ""Iron"", ""Paid dryer \u2013 In building"", ""Carbon monoxide alarm"", ""Refrigerator"", ""Essentials"", ""Heating"", ""Dishes and silverware"", ""Shower gel"", ""Hot water kettle"", ""Private backyard \u2013 Fully fenced"", ""Free residential garage on premises"", ""Free street parking"", ""River view"", ""Long term stays allowed"", ""Private patio or balcony"", ""First aid kit"", ""Cleaning available during stay"", ""Mountain view"", ""Books and reading material"", ""Safe"", ""Microwave"", ""Coffee"", ""Self check-in"", ""Shared outdoor pool - available all year, open 24 hours, infinity"", ""Fire extinguisher"", ""Building staff"", ""Conditioner"", ""Smoke alarm"", ""Dining table"", ""Drying rack for clothing"", ""Clothing storage"", ""Trash compactor"", ""Paid parking lot off premises"", ""Outdoor furniture"", ""Paid washer \u2013 In building"", ""Body soap"", ""Private entrance"", ""Ceiling fan"", ""Garden view""]",$573.00,1,365,t,10,40,62,323,2025-03-23,11,1,0,242,0,6,3438.0,2022-04-09,2025-02-14,5.0,5.0,5.0,5.0,5.0,5.0,5.0,,f,4
1854,1854,previous scrape,Sunshine Room,,441899788,2022-01-24,,,f,"['email', 'phone']",t,f,Belize Mainland,Belize,17.50609,-88.20809,Private room in bed and breakfast,Private room,2,,,,"[""Dedicated workspace"", ""Extra pillows and blankets"", ""Babysitter recommendations"", ""Mini fridge"", ""Kitchen"", ""Wine glasses"", ""Luggage dropoff allowed"", ""Hair dryer"", ""Stove"", ""Toaster"", ""Dryer"", ""Lock on bedroom door"", ""Cooking basics"", ""Washer"", ""Breakfast"", ""Hangers"", ""Hot water"", ""Oven"", ""Portable fans"", ""Refrigerator"", ""Iron"", ""Dishes and silverware"", ""Hot water kettle"", ""Essentials"", ""Long term stays allowed"", ""Free street parking"", ""Cleaning available during stay"", ""Baby bath"", ""Bathtub"", ""Baking sheet"", ""Single level home"", ""Patio or balcony"", ""Coffee maker: Keurig coffee machine, pour-over coffee"", ""Microwave"", ""Free parking on premises"", ""Freezer"", ""Dining table"", ""Drying rack for clothing"", ""Clothing storage"", ""Body soap""]",,1,365,,0,0,0,0,2025-03-23,0,0,0,0,0,0,,,,,,,,,,,,f,3
1882,1882,previous scrape,Deluxe Room in Paradise #15,,406013307,2021-06-08,within an hour,100%,f,"['email', 'phone']",t,t,Belize Islands,Belize,17.739948,-88.02488,Private room in resort,Private room,4,,1.0,,"[""Air conditioning"", ""Bed linens"", ""Exercise equipment"", ""Mini fridge"", ""Kayak"", ""Luggage dropoff allowed"", ""Hair dryer"", ""Waterfront"", ""HDTV"", ""Free resort access"", ""Gym"", ""Hangers"", ""Hot water"", ""Wifi"", ""Shampoo"", ""Essentials"", ""Long term stays allowed"", ""Cleaning available during stay"", ""Coffee maker: drip coffee maker"", ""Patio or balcony"", ""Beach access \u2013 Beachfront"", ""Coffee"", ""Free parking on premises"", ""Sun loungers"", ""Fire extinguisher"", ""Outdoor pool - available all year, open specific hours"", ""Smoke alarm"", ""Exterior security cameras on property"", ""Body soap"", ""Ceiling fan"", ""Clothing storage: closet""]",,1,365,t,26,56,86,319,2025-03-23,56,27,0,265,32,162,,2023-01-12,2025-02-12,4.66,4.71,4.68,4.84,4.86,4.88,4.63,,t,28
1885,1885,previous scrape,Lovely 3-Bedroom Vacation Home,Directly next to Cahal Pech Mayan Site,456040204,2022-04-25,,,f,"['email', 'phone']",t,f,Cayo,Cayo,17.147091,-89.075058,Entire bungalow,Entire home/apt,10,,3.0,,"[""High chair"", ""Ethernet connection"", ""Air conditioning"", ""Bed linens"", ""Mini fridge"", ""Kitchen"", ""Hair dryer"", ""Crib - available upon request"", ""Stove"", ""Outdoor dining area"", ""Hangers"", ""Hot water"", ""Oven"", ""Wifi"", ""Host greets you"", ""Shampoo"", ""Iron"", ""Refrigerator"", ""Dishes and silverware"", ""Essentials"", ""Shower gel"", ""First aid kit"", ""Patio or balcony"", ""TV"", ""Safe"", ""Coffee"", ""Free parking on premises"", ""Clothing storage: closet, wardrobe, and dresser"", ""Fire extinguisher"", ""Conditioner"", ""Smoke alarm"", ""Dining table"", ""Exterior security cameras on property"", ""Outdoor furniture"", ""Ceiling fan"", ""Coffee maker""]",,1,365,,0,0,0,0,2025-03-23,1,0,0,0,0,0,,2023-01-04,2023-01-04,5.0,5.0,5.0,5.0,5.0,4.0,5.0,,f,1
1888,1888,previous scrape,1-Bedroom unit downstairs apartment with patio,,456796403,2022-04-30,a few days or more,20%,f,"['email', 'phone']",t,t,Cayo,Cayo,17.07182,-89.13576,Entire rental unit,Entire home/apt,3,,1.0,,"[""Exercise equipment"", ""BBQ grill"", ""Coffee maker"", ""Kitchen""]",,1,14,t,30,60,90,365,2025-03-23,10,1,0,284,0,6,,2022-06-30,2025-02-16,4.3,4.3,4.1,4.5,4.6,4.5,4.3,,f,1
1889,1889,city scrape,VLB Lux Apartment 3,It's a quiet zone mainly because of the hospital that's nearby. The University of Belize (UB) is also around the corner.,457263628,2022-05-03,within an hour,100%,t,"['email', 'phone']",t,t,Toledo Mainland,Toledo,16.094281762427237,-88.8084615021944,Entire vacation home,Entire home/apt,2,1.5,1.0,1.0,"[""Bed linens"", ""Kitchen"", ""Laundromat nearby"", ""Luggage dropoff allowed"", ""Cleaning products"", ""Shared backyard \u2013 Fully fenced"", ""Cooking basics"", ""Hangers"", ""Free washer \u2013 In building"", ""Portable fans"", ""Wifi"", ""Host greets you"", ""Refrigerator"", ""Dishes and silverware"", ""Hot water kettle"", ""Long term stays allowed"", ""Free street parking"", ""Shower gel"", ""Single level home"", ""Shared patio or balcony"", ""Stainless steel oven"", ""Microwave"", ""Coffee"", ""Courtyard view"", ""Freezer"", ""Dining table"", ""Clothing storage: dresser"", ""AC - split type ductless system"", ""Drying rack for clothing"", ""Free parking on premises \u2013 2 spaces"", ""Private entrance"", ""Stainless steel gas stove""]",$87.00,1,1125,t,0,0,0,0,2025-03-23,27,1,0,0,1,6,522.0,2022-07-06,2024-04-07,4.78,4.78,4.89,4.85,4.85,4.41,4.74,,f,3
1890,1890,previous scrape,"VLB Lux Apartments, Room only",Because the district hospital is nearby the area is a quiet zone. There are also other apartments in the yard that are occupied therefore consideration is key.,457263628,2022-05-03,within an hour,100%,t,"['email', 'phone']",t,t,Toledo Mainland,Toledo,16.095524,-88.810333,Private room in guesthouse,Private room,2,,1.0,,"[""Shower gel"", ""Single level home"", ""Shared patio or balcony"", ""Clothing storage: dresser"", ""AC - split type ductless system"", ""Courtyard view"", ""Hot water"", ""Bed linens"", ""Laundromat nearby"", ""Wifi"", ""Free driveway parking on premises"", ""Host greets you"", ""Refrigerator"", ""Luggage dropoff allowed"", ""Garden view"", ""Long term stays allowed"", ""Free street parking""]",,1,1125,t,0,0,0,0,2025-03-23,13,7,0,0,3,42,,2022-06-25,2025-02-13,4.54,4.46,4.69,4.92,4.62,4.62,4.38,,t,3
1893,1893,city scrape,Lovely 3 self-contained individual rental units,"Wanigi Guesthouse is located in a predominantly Garifuna community. It is less than 10 minutes walk from the air strip, local market, water taxi terminal and bus terminal.  Our guests can enjoy a  breath-taking walk along the coast of the beautiful Caribbean Sea. We are located in a multi-cultural town where the locals are the friendliest.",457795535,2022-05-06,within an hour,100%,t,"['email', 'phone']",t,t,Toledo Mainland,Toledo,16.09629,-88.80907,Private room in rental unit,Private room,2,1.0,1.0,2.0,"[""BBQ grill"", ""Dedicated workspace"", ""Backyard"", ""Air conditioning"", ""Kitchen"", ""Luggage dropoff allowed"", ""Outdoor dining area"", ""Dryer"", ""Lock on bedroom door"", ""Board games"", ""Washer"", ""Hangers"", ""Hot water"", ""Wifi"", ""Coffee maker"", ""Host greets you"", ""Refrigerator"", ""Shampoo"", ""Iron"", ""Dishes and silverware"", ""Essentials"", ""Long term stays allowed"", ""Shared patio or balcony"", ""TV"", ""Free parking on premises"", ""Fire extinguisher"", ""Smoke alarm"", ""Exterior security cameras on property"", ""Garden view""]",$135.00,1,30,t,24,52,82,356,2025-03-23,22,6,1,275,6,36,4860.0,2022-05-21,2025-02-28,4.86,4.73,4.82,4.82,4.91,4.57,4.5,,t,1
1895,1895,city scrape,One Double Bedroom on the upper floor & Elevator.,,421322150,2021-09-02,within an hour,97%,t,"['email', 'phone']",t,t,Belize Mainland,Belize,17.50162,-88.18927,Room in boutique hotel,Private room,4,1.0,1.0,2.0,"[""Elevator"", ""TV with Fire TV"", ""Dedicated workspace"", ""Air conditioning"", ""Bed linens"", ""Mini fridge"", ""Laundromat nearby"", ""Luggage dropoff allowed"", ""Hair dryer"", ""Smart lock"", ""Hangers"", ""Hot water"", ""Shampoo"", ""Iron"", ""Wifi \u2013 44 Mbps"", ""Refrigerator"", ""Heating"", ""Essentials"", ""Free street parking"", ""Long term stays allowed"", ""First aid kit"", ""Safe"", ""Microwave"", ""Coffee"", ""Free parking on premises"", ""Self check-in"", ""Fire extinguisher"", ""Conditioner"", ""Smoke alarm"", ""Clothing storage"", ""Exterior security cameras on property"", ""Body soap"", ""Private entrance"", ""Coffee maker""]",$212.00,1,365,t,18,44,73,267,2025-03-23,39,5,1,267,4,30,6360.0,2022-05-13,2025-03-06,4.72,4.74,4.85,4.9,4.85,4.36,4.69,,t,14
1898,1898,city scrape,"The BNB on Triggerfish 2, Close to the Airport",Our BNB is located in a quiet development In Ladyville called Vista del Mar. <br />We are 7 min from the International airport,449685949,2022-03-15,within an hour,100%,f,"['email', 'phone']",t,t,Belize Mainland,Belize,17.558317184448242,-88.28591918945312,Private room in bed and breakfast,Private room,2,1.0,1.0,1.0,"[""Extra pillows and blankets"", ""Bed linens"", ""Mini fridge"", ""Wine glasses"", ""Luggage dropoff allowed"", ""Hair dryer"", ""Outdoor dining area"", ""Shared backyard \u2013 Fully fenced"", ""Waterfront"", ""Shared outdoor pool - available all year, open specific hours, lap pool"", ""Lock on bedroom door"", ""Breakfast"", ""Hangers"", ""Hot water"", ""Room-darkening shades"", ""Shampoo"", ""Iron"", ""Paid dryer \u2013 In building"", ""Hammock"", ""Hot water kettle"", ""Essentials"", ""Long term stays allowed"", ""Free street parking"", ""Shower gel"", ""Cleaning available during stay"", ""First aid kit"", ""Single level home"", ""Shared patio or balcony"", ""Canal view"", ""Safe"", ""32 inch TV with standard cable"", ""Fast wifi \u2013 71 Mbps"", ""Paid parking on premises"", ""Coffee"", ""Free parking on premises"", ""Clothing storage: closet and dresser"", ""Sun loungers"", ""Fire extinguisher"", ""Conditioner"", ""Smoke alarm"", ""Dining table"", ""AC - split type ductless system"", ""Outdoor furniture"", ""Paid washer \u2013 In building"", ""Body soap"", ""Private entrance"", ""Coffee maker""]",$266.00,1,365,t,0,0,0,4,2025-03-23,0,0,0,0,0,0,0.0,,,,,,,,,,,t,3
1899,1899,city scrape,"The BNB on Triggerfish 1, Close to the Airport","The BNB is situated in a quiet development in Ladyville, Vista Del Mar.<br /> It is about 7 min from the International airport. Most inland tours are within 45 min drive",449685949,2022-03-15,within an hour,100%,f,"['email', 'phone']",t,t,Belize Mainland,Belize,17.558279037475586,-88.28597259521484,Private room in bed and breakfast,Private room,2,1.0,1.0,1.0,"[""Fast wifi \u2013 79 Mbps"", ""Extra pillows and blankets"", ""Bed linens"", ""Mini fridge"", ""Wine glasses"", ""Laundromat nearby"", ""Luggage dropoff allowed"", ""Hair dryer"", ""Outdoor dining area"", ""Shared outdoor pool - available all year, open specific hours, lap pool"", ""Waterfront"", ""Lock on bedroom door"", ""Breakfast"", ""Hangers"", ""Hot water"", ""Coffee maker"", ""Room-darkening shades"", ""Shampoo"", ""Iron"", ""Paid dryer \u2013 In building"", ""Hammock"", ""Hot water kettle"", ""Essentials"", ""Private backyard \u2013 Fully fenced"", ""Free street parking"", ""Shower gel"", ""Long term stays allowed"", ""Cleaning available during stay"", ""First aid kit"", ""Single level home"", ""Shared patio or balcony"", ""Canal view"", ""Safe"", ""32 inch TV with standard cable"", ""Pool view"", ""Coffee"", ""Free parking on premises"", ""Clothing storage: closet and dresser"", ""Sun loungers"", ""Fire extinguisher"", ""Conditioner"", ""Smoke alarm"", ""Dining table"", ""AC - split type ductless system"", ""Outdoor furniture"", ""Paid washer \u2013 In building"", ""Body soap"", ""Private entrance"", ""Garden view""]",$263.00,1,365,t,20,50,79,353,2025-03-23,4,1,0,273,1,6,1578.0,2022-09-17,2024-10-04,5.0,5.0,5.0,4.75,5.0,4.5,4.25,,t,3
1902,1902,city scrape,"#5 Dazzling Digs - 1 B/1 B, AC in Bedroom",,460485940,2022-05-23,within an hour,100%,t,"['email', 'phone']",t,t,Stann Creek Mainland,Stann Creek,16.51372,-88.36722,Entire rental unit,Entire home/apt,2,1.0,1.0,1.0,"[""BBQ grill"", ""Free dryer \u2013 In building"", ""Air conditioning"", ""Bed linens"", ""Kitchen"", ""Wine glasses"", ""Luggage dropoff allowed"", ""Hair dryer"", ""Cleaning products"", ""Stove"", ""Toaster"", ""Outdoor dining area"", ""Crib"", ""Cooking basics"", ""Washer"", ""Smart lock"", ""Pets allowed"", ""Hangers"", ""Hot water"", ""Oven"", ""Wifi"", ""Room-darkening shades"", ""Shampoo"", ""Iron"", ""Carbon monoxide alarm"", ""Refrigerator"", ""Dishes and silverware"", ""Essentials"", ""Hot water kettle"", ""Barbecue utensils"", ""First aid kit"", ""Baking sheet"", ""Shared patio or balcony"", ""Outdoor shower"", ""TV"", ""Books and reading material"", ""Safe"", ""Shared beach access"", ""Microwave"", ""Coffee"", ""Self check-in"", ""Fire extinguisher"", ""Freezer"", ""Conditioner"", ""Smoke alarm"", ""Dining table"", ""Shared pool"", ""Clothing storage: dresser"", ""Exterior security cameras on property"", ""Coffee maker: drip coffee maker, french press"", ""Outdoor furniture"", ""Body soap"", ""Ceiling fan""]",$313.00,1,365,t,20,49,77,349,2025-03-23,17,5,1,268,4,30,9390.0,2022-07-16,2025-03-19,5.0,4.88,4.94,4.76,5.0,5.0,4.88,,t,7
1919,1919,city scrape,Cheerful 2-bedroom apartment with parking spot.,,460919532,2022-05-25,within an hour,100%,f,"['email', 'phone']",t,t,Corozal,Corozal,18.3948,-88.3835,Entire home,Entire home/apt,4,1.0,2.0,2.0,"[""Dedicated workspace"", ""Backyard"", ""Air conditioning"", ""Smoking allowed"", ""Kitchen"", ""Mabe gas stove"", ""Whirlpool  refrigerator"", ""Free parking on premises \u2013 1 space"", ""Cleaning products"", ""Luggage dropoff allowed"", ""Toaster"", ""Herbal Essence shampoo"", ""Dryer"", ""Cooking basics"", ""Washer"", ""Hangers"", ""Hot water"", ""Portable fans"", ""Wifi"", ""40 inch TV with Netflix"", ""Host greets you"", ""Iron"", ""Dishes and silverware"", ""Essentials"", ""Long term stays allowed"", ""Free street parking"", ""Private patio or balcony"", ""Single level home"", ""Clothing storage: wardrobe"", ""Blender"", ""Beach access \u2013 Beachfront"", ""Microwave"", ""Fire extinguisher"", ""Record player"", ""Dining table"", ""Drying rack for clothing"", ""Outdoor furniture"", ""Body soap"", ""Ceiling fan"", ""Coffee maker""]",$137.00,2,1125,t,0,0,0,33,2025-03-23,12,1,0,33,1,6,822.0,2022-07-17,2024-10-19,4.75,4.83,4.83,4.75,4.83,4.75,4.75,,f,1
1929,1929,previous scrape,"Sea View 2 Bedroom, Resort - AJI/pool/bikes/tours","Aji Restaurant is the onsite restaurant and bar. Nearby places are Truck Stop , Rum Dog, Grand Caribe, Pur Taco Bar, PUR Boutique Cabanas, Croc's Sunset Bar and Grill.",462506975,2022-06-04,within an hour,100%,,"['email', 'phone']",t,t,Belize Islands,Belize,17.948425720660612,-87.94261149865726,Private room in resort,Private room,4,,2.0,,"[""Dedicated workspace"", ""Extra pillows and blankets"", ""Babysitter recommendations"", ""Bed linens"", ""Kitchen"", ""Wine glasses"", ""Kayak"", ""Luggage dropoff allowed"", ""Hair dryer"", ""Outdoor dining area"", ""Waterfront"", ""Cooking basics"", ""Breakfast"", ""Ocean view"", ""Shared beach access \u2013 Beachfront"", ""Free resort access"", ""Hangers"", ""Hot water"", ""Central air conditioning"", ""Wifi"", ""Host greets you"", ""Shampoo"", ""Iron"", ""Refrigerator"", ""Dishes and silverware"", ""Essentials"", ""Long term stays allowed"", ""Free street parking"", ""Shower gel"", ""Private patio or balcony"", ""First aid kit"", ""Bikes"", ""Coffee maker: drip coffee maker"", ""Outdoor shower"", ""Clothing storage: wardrobe"", ""TV"", ""Safe"", ""Pool view"", ""Microwave"", ""Coffee"", ""Free parking on premises"", ""Beach essentials"", ""Dishwasher"", ""Shared outdoor pool - available all year, open 24 hours, infinity"", ""Fire extinguisher"", ""Conditioner"", ""Smoke alarm"", ""Dining table"", ""Sea view"", ""Outdoor furniture"", ""Private living room"", ""Body soap"", ""Stainless steel gas stove""]",,1,365,t,18,43,71,341,2025-03-23,5,1,0,260,4,6,,2023-09-03,2024-12-28,5.0,5.0,5.0,5.0,4.8,4.8,4.8,,t,1
1930,1930,city scrape,Nirvana Suite,"Just off the coast of the Belize mainland, on the rustic and charming island of Caye Caulker is Blu Zen. A boutique resort situated on the beach with breath taking views of the World’s Second largest Barrier Reef and refreshing tropical breeze. Blu Zen is peace and serenity in the Caribbean. Relaxed and intimate with the unique address location between reef and white sands. Invigorated by the endless possibilities of exciting reef water activities and beautiful scenery to feast the eyes and adventures to fill your soul. All just moments away in any direction. Get away from it all! Come find your peace at Blu Zen Hotel and Resort in Caye Caulker Belize.",463207263,2022-06-08,within an hour,100%,f,"['email', 'phone']",t,t,Belize Islands,Belize,17.7611578,-88.02774869999999,Entire vacation home,Entire home/apt,14,4.0,5.0,9.0,"[""BBQ grill"", ""Dedicated workspace"", ""Bay view"", ""Air conditioning"", ""Exercise equipment"", ""Kitchen"", ""Luggage dropoff allowed"", ""Hair dryer"", ""Outdoor dining area"", ""Crib"", ""Waterfront"", ""Dryer"", ""Cooking basics"", ""Washer"", ""Hangers"", ""Hot water"", ""Pool"", ""Wifi"", ""Iron"", ""Heating"", ""Long term stays allowed"", ""TV"", ""Beach access \u2013 Beachfront"", ""Free parking on premises"", ""Fire extinguisher"", ""Beach view"", ""Smoke alarm""]","$2,284.00",2,365,t,20,46,71,194,2025-03-23,0,0,0,194,0,0,0.0,,,,,,,,,,,t,4
1931,1931,city scrape,Home Away Secret Beach Belize coming soon,,457627641,2022-05-05,,,f,"['email', 'phone']",t,t,Belize Mainland,Belize,17.56535,-88.40194,Private room in casa particular,Private room,4,2.0,2.0,2.0,"[""Fire extinguisher"", ""Dedicated workspace"", ""Smoke alarm"", ""First aid kit"", ""Pets allowed"", ""TV"", ""Air conditioning"", ""Wifi"", ""Kitchen"", ""Iron"", ""Hair dryer"", ""Free parking on premises""]",$358.00,1,1125,t,30,60,90,364,2025-03-23,0,0,0,284,0,0,0.0,,,,,,,,,,,t,1
1932,1932,city scrape,"#2 Cushy Corner - hotel room, AC",,460485940,2022-05-23,within an hour,100%,t,"['email', 'phone']",t,t,Stann Creek Mainland,Stann Creek,16.51549,-88.36684,Entire rental unit,Entire home/apt,2,1.0,1.0,1.0,"[""BBQ grill"", ""Extra pillows and blankets"", ""Air conditioning"", ""Bed linens"", ""Mini fridge"", ""Kitchen"", ""Wine glasses"", ""Laundromat nearby"", ""Pack \u2019n play/Travel crib"", ""Luggage dropoff allowed"", ""Hair dryer"", ""Toaster"", ""Outdoor dining area"", ""Crib"", ""Dryer"", ""Board games"", ""Washer"", ""Pets allowed"", ""Hangers"", ""Hot water"", ""Portable fans"", ""Wifi"", ""Room-darkening shades"", ""Shampoo"", ""Iron"", ""Carbon monoxide alarm"", ""Dishes and silverware"", ""Hot water kettle"", ""Essentials"", ""Hammock"", ""Free street parking"", ""Long term stays allowed"", ""Cleaning available during stay"", ""Barbecue utensils"", ""First aid kit"", ""Outdoor shower"", ""TV"", ""Books and reading material"", ""Patio or balcony"", ""Safe"", ""Beach access \u2013 Beachfront"", ""Microwave"", ""Coffee"", ""Beach essentials"", ""Self check-in"", ""Sun loungers"", ""Fire extinguisher"", ""Freezer"", ""Building staff"", ""Conditioner"", ""Smoke alarm"", ""Shared pool"", ""Clothing storage"", ""Exterior security cameras on property"", ""Outdoor furniture"", ""Body soap"", ""Private entrance"", ""Ceiling fan"", ""Coffee maker""]",$242.00,1,365,t,14,37,57,331,2025-03-23,24,4,0,251,5,24,5808.0,2022-12-14,2025-02-04,4.71,4.67,5.0,4.71,5.0,4.83,4.63,,t,7
1941,1941,city scrape,Ceiba Beach Resort Orchid Villa,"Ceiba Beach Resort is located in the heart of Maya Beach on the beautiful Placencia Peninsula in Belize. Located at the edge of the Caribbean sea, you are just a few steps away from the sandy beach and amazing sunrises. Enjoy our on site pool with swim-up bar and restaurant, perfect to unwind after adventuring in Belize. For a bit of diversity during a long stay, Mangos restaurant is right next door, local favorite RumBum is just across the street, and Jaguar Lanes Bowling is a block away.",465032252,2022-06-19,within an hour,100%,f,"['email', 'phone']",t,t,Stann Creek Mainland,Stann Creek,16.61347,-88.35486,Entire villa,Entire home/apt,10,2.5,4.0,5.0,"[""BBQ grill"", ""Dedicated workspace"", ""Extra pillows and blankets"", ""Air conditioning"", ""Bed linens"", ""Kitchen"", ""Wine glasses"", ""Hair dryer"", ""Cooking basics"", ""HDTV with standard cable"", ""Free dryer \u2013 In unit"", ""Hangers"", ""Hot water"", ""Wifi"", ""Host greets you"", ""Shampoo"", ""Iron"", ""Refrigerator"", ""Dishes and silverware"", ""Essentials"", ""Cleaning available during stay"", ""Private patio or balcony"", ""First aid kit"", ""Free washer \u2013 In unit"", ""Clothing storage: wardrobe"", ""Private backyard"", ""Microwave"", ""Free parking on premises"", ""Dishwasher"", ""Fire extinguisher"", ""Smoke alarm"", ""Frigidaire stainless steel oven"", ""Private entrance"", ""Coffee maker"", ""Shared outdoor pool""]","$1,942.00",1,365,t,30,60,90,365,2025-03-23,0,0,0,284,0,0,0.0,,,,,,,,,,,t,7
1942,1942,city scrape,"Ceiba Beach Resort. Seaview Cabana, Maya Beach",,465032252,2022-06-19,within an hour,100%,f,"['email', 'phone']",t,t,Stann Creek Mainland,Stann Creek,16.61482,-88.35304,Private room in resort,Private room,4,1.0,1.0,1.0,"[""Air conditioning"", ""Bed linens"", ""Wine glasses"", ""Private beach access"", ""Cooking basics"", ""HDTV with standard cable"", ""Hangers"", ""Hot water"", ""Wifi"", ""Host greets you"", ""Refrigerator"", ""Shampoo"", ""Dishes and silverware"", ""Essentials"", ""Cleaning available during stay"", ""Private patio or balcony"", ""First aid kit"", ""Outdoor pool"", ""Clothing storage: wardrobe"", ""Free parking on premises"", ""Fire extinguisher"", ""Conditioner"", ""Smoke alarm"", ""Sea view"", ""Body soap"", ""Private entrance"", ""Coffee maker""]",$533.00,1,365,t,30,53,83,272,2025-03-23,0,0,0,267,0,0,0.0,,,,,,,,,,,t,7
1945,1945,previous scrape,Stunning views with bird watching special,,465478991,2022-06-22,a few days or more,13%,f,"['email', 'phone']",f,t,Cayo,Cayo,17.1483,-89.08169,Entire rental unit,Entire home/apt,2,,1.0,,"[""Ethernet connection"", ""Dedicated workspace"", ""Extra pillows and blankets"", ""Smoking allowed"", ""Bed linens"", ""Valley view"", ""Kitchen"", ""Shared backyard \u2013 Not fully fenced"", ""Cleaning products"", ""Outdoor dining area"", ""Cooking basics"", ""Washer"", ""Pets allowed"", ""Hangers"", ""Hot water"", ""Wifi"", ""Room-darkening shades"", ""Shampoo"", ""Iron"", ""Refrigerator"", ""Dishes and silverware"", ""Essentials"", ""Long term stays allowed"", ""Shower gel"", ""Stainless steel gas stove"", ""Private patio or balcony"", ""Baking sheet"", ""TV"", ""Safe"", ""Paid parking on premises"", ""Lockbox"", ""Free parking on premises"", ""Self check-in"", ""Dishwasher"", ""Fire extinguisher"", ""Freezer"", ""Conditioner"", ""Clothing storage: dresser"", ""AC - split type ductless system"", ""Drying rack for clothing"", ""Mountain view"", ""Ceiling fan""]",,1,1125,t,30,60,90,365,2025-03-23,1,0,0,284,0,0,,2023-08-01,2023-08-01,1.0,1.0,1.0,1.0,1.0,1.0,1.0,,f,1
1949,1949,city scrape,"Next Nest Apts. Cozy place, near Airport, AC, WiFi","Our neighborhood is respectful and peaceful as we are surrounded by residential houses, a church and an Elementary School. We are located along the Philip Goldson Highway which is the main highway with daily commuters going back and forth, so you may experience some traffic noise. Within a mile radius, there are restaurants, supermarkets, bus stops, gas stations, fire station and a health center.",466051139,2022-06-25,within an hour,100%,t,"['email', 'phone']",t,t,Belize Mainland,Belize,17.55628250566525,-88.31138366025624,Entire rental unit,Entire home/apt,3,1.0,1.0,2.0,"[""Bed linens"", ""Eco Botanics shampoo"", ""Wifi \u2013 40 Mbps"", ""Kitchen"", ""Wine glasses"", ""Paid dryer"", ""Hair dryer"", ""Cleaning products"", ""Paid washer"", ""Shared BBQ grill: charcoal"", ""Cooking basics"", ""HDTV with Netflix"", ""Hangers"", ""Hot water"", ""Portable fans"", ""Host greets you"", ""Refrigerator"", ""Iron"", ""Dishes and silverware"", ""Essentials"", ""Long term stays allowed"", ""Gas stove"", ""Shower gel"", ""Private patio or balcony"", ""Bathtub"", ""First aid kit"", ""Coffee maker: drip coffee maker"", ""Eco Botanics conditioner"", ""Blender"", ""Microwave"", ""Coffee"", ""Free parking on premises"", ""Clothing storage: closet and dresser"", ""Self check-in"", ""Fire extinguisher"", ""Eco Botanics body soap"", ""Building staff"", ""Smoke alarm"", ""Dining table"", ""AC - split type ductless system"", ""Exterior security cameras on property"", ""Outdoor furniture"", ""Private entrance"", ""Ceiling fan""]",$195.00,1,1125,t,21,51,81,261,2025-03-23,23,12,1,261,7,72,14040.0,2022-07-28,2025-03-04,4.87,4.91,4.83,4.96,4.91,4.52,4.74,,t,4
1955,1955,city scrape,Lovely Penthouse Apartment in the Garden City,,444489014,2022-02-10,within an hour,100%,t,"['email', 'phone']",t,t,Cayo,Cayo,17.2422,-88.77633,Entire serviced apartment,Entire home/apt,4,2.0,2.0,2.0,"[""BBQ grill"", ""65 inch HDTV with Netflix, standard cable, Fire TV"", ""Dedicated workspace"", ""Frigidaire stainless steel gas stove"", ""Kitchen"", ""Wine glasses"", ""Shared outdoor pool - available all year, open 24 hours, lap pool"", ""Luggage dropoff allowed"", ""Hair dryer"", ""Cleaning products"", ""Toaster"", ""Outdoor dining area"", ""Paid crib - always at the listing"", ""Cooking basics"", ""Free dryer \u2013 In unit"", ""Hangers"", ""Hot water"", ""Wifi"", ""Room-darkening shades"", ""Shampoo"", ""Iron"", ""Refrigerator"", ""Dishes and silverware"", ""Hot water kettle"", ""Essentials"", ""Heating"", ""Long term stays allowed"", ""Private patio or balcony"", ""Bathtub"", ""First aid kit"", ""Baking sheet"", ""Free washer \u2013 In unit"", ""Mountain view"", ""Safe"", ""Blender"", ""Microwave"", ""Coffee"", ""Lockbox"", ""Free parking on premises"", ""Self check-in"", ""Fire extinguisher"", ""Freezer"", ""Smoke alarm"", ""Dining table"", ""AC - split type ductless system"", ""City skyline view"", ""Outdoor furniture"", ""Frigidaire stainless steel oven"", ""Body soap"", ""Ceiling fan"", ""Coffee maker""]",$322.00,1,1125,t,0,0,0,0,2025-03-23,69,9,1,0,7,54,17388.0,2022-07-14,2025-02-27,4.86,4.94,4.9,4.83,4.93,4.88,4.86,,t,5
1958,1958,city scrape,Cozy 2nd Floor Casita. Close to town. On the river,"Our home is located just north of town directly on the river. It is roughly 5 lots in from the bridge. <br /><br />Our home is located in a local neighborhood so you'll get an authentic experience staying here, not a typical ""resort style"" experience.",468004871,2022-07-06,within an hour,100%,t,"['email', 'phone']",t,t,Belize Islands,Belize,17.930369,-87.958732,Entire rental unit,Entire home/apt,2,1.0,1.0,2.0,"[""Air conditioning"", ""Bed linens"", ""Kitchen"", ""Luggage dropoff allowed"", ""Hair dryer"", ""Toaster"", ""Outdoor dining area"", ""Shared BBQ grill: charcoal"", ""43 inch HDTV with standard cable, Netflix"", ""Waterfront"", ""Cooking basics"", ""Hangers"", ""Hot water"", ""Wifi"", ""Host greets you"", ""Shampoo"", ""Iron"", ""Dishes and silverware"", ""Carbon monoxide alarm"", ""Essentials"", ""Long term stays allowed"", ""Free street parking"", ""Shower gel"", ""Stainless steel gas stove"", ""River view"", ""Barbecue utensils"", ""Private patio or balcony"", ""First aid kit"", ""Baking sheet"", ""Bikes"", ""Coffee maker: drip coffee maker"", ""Stainless steel oven"", ""Safe"", ""Blender"", ""Microwave"", ""GE refrigerator"", ""Sun loungers"", ""Fire extinguisher"", ""Freezer"", ""Conditioner"", ""Smoke alarm"", ""Dining table"", ""Exterior security cameras on property"", ""Outdoor furniture"", ""Free driveway parking on premises"", ""Body soap"", ""Private entrance"", ""Ceiling fan"", ""Clothing storage: closet""]",$161.00,1,93,t,8,27,57,296,2025-03-23,52,41,2,216,35,246,39606.0,2022-11-27,2025-03-05,4.73,4.75,4.87,4.77,4.98,4.52,4.85,,t,2
1959,1959,city scrape,1st Floor Casita. Close to town. On the river!,"Our home is located just north of town directly on the river. It is roughly 5 lots in from the bridge. <br /><br />Our home is located in a local neighborhood so you'll get an authentic experience staying here, not a typical ""resort style"" experience.",468004871,2022-07-06,within an hour,100%,t,"['email', 'phone']",t,t,Belize Islands,Belize,17.930818771993312,-87.9584957883606,Entire rental unit,Entire home/apt,2,1.0,1.0,2.0,"[""BBQ grill"", ""Air conditioning"", ""Bed linens"", ""Kitchen"", ""Luggage dropoff allowed"", ""Hair dryer"", ""Toaster"", ""Outdoor dining area"", ""43 inch HDTV with standard cable, Netflix"", ""Waterfront"", ""Cooking basics"", ""Hangers"", ""Hot water"", ""Wifi"", ""Host greets you"", ""Shampoo"", ""Iron"", ""Dishes and silverware"", ""Paid dryer \u2013 In building"", ""Carbon monoxide alarm"", ""Private backyard \u2013 Fully fenced"", ""Essentials"", ""Long term stays allowed"", ""Free street parking"", ""Shower gel"", ""Stainless steel gas stove"", ""River view"", ""Barbecue utensils"", ""Private patio or balcony"", ""First aid kit"", ""Baking sheet"", ""Bikes"", ""Coffee maker: drip coffee maker"", ""Stainless steel oven"", ""Safe"", ""Blender"", ""Microwave"", ""Free parking on premises"", ""GE refrigerator"", ""Beach essentials"", ""Sun loungers"", ""Fire extinguisher"", ""Freezer"", ""Conditioner"", ""Smoke alarm"", ""Dining table"", ""Exterior security cameras on property"", ""Outdoor furniture"", ""Body soap"", ""Private entrance"", ""Ceiling fan"", ""Clothing storage: closet""]",$159.00,1,92,t,11,30,60,321,2025-03-23,50,34,1,254,37,204,32436.0,2023-03-16,2025-03-01,4.9,4.9,4.92,4.78,4.96,4.56,4.84,,f,2
1968,1968,city scrape,"Entire Alux House -5 separate units, 5 bed, 6 bath",,460485940,2022-05-23,within an hour,100%,t,"['email', 'phone']",t,t,Stann Creek Mainland,Stann Creek,16.51546,-88.3657,Entire serviced apartment,Entire home/apt,14,6.0,5.0,7.0,"[""BBQ grill"", ""Extra pillows and blankets"", ""Air conditioning"", ""Bed linens"", ""Kitchen"", ""Wine glasses"", ""Luggage dropoff allowed"", ""Hair dryer"", ""Cleaning products"", ""Stove"", ""Toaster"", ""Outdoor dining area"", ""Crib"", ""Dryer"", ""Board games"", ""Washer"", ""Cooking basics"", ""Smart lock"", ""Pets allowed"", ""Hangers"", ""Hot water"", ""Oven"", ""Pool"", ""Portable fans"", ""Wifi"", ""Room-darkening shades"", ""Shampoo"", ""Iron"", ""Carbon monoxide alarm"", ""Refrigerator"", ""Dishes and silverware"", ""Essentials"", ""Hot water kettle"", ""Hammock"", ""Shower gel"", ""Free street parking"", ""Long term stays allowed"", ""Barbecue utensils"", ""First aid kit"", ""Baking sheet"", ""Outdoor shower"", ""TV"", ""Books and reading material"", ""Patio or balcony"", ""Safe"", ""Beach access \u2013 Beachfront"", ""Microwave"", ""Coffee"", ""Self check-in"", ""Fire extinguisher"", ""Freezer"", ""Conditioner"", ""Smoke alarm"", ""Dining table"", ""Clothing storage"", ""Exterior security cameras on property"", ""Outdoor furniture"", ""Body soap"", ""Private entrance"", ""Ceiling fan"", ""Coffee maker""]","$1,507.00",1,365,t,9,24,41,296,2025-03-23,3,2,0,229,2,12,18084.0,2023-08-17,2024-05-03,5.0,5.0,5.0,5.0,5.0,5.0,5.0,,t,7
1969,1969,city scrape,"#4-5 Alux House: 2 Bed, 3 Bath, 2 units for groups",,460485940,2022-05-23,within an hour,100%,t,"['email', 'phone']",t,t,Stann Creek Mainland,Stann Creek,16.515,-88.36636,Entire serviced apartment,Entire home/apt,6,3.0,2.0,3.0,"[""BBQ grill"", ""Extra pillows and blankets"", ""Bed linens"", ""Kitchen"", ""Wine glasses"", ""Luggage dropoff allowed"", ""Hair dryer"", ""Cleaning products"", ""Toaster"", ""Outdoor dining area"", ""Crib"", ""Dryer"", ""Board games"", ""Washer"", ""Cooking basics"", ""Smart lock"", ""Pets allowed"", ""Hangers"", ""Hot water"", ""Oven"", ""Portable fans"", ""Wifi"", ""Coffee maker"", ""Room-darkening shades"", ""Shampoo"", ""Iron"", ""Carbon monoxide alarm"", ""Refrigerator"", ""Dishes and silverware"", ""Essentials"", ""Hot water kettle"", ""Hammock"", ""Shower gel"", ""Free street parking"", ""Long term stays allowed"", ""Stainless steel gas stove"", ""Barbecue utensils"", ""First aid kit"", ""Baking sheet"", ""Outdoor shower"", ""Books and reading material"", ""Patio or balcony"", ""Safe"", ""55 inch HDTV with Amazon Prime Video, Fire TV, Netflix"", ""Beach access \u2013 Beachfront"", ""Microwave"", ""Coffee"", ""Self check-in"", ""Dishwasher"", ""Fire extinguisher"", ""Freezer"", ""Shared outdoor pool - available all year, open specific hours"", ""Conditioner"", ""Smoke alarm"", ""Dining table"", ""AC - split type ductless system"", ""Clothing storage"", ""Exterior security cameras on property"", ""Outdoor furniture"", ""Body soap"", ""Private entrance"", ""Ceiling fan"", ""Garden view""]",$579.00,1,365,t,16,45,73,330,2025-03-23,10,3,0,264,2,18,10422.0,2023-02-05,2025-02-18,4.8,4.8,4.9,4.7,5.0,4.9,4.8,,t,7
1970,1970,city scrape,"#4 Fanciful Flat-1 Bed/2B, AC in bedroom, kitchen.","The south end of Placencia Village, just off the famous Placencia sidewalk.",460485940,2022-05-23,within an hour,100%,t,"['email', 'phone']",t,t,Stann Creek Mainland,Stann Creek,16.51373,-88.36726,Entire rental unit,Entire home/apt,4,2.0,1.0,2.0,"[""BBQ grill"", ""Free dryer \u2013 In building"", ""Extra pillows and blankets"", ""Bed linens"", ""Kitchen"", ""Wine glasses"", ""Luggage dropoff allowed"", ""55 inch HDTV with Amazon Prime Video, Netflix, Fire TV"", ""Hair dryer"", ""Cleaning products"", ""Toaster"", ""Outdoor dining area"", ""Crib"", ""Cooking basics"", ""Pets allowed"", ""Free washer \u2013 In building"", ""Hangers"", ""Hot water"", ""Portable fans"", ""Wifi"", ""Room-darkening shades"", ""Shampoo"", ""Iron"", ""Carbon monoxide alarm"", ""Refrigerator"", ""Dishes and silverware"", ""Essentials"", ""Hot water kettle"", ""Long term stays allowed"", ""Stainless steel gas stove"", ""Barbecue utensils"", ""First aid kit"", ""Shared patio or balcony"", ""Coffee maker: drip coffee maker"", ""Outdoor shower"", ""Stainless steel oven"", ""Safe"", ""Blender"", ""Shared beach access"", ""Paid street parking off premises"", ""Microwave"", ""Coffee"", ""Self check-in"", ""Dishwasher"", ""Fire extinguisher"", ""Freezer"", ""Building staff"", ""Conditioner"", ""Smoke alarm"", ""Dining table"", ""Shared pool"", ""AC - split type ductless system"", ""Exterior security cameras on property"", ""Outdoor furniture"", ""Body soap"", ""Private entrance"", ""Ceiling fan"", ""Clothing storage: closet""]",$354.00,1,365,t,18,47,77,335,2025-03-23,30,8,0,268,10,48,16992.0,2022-08-14,2025-02-11,4.93,5.0,5.0,4.77,4.93,4.93,4.87,,t,7
1973,1973,city scrape,Luxury/Modern two bedroom groundfloor apartment.,,387256925,2021-02-04,within an hour,100%,f,['phone'],t,t,Belize Mainland,Belize,17.50871,-88.22007,Entire rental unit,Entire home/apt,4,2.0,2.0,2.0,"[""Dedicated workspace"", ""32 inch TV"", ""Extra pillows and blankets"", ""Bed linens"", ""Kitchen"", ""Stove"", ""Toaster"", ""Window guards"", ""Free dryer \u2013 In unit"", ""Hangers"", ""Hot water"", ""Oven"", ""Wifi"", ""Host greets you"", ""Shampoo"", ""Iron"", ""Refrigerator"", ""Dishes and silverware"", ""Private backyard \u2013 Fully fenced"", ""Essentials"", ""Long term stays allowed"", ""Shower gel"", ""First aid kit"", ""Free washer \u2013 In unit"", ""Safe"", ""Blender"", ""Microwave"", ""Free parking on premises"", ""Clothing storage: closet and dresser"", ""Fire extinguisher"", ""Conditioner"", ""Smoke alarm"", ""Dining table"", ""AC - split type ductless system"", ""Body soap"", ""Coffee maker""]",$144.00,2,365,t,23,53,83,358,2025-03-23,45,18,2,277,20,108,15552.0,2022-07-31,2025-03-04,4.71,4.71,4.67,4.67,4.82,4.4,4.69,,t,3
1974,1974,city scrape,Lovely/Modern one bedroom apartment,"We are located in a neighbourhood that has dogs, so please pack some ear plugs for your stay!)",387256925,2021-02-04,within an hour,100%,f,['phone'],t,t,Belize Mainland,Belize,17.50841,-88.22076,Entire rental unit,Entire home/apt,2,1.0,1.0,1.0,"[""Dedicated workspace"", ""Extra pillows and blankets"", ""Bed linens"", ""Kitchen"", ""Toaster"", ""Free dryer \u2013 In unit"", ""Hangers"", ""Hot water"", ""Oven"", ""Wifi"", ""Host greets you"", ""Shampoo"", ""Iron"", ""Refrigerator"", ""Dishes and silverware"", ""Hammock"", ""Private backyard \u2013 Fully fenced"", ""Essentials"", ""Long term stays allowed"", ""Shower gel"", ""First aid kit"", ""Free washer \u2013 In unit"", ""Safe"", ""Blender"", ""Microwave"", ""Free parking on premises"", ""Clothing storage: closet and dresser"", ""Sankey stainless steel induction stove"", ""Fire extinguisher"", ""Conditioner"", ""Smoke alarm"", ""Dining table"", ""AC - split type ductless system"", ""40 inch TV with Netflix, standard cable"", ""Body soap"", ""Coffee maker""]",$115.00,2,325,t,6,36,66,339,2025-03-23,34,12,1,258,14,72,8280.0,2022-09-03,2025-02-24,4.76,4.82,4.85,4.71,4.85,4.59,4.68,,t,3
1975,1975,previous scrape,Cozy bedroom with waterfront view,,469897378,2022-07-17,,,f,"['email', 'phone']",t,t,Belize Mainland,Belize,17.562723404400572,-88.28865882714487,Private room in guest suite,Private room,2,,,,"[""Dedicated workspace"", ""Smoking allowed"", ""Kitchen"", ""Wine glasses"", ""Mabe gas stove"", ""Luggage dropoff allowed"", ""Hair dryer"", ""Waterfront"", ""Lock on bedroom door"", ""Cooking basics"", ""Pets allowed"", ""Hangers"", ""Hot water"", ""Wifi"", ""Host greets you"", ""Iron"", ""Dishes and silverware"", ""Long term stays allowed"", ""Standalone high chair - always at the listing"", ""Single level home"", ""Shared patio or balcony"", ""Private backyard \u2013 Not fully fenced"", ""Canal view"", ""Microwave"", ""Free parking on premises"", ""LG  refrigerator"", ""AC - split type ductless system"", ""Body soap"", ""Private entrance""]",,1,28,t,0,0,0,0,2025-03-23,39,0,0,0,0,0,,2022-08-24,2023-09-23,4.85,4.85,5.0,4.74,4.97,4.41,4.77,,f,1
1978,1978,city scrape,Lovely 1-bedroom rental unit with free parking,,436826051,2021-12-20,within an hour,95%,t,"['email', 'phone']",f,t,Belize Mainland,Belize,17.48189,-88.24317,Entire rental unit,Entire home/apt,2,1.0,1.0,1.0,"[""Dedicated workspace"", ""Backyard"", ""Air conditioning"", ""Kitchen"", ""Hair dryer"", ""Stove"", ""Dryer"", ""Breakfast"", ""Pets allowed"", ""Oven"", ""Wifi"", ""Host greets you"", ""Refrigerator"", ""Iron"", ""Dishes and silverware"", ""Essentials"", ""Long term stays allowed"", ""Bathtub"", ""Patio or balcony"", ""TV"", ""Blender"", ""Microwave"", ""Free parking on premises"", ""Fire extinguisher"", ""Smoke alarm"", ""Dining table"", ""Drying rack for clothing"", ""Exterior security cameras on property"", ""Ceiling fan"", ""Coffee maker""]",$165.00,1,365,t,30,60,90,365,2025-03-23,4,1,0,284,0,6,990.0,2022-08-01,2025-01-01,5.0,5.0,5.0,5.0,5.0,4.75,5.0,,t,7
1979,1979,previous scrape,Paradise Hill Guesthouse: Suite 1,,470733865,2022-07-21,a few days or more,44%,f,"['email', 'phone']",f,t,Cayo,Cayo,17.12335,-89.05619,Entire rental unit,Entire home/apt,2,,1.0,,"[""Wifi \u2013 12 Mbps"", ""Dedicated workspace"", ""Backyard"", ""Kitchen"", ""Paid dryer"", ""Outdoor dining area"", ""Washer"", ""Refrigerator"", ""Dishes and silverware"", ""Carbon monoxide alarm"", ""First aid kit"", ""TV"", ""Portable air conditioning"", ""Free parking on premises"", ""Fire extinguisher"", ""Smoke alarm"", ""City skyline view"", ""Exterior security cameras on property"", ""Mountain view"", ""Coffee maker""]",,1,365,t,30,60,90,365,2025-03-23,2,0,0,284,0,0,,2022-10-09,2022-12-27,5.0,5.0,5.0,3.5,5.0,5.0,5.0,,f,4
1980,1980,city scrape,Luxury villa + chef + pool + beautiful gardens,,463384893,2022-06-09,,,f,"['email', 'phone']",t,t,Cayo,Cayo,17.20429,-88.95801,Entire villa,Entire home/apt,12,4.0,5.0,8.0,"[""High chair"", ""Outdoor playground"", ""Dedicated workspace"", ""Extra pillows and blankets"", ""Babysitter recommendations"", ""Malin+Goetz conditioner"", ""Bed linens"", ""Mini fridge"", ""Valley view"", ""Exercise equipment: yoga mat"", ""Indoor fireplace: wood-burning"", ""Kitchen"", ""Wine glasses"", ""Luggage dropoff allowed"", ""Hair dryer"", ""Cleaning products"", ""65 inch HDTV"", ""Toaster"", ""Outdoor dining area"", ""Board games"", ""Cooking basics"", ""Breakfast"", ""Free dryer \u2013 In unit"", ""Hangers"", ""Hot water"", ""Oven"", ""Wifi"", ""Coffee maker"", ""Hammock"", ""Iron"", ""Dishes and silverware"", ""Pack \u2019n play/Travel crib - always at the listing"", ""Private backyard \u2013 Fully fenced"", ""Essentials"", ""Long term stays allowed"", ""Gas stove"", ""Shower gel"", ""Cleaning available during stay"", ""Malin+Goetz shampoo"", ""Barbecue utensils"", ""Private outdoor pool - available all year"", ""Private patio or balcony"", ""Bathtub"", ""First aid kit"", ""Baking sheet"", ""Free washer \u2013 In unit"", ""Bikes"", ""Single level home"", ""Safe"", ""Life size games"", ""Blender"", ""Pool view"", ""Fire pit"", ""Microwave"", ""Coffee"", ""Children\u2019s bikes"", ""Clothing storage: closet and dresser"", ""GE refrigerator"", ""Dishwasher"", ""Sun loungers"", ""Fire extinguisher"", ""Free parking on premises"", ""Freezer"", ""Self check-in"", ""Building staff"", ""Smoke alarm"", ""Dining table"", ""AC - split type ductless system"", ""Drying rack for clothing"", ""Exterior security cameras on property"", ""Outdoor furniture"", ""Mountain view"", ""Ceiling fan"", ""Garden view"", ""Malin+Goetz body soap""]","$1,297.00",2,28,t,13,40,57,208,2025-03-23,45,20,3,208,16,120,155640.0,2023-02-28,2025-03-17,5.0,5.0,5.0,5.0,5.0,5.0,5.0,,t,1
1984,1984,city scrape,"Normlin - Tiny, Beach side home","This Tiny Beach side home is located a few feet on your east off the Placencia road in the middle of the Garifuna village of Seine Bight, and a few feet from the beach of the Caribbean sea.  From your balcony/Veranda you will see the main supermarket in Seine Bight, Publics Supermarket, not affiliate with Publix in Florida. Here you can find toiletries, snacks, cleaning supplies, fruits and vegetables as well as kitchen groceries for when you decide to cook up a storm. Opposite Publics is Vern restaurant, popularly known for their delicious Belizean dishes, including creole and Garifuna food. Try their finger licking meals.<br /><br />A seven (7) minutes drive south will take you to the mega tourist destination of Placencia village where you will see the Guinness book of world record smallest road. You will find many more supermarkets and restaurants to visit.",473188823,2022-08-03,,,f,['phone'],t,f,Stann Creek Mainland,Stann Creek,16.56886,-88.36633,Entire home,Entire home/apt,3,1.0,1.0,1.0,"[""43 inch HDTV"", ""Dedicated workspace"", ""Bed linens"", ""Mini fridge"", ""Kitchen"", ""Wine glasses"", ""Mabe gas stove"", ""Cleaning products"", ""Waterfront"", ""Cooking basics"", ""Shared beach access \u2013 Beachfront"", ""Hangers"", ""Hot water"", ""Oven"", ""Portable fans"", ""Wifi"", ""Coffee maker: Keurig coffee machine"", ""Refrigerator"", ""Dishes and silverware"", ""Carbon monoxide alarm"", ""Essentials"", ""Long term stays allowed"", ""Free street parking"", ""Private patio or balcony"", ""First aid kit"", ""Clothing storage: wardrobe"", ""Portable air conditioning"", ""Microwave"", ""Coffee"", ""Lockbox"", ""Free parking on premises"", ""Self check-in"", ""Fire extinguisher"", ""Beach view"", ""Smoke alarm"", ""Sea view"", ""Exterior security cameras on property"", ""Body soap""]",$107.00,2,1125,,3,4,5,15,2025-03-23,10,0,0,15,3,0,0.0,2022-09-12,2024-02-23,4.2,4.5,4.8,4.6,4.5,3.7,3.8,,f,1
1989,1989,city scrape,Beachfront Home Kissin' the Caribbean,"Placencia is a 16 mile long peninsula off the coast of mainland Belize that feels like an island. Placencia is only half a mile wide with the stunning Caribbean Sea to the east and the Lagoon and Maya Mountains, to the west. <br /><br />Maya Beach, boasting the most beautiful beaches in Belize is north of the village. This quiet, beach community is quickly becoming a sought after destination in Belize; close to the village, excursions and many popular restaurants, bars and attractions.",468000393,2022-07-06,within an hour,100%,f,"['email', 'phone']",t,t,Stann Creek Mainland,Stann Creek,16.61904,-88.35311,Entire home,Entire home/apt,8,3.0,3.0,4.0,"[""BBQ grill"", ""Dedicated workspace"", ""Extra pillows and blankets"", ""Babysitter recommendations"", ""Air conditioning"", ""Bed linens"", ""Kitchen"", ""Wine glasses"", ""Pack \u2019n play/Travel crib"", ""Hair dryer"", ""Cleaning products"", ""Stove"", ""Toaster"", ""Outdoor dining area"", ""Waterfront"", ""Dryer"", ""Board games"", ""Washer"", ""Cooking basics"", ""Smart lock"", ""Ocean view"", ""Crib - always at the listing"", ""Raymate M8 Pro with Karaoke Microphone  Bluetooth sound system"", ""Shared beach access \u2013 Beachfront"", ""Hangers"", ""Hot water"", ""Oven"", ""Portable fans"", ""Wifi"", ""Private entrance"", ""Shampoo"", ""Iron"", ""Refrigerator"", ""Carbon monoxide alarm"", ""Dishes and silverware"", ""Outlet covers"", ""Essentials"", ""Hot water kettle"", ""Hammock"", ""Long term stays allowed"", ""Barbecue utensils"", ""Private patio or balcony"", ""First aid kit"", ""Baking sheet"", ""Children\u2019s dinnerware"", ""Outdoor shower"", ""TV"", ""Books and reading material"", ""Safe"", ""Blender"", ""Microwave"", ""Coffee"", ""Beach essentials"", ""Dishwasher"", ""Self check-in"", ""Fire extinguisher"", ""Freezer"", ""Beach view"", ""Conditioner"", ""Smoke alarm"", ""Dining table"", ""Sea view"", ""Clothing storage"", ""Baby safety gates"", ""Exterior security cameras on property"", ""Outdoor furniture"", ""Body soap"", ""Children\u2019s books and toys"", ""Ceiling fan"", ""Coffee maker""]","$1,195.00",1,30,t,11,25,42,317,2025-03-23,8,3,0,236,4,18,21510.0,2023-04-12,2025-01-04,5.0,4.88,4.88,5.0,5.0,5.0,5.0,,t,1
1992,1992,city scrape,Studio Apartment near the University of Belize,"Conveniently located in the heart of Belmopan, most of the services are within walking distance. You will stay right beside the Ministry of Rural Transformation, a couple hundred yards from the Mae Gordon Park (Belmopan Central Park), 3 min walk from the University of Belize, 3-10 min walk from the grocery stores, 15 min walk from the bus terminal, restaurants, central market, civic center, banks, churches and all major Government offices.",474869753,2022-08-13,within an hour,100%,t,"['email', 'phone']",t,t,Cayo,Cayo,17.24086,-88.76393,Entire rental unit,Entire home/apt,2,1.0,1.0,1.0,"[""Dedicated workspace"", ""Bed linens"", ""Mini fridge"", ""Wine glasses"", ""Laundromat nearby"", ""Luggage dropoff allowed"", ""Hair dryer"", ""Cleaning products"", ""Shared backyard \u2013 Fully fenced"", ""Keypad"", ""Pets allowed"", ""HDTV with standard cable"", ""Hangers"", ""Hot water"", ""Wifi"", ""Iron"", ""Dishes and silverware"", ""Hot water kettle"", ""Essentials"", ""Long term stays allowed"", ""Free street parking"", ""First aid kit"", ""Single level home"", ""Microwave"", ""Coffee"", ""Free parking on premises"", ""Self check-in"", ""Fire extinguisher"", ""AC - split type ductless system"", ""Exterior security cameras on property"", ""Body soap"", ""Private entrance"", ""Coffee maker""]",$80.00,1,365,,21,47,77,335,2025-03-23,81,40,0,255,42,240,19200.0,2022-08-28,2025-02-18,4.78,4.85,4.75,4.83,4.88,4.64,4.83,,f,3
1993,1993,city scrape,Adorable cozy cabins in the heart of Caye caulker.,,475000758,2022-08-14,within an hour,100%,f,['phone'],t,t,Belize Islands,Belize,17.7611578,-88.02774869999999,Private room in guesthouse,Private room,2,1.0,1.0,1.0,"[""Fire extinguisher"", ""Smoke alarm"", ""AC - split type ductless system"", ""Patio or balcony"", ""Smoking allowed"", ""Exterior security cameras on property"", ""Wifi"", ""Kitchen"", ""Refrigerator"", ""Free parking on premises""]",$144.00,1,365,t,0,20,50,325,2025-03-23,23,0,0,244,0,0,0.0,2022-08-29,2023-04-09,4.87,4.83,4.78,4.78,4.96,4.83,4.74,,f,3
1997,1997,city scrape,"Luxury 2-Bedrooms, ocean view, serviced apartment",,427948310,2021-10-18,within a day,50%,f,"['email', 'phone']",t,t,Belize Islands,Belize,17.73821,-88.02436,Entire serviced apartment,Entire home/apt,5,2.0,2.0,2.0,"[""Beach view"", ""Dedicated workspace"", ""Smoke alarm"", ""Ocean view"", ""Carbon monoxide alarm"", ""AC - split type ductless system"", ""Patio or balcony"", ""Exercise equipment"", ""Exterior security cameras on property"", ""Refrigerator"", ""Hair dryer"", ""Coffee maker"", ""50 inch HDTV with Amazon Prime Video, Netflix, Roku""]","$1,138.00",1,365,t,14,41,65,324,2025-03-23,1,0,0,252,1,0,0.0,2024-02-12,2024-02-12,5.0,5.0,5.0,5.0,5.0,5.0,5.0,,t,8
1998,1998,city scrape,Lita's Cozy Home,"In the neighborhood you have 3 banks, several supermarkets, pharmacies, restaurants, gas stations, bakery, clinic for emergencies, pizza shop, barber shop, hair salon and massage parlor. All locations are 3-5 minutes away from the property.<br /><br />Restaurant and Bar (Rustic Corner) 2 minutes walk from property.",475796273,2022-08-19,within an hour,100%,f,"['email', 'phone']",t,t,Belize Mainland,Belize,17.55225,-88.28161,Entire home,Entire home/apt,6,2.0,3.0,0.0,"[""Extra pillows and blankets"", ""Babysitter recommendations"", ""Air conditioning"", ""Bed linens"", ""Mini fridge"", ""Kitchen"", ""Wine glasses"", ""Laundromat nearby"", ""Luggage dropoff allowed"", ""Hair dryer"", ""Cleaning products"", ""Toaster"", ""Outdoor dining area"", ""Waterfront"", ""Dove body soap"", ""Cooking basics"", ""Washer"", ""Free dryer \u2013 In unit"", ""Hangers"", ""Hot water"", ""Single oven"", ""Portable fans"", ""Wifi"", ""Refrigerator"", ""Iron"", ""Dishes and silverware"", ""Carbon monoxide alarm"", ""Pack \u2019n play/Travel crib - always at the listing"", ""Outlet covers"", ""Essentials"", ""Heating"", ""Gas stove"", ""Hot water kettle"", ""Free street parking"", ""Long term stays allowed"", ""Private patio or balcony"", ""Bathtub"", ""Baking sheet"", ""Coffee maker: drip coffee maker"", ""TV"", ""Blender"", ""Microwave"", ""Coffee"", ""Free parking on premises"", ""Clothing storage: closet, wardrobe, and dresser"", ""Freezer"", ""Smoke alarm"", ""Dining table"", ""Exterior security cameras on property"", ""Private entrance"", ""Ceiling fan""]",$202.00,2,21,t,28,58,88,363,2025-03-23,6,1,1,282,0,6,1212.0,2023-02-27,2025-03-08,5.0,5.0,5.0,4.67,5.0,5.0,5.0,,f,1
2001,2001,city scrape,Spacious Apartment Near the University of Belize,,474869753,2022-08-13,within an hour,100%,t,"['email', 'phone']",t,t,Cayo,Cayo,17.24211910272502,-88.76129264979195,Entire rental unit,Entire home/apt,4,1.0,1.0,1.0,"[""Fire extinguisher"", ""First aid kit"", ""Keypad"", ""Exterior security cameras on property"", ""Wifi"", ""Laundromat nearby"", ""Private entrance"", ""Free parking on premises"", ""Self check-in""]",$80.00,1,365,t,20,41,71,345,2025-03-23,0,0,0,265,0,0,0.0,,,,,,,,,,,t,3
2002,2002,previous scrape,cheerful 2-bedroom vacation Home with utillites,nice friendly and quite neighbourhood & safe,476709141,2022-08-25,,,f,['phone'],t,f,Corozal,Corozal,18.3548119,-88.14255849999999,Entire vacation home,Entire home/apt,5,,2.0,,"[""Washer"", ""Pets allowed"", ""Air conditioning"", ""Wifi"", ""Kitchen"", ""Free parking on premises""]",,1,365,,0,0,0,0,2025-03-23,0,0,0,0,0,0,,,,,,,,,,,,f,1
2003,2003,city scrape,Your Perfect Luxury Villa Getaway in Belize,"Placencia Rd, Placencia: A tropical paradise where Caribbean vibes blend with natural beauty.<br /><br />Imagine streets lined with palm trees, colorful wooden houses, and a relaxed atmosphere that invites you to enjoy life.<br /><br />Discover a wide variety of restaurants, shops, and bars offering authentic experiences of Belizean culture.<br /><br />Explore the white sand beaches and crystal-clear waters, perfect for swimming, diving, or simply sunbathing.<br /><br />Venture into the rainforest and discover the rich flora and fauna that inhabit this earthly paradise.<br /><br />Placencia Rd: A perfect place for those seeking adventure, relaxation, and connection with nature.",477203582,2022-08-29,within an hour,100%,f,"['email', 'phone']",t,t,Stann Creek Mainland,Stann Creek,16.60517,-88.35468,Entire villa,Entire home/apt,3,0.5,1.0,1.0,"[""Dedicated workspace"", ""Bed linens"", ""Kitchen"", ""Hair dryer"", ""Shared backyard \u2013 Fully fenced"", ""Cooking basics"", ""Shared pool - available all year"", ""Refrigerator"", ""Iron"", ""Dishes and silverware"", ""Essentials"", ""Long term stays allowed"", ""Shower gel"", ""First aid kit"", ""Free washer \u2013 In unit"", ""Patio or balcony"", ""TV"", ""Beach access \u2013 Beachfront"", ""Microwave"", ""Lockbox"", ""Self check-in"", ""Sun loungers"", ""Dining table"", ""Induction stove"", ""AC - split type ductless system"", ""Clothing storage"", ""Outdoor furniture"", ""Ceiling fan""]",$200.00,1,1125,t,15,38,68,326,2025-03-23,14,3,0,246,4,18,3600.0,2023-02-17,2024-06-29,4.86,4.79,4.86,4.86,5.0,4.79,4.93,,t,7
2004,2004,city scrape,Tropical Getaway Luxury Villa in Belize,"Placencia Rd, Placencia: A tropical paradise where Caribbean vibes blend with natural beauty.<br /><br />Imagine streets lined with palm trees, colorful wooden houses, and a relaxed atmosphere that invites you to enjoy life.<br /><br />Discover a wide variety of restaurants, shops, and bars offering authentic experiences of Belizean culture.<br /><br />Explore the white sand beaches and crystal-clear waters, perfect for swimming, diving, or simply sunbathing.<br /><br />Venture into the rainforest and discover the rich flora and fauna that inhabit this earthly paradise.<br /><br />Placencia Rd: A perfect place for those seeking adventure, relaxation, and connection with nature.",477203582,2022-08-29,within an hour,100%,f,"['email', 'phone']",t,t,Stann Creek Mainland,Stann Creek,16.60517,-88.35468,Entire villa,Entire home/apt,3,1.0,1.0,2.0,"[""Dedicated workspace"", ""Bed linens"", ""Kitchen"", ""Hair dryer"", ""Shared backyard \u2013 Fully fenced"", ""Lake view"", ""Waterfront"", ""Cooking basics"", ""Wifi"", ""Coffee maker"", ""Shampoo"", ""Iron"", ""Refrigerator"", ""Dishes and silverware"", ""Hot water kettle"", ""Essentials"", ""Long term stays allowed"", ""Free street parking"", ""Shower gel"", ""First aid kit"", ""Single level home"", ""Free washer \u2013 In unit"", ""TV"", ""Pool view"", ""Beach access \u2013 Beachfront"", ""Paid parking on premises"", ""Microwave"", ""Lockbox"", ""Self check-in"", ""Sun loungers"", ""Shared pool"", ""Induction stove"", ""Sea view"", ""AC - split type ductless system"", ""Clothing storage"", ""Outdoor furniture"", ""Ceiling fan"", ""Garden view""]",$197.00,1,1125,t,13,29,57,324,2025-03-23,4,0,0,244,0,0,0.0,2022-11-29,2023-07-16,4.75,4.75,4.5,4.5,4.75,4.25,4.5,,f,7
2005,2005,city scrape,Alterhome,"Uncover the Tropical Charm of Placencia, Belize!<br /><br />Placencia Rd takes you to the heart of this idyllic coastal town, where white sand, crystal-clear waters, and lush vegetation await you for an unforgettable getaway.<br /><br />Imagine:<br /><br />*Strolling along the beach: Feel the fine sand between your toes as you enjoy the sea breeze and the view of the Caribbean Sea.<br />*Exploring marine life: Immerse yourself in the crystal-clear waters and discover the incredible diversity of fish, coral reefs, and other marine creatures.<br />*Delicious cuisine: Savor authentic Belizean cuisine at local restaurants, where you can try fresh and flavorful dishes.<br />*Relax by the pool: Enjoy a refreshing dip in the pool at your hotel or villa and let the sun caress you.<br />*Jungle adventures: Venture into the rainforest and discover the exotic flora and fauna of Belize.<br />*Vibrant culture: Get to know the local culture, enjoy traditional music and dances, and participate in the",477203582,2022-08-29,within an hour,100%,f,"['email', 'phone']",t,t,Stann Creek Mainland,Stann Creek,16.60517,-88.35468,Entire villa,Entire home/apt,8,4.0,4.0,4.0,"[""Dedicated workspace"", ""Bed linens"", ""Kitchen"", ""Wine glasses"", ""Hair dryer"", ""Toaster"", ""Shared backyard \u2013 Fully fenced"", ""Waterfront"", ""Cooking basics"", ""Free dryer \u2013 In unit"", ""Hangers"", ""Wifi"", ""Coffee maker"", ""Shampoo"", ""Iron"", ""Refrigerator"", ""Dishes and silverware"", ""Essentials"", ""Long term stays allowed"", ""Shower gel"", ""Stainless steel gas stove"", ""First aid kit"", ""Free washer \u2013 In unit"", ""Patio or balcony"", ""TV"", ""Pool view"", ""Beach access \u2013 Beachfront"", ""Microwave"", ""Lockbox"", ""Shared outdoor pool - available all year, infinity"", ""Dishwasher"", ""Self check-in"", ""Sun loungers"", ""Fire extinguisher"", ""Smoke alarm"", ""Dining table"", ""Sea view"", ""Clothing storage: dresser"", ""AC - split type ductless system"", ""Body soap"", ""Ceiling fan"", ""Garden view"", ""Free parking on premises \u2013 4 spaces""]",$570.00,1,1125,t,5,25,38,295,2025-03-23,5,0,0,215,0,0,0.0,2023-03-21,2023-05-13,4.6,4.8,4.8,5.0,5.0,4.2,4.6,,f,7
2006,2006,city scrape,"Best Combo of the Water, the Jungle, & Urban Life","Room with A/C and WiFi internet connection. Fully equipped kitchens and bathrooms on both floors. Kitchens are furnished with a 6-burner gas stove with oven, full size refrigerator, microwave, coffee maker, complete with all kitchen wares and utensils. 1 Full bath with shower. Dining area seats 8-10 people. Living area has comfortable couches with a T.V.  <br />The property is in the most reputable expat community, Consejo Shores, 7 miles north of Corozal and 10 minutes across the bay from Chetumal Mexico.  Breathtaking natural jungle trees on property; Friendly hosts and neighbors.",477351269,2022-08-30,within an hour,100%,f,"['email', 'phone']",t,t,Corozal,Corozal,18.44796,-88.31487,Entire home,Entire home/apt,2,1.0,1.0,1.0,"[""Dedicated workspace"", ""Bed linens"", ""Ping pong table"", ""Kitchen"", ""Luggage dropoff allowed"", ""Cleaning products"", ""Stove"", ""Toaster"", ""Private beach access"", ""Cooking basics"", ""Hangers"", ""Hot water"", ""Wifi"", ""Shampoo"", ""Refrigerator"", ""Dishes and silverware"", ""Essentials"", ""Long term stays allowed"", ""36 inch HDTV"", ""Baking sheet"", ""Free washer \u2013 In unit"", ""Books and reading material"", ""Pool table"", ""Stainless steel oven"", ""Microwave"", ""Coffee"", ""Lockbox"", ""Courtyard view"", ""Self check-in"", ""Fire extinguisher"", ""Freezer"", ""Conditioner"", ""Smoke alarm"", ""Dining table"", ""AC - split type ductless system"", ""Clothing storage"", ""Exterior security cameras on property"", ""Free driveway parking on premises"", ""Body soap"", ""Private entrance"", ""Ceiling fan"", ""Coffee maker""]",$137.00,2,1125,t,30,60,90,365,2025-03-23,1,0,0,284,0,0,0.0,2022-09-11,2022-09-11,5.0,5.0,5.0,5.0,5.0,5.0,5.0,,t,6
2007,2007,city scrape,The Garden Modern King Studio Best Rooftop Views,"Costa Nube is located just south of the air strip. All properties in the area are off grid utilizing solar for energy and rain catch for water supply. As a collective, water & electricity conservation efforts are important. Enjoy the nature paths through the southern part of the island.  Take one of the paddle boards out to the sea. We are minutes from the village for dinning, shopping, day activities,  tours, or nightlife. Once back at Costa Nube enjoy the serenity & beauty of the mangrove reserve.",444062147,2022-02-07,within an hour,100%,t,"['email', 'phone']",t,t,Belize Islands,Belize,17.733200642573745,-88.03167318509985,Entire rental unit,Entire home/apt,2,1.0,1.0,1.0,"[""BBQ grill"", ""Dedicated workspace"", ""Bed linens"", ""Mini fridge"", ""Kitchen"", ""Wine glasses"", ""Laundromat nearby"", ""Luggage dropoff allowed"", ""Hair dryer"", ""Cleaning products"", ""Toaster"", ""Outdoor dining area"", ""Cooking basics"", ""Ocean view"", ""50 inch HDTV with Netflix"", ""Keypad"", ""Hangers"", ""Single oven"", ""Portable fans"", ""Wifi"", ""Coffee maker"", ""Room-darkening shades"", ""Shampoo"", ""Iron"", ""Carbon monoxide alarm"", ""Dishes and silverware"", ""Hot water kettle"", ""Essentials"", ""Private backyard \u2013 Fully fenced"", ""Hammock"", ""Free street parking"", ""Stainless steel gas stove"", ""Private patio or balcony"", ""First aid kit"", ""Baking sheet"", ""Bikes"", ""Outdoor shower"", ""Clothing storage: wardrobe"", ""Safe"", ""Blender"", ""Shared beach access"", ""Coffee"", ""Courtyard view"", ""Beach essentials"", ""Free parking on premises"", ""Self check-in"", ""Fire extinguisher"", ""Smoke alarm"", ""Dining table"", ""Sea view"", ""AC - split type ductless system"", ""Exterior security cameras on property"", ""Outdoor furniture"", ""Body soap"", ""Ceiling fan"", ""Garden view""]",$187.00,2,28,t,15,35,65,259,2025-03-23,33,14,3,181,10,84,15708.0,2023-01-02,2025-03-10,5.0,4.97,4.97,5.0,5.0,4.85,5.0,,t,4
2008,2008,city scrape,The Reef Modern 1 Queen br best island views,"Costa Nube is located just south of the air strip. All properties in the area are off-grid utilizing solar for energy and rain catch for water supply. As a collective   water & electricity conservation efforts are important. Enjoy the nature paths through the southern part of the island.  Take one of the paddle boards out to the sea. We are minutes from the village for dinning, shopping, days activities,  tours, or nightlife. Once back at Costa Nube enjoy the serenity and beauty of the mangrove reserve",444062147,2022-02-07,within an hour,100%,t,"['email', 'phone']",t,t,Belize Islands,Belize,17.732502080384204,-88.03114285997445,Entire place,Entire home/apt,2,1.0,1.0,1.0,"[""BBQ grill"", ""Mabe stainless steel gas stove"", ""Dedicated workspace"", ""Bed linens"", ""Exercise equipment: yoga mat"", ""Kitchen"", ""Wine glasses"", ""Laundromat nearby"", ""Luggage dropoff allowed"", ""Hair dryer"", ""Cleaning products"", ""Toaster"", ""Outdoor dining area"", ""Shared backyard \u2013 Fully fenced"", ""Cooking basics"", ""Ocean view"", ""Keypad"", ""50 inch HDTV with Netflix, Fire TV"", ""Hangers"", ""Oven"", ""Portable fans"", ""Wifi"", ""Coffee maker"", ""Shampoo"", ""Iron"", ""Refrigerator"", ""Carbon monoxide alarm"", ""Dishes and silverware"", ""Hot water kettle"", ""Essentials"", ""Hammock"", ""Free street parking"", ""Barbecue utensils"", ""Private patio or balcony"", ""First aid kit"", ""Baking sheet"", ""Bikes"", ""Outdoor shower"", ""Clothing storage: wardrobe"", ""Books and reading material"", ""Safe"", ""Blender"", ""Fire pit"", ""Beach access \u2013 Beachfront"", ""Coffee"", ""Courtyard view"", ""Beach essentials"", ""Free parking on premises"", ""Self check-in"", ""Fire extinguisher"", ""Conditioner"", ""Smoke alarm"", ""Dining table"", ""Sea view"", ""AC - split type ductless system"", ""Drying rack for clothing"", ""City skyline view"", ""Exterior security cameras on property"", ""Outdoor furniture"", ""Body soap"", ""Ceiling fan"", ""Garden view""]",$194.00,2,30,t,13,27,57,251,2025-03-23,64,20,4,170,24,120,23280.0,2022-12-08,2025-03-16,4.98,4.95,4.95,5.0,5.0,4.88,4.95,,t,4
2009,2009,city scrape,Large double bedroom with great wide space.,,421322150,2021-09-02,within an hour,97%,t,"['email', 'phone']",t,t,Belize Mainland,Belize,17.5043654,-88.1907743,Room in boutique hotel,Private room,4,1.0,1.0,2.0,"[""Fire extinguisher"", ""Dedicated workspace"", ""Smoke alarm"", ""TV"", ""Air conditioning"", ""Exterior security cameras on property"", ""Wifi"", ""Carbon monoxide alarm"", ""Free parking on premises""]",$228.00,1,365,t,17,44,72,265,2025-03-23,35,12,2,265,17,72,16416.0,2022-11-21,2025-03-20,4.83,4.86,4.86,4.86,4.8,4.17,4.77,,t,14
2010,2010,city scrape,1 Standard Bedroom for two on the lower flat.,,421322150,2021-09-02,within an hour,97%,t,"['email', 'phone']",t,t,Belize Mainland,Belize,17.5043654,-88.1907743,Room in boutique hotel,Private room,2,1.0,1.0,1.0,"[""Dedicated workspace"", ""Extra pillows and blankets"", ""Hair dryer"", ""Hangers"", ""Hot water"", ""Wifi"", ""Room-darkening shades"", ""Shampoo"", ""Iron"", ""Carbon monoxide alarm"", ""Refrigerator"", ""Essentials"", ""Patio or balcony"", ""TV"", ""Safe"", ""Free parking on premises"", ""Fire extinguisher"", ""Conditioner"", ""Smoke alarm"", ""AC - split type ductless system"", ""Clothing storage"", ""Exterior security cameras on property"", ""Body soap"", ""Coffee maker""]",$172.00,1,365,t,21,51,81,275,2025-03-23,18,5,0,275,6,30,5160.0,2022-09-20,2024-12-21,4.72,4.83,4.94,4.83,4.78,4.11,4.89,,t,14
2011,2011,city scrape,Regular Double bedroom for four.,,421322150,2021-09-02,within an hour,97%,t,"['email', 'phone']",t,t,Belize Mainland,Belize,17.502626085808483,-88.19129291921854,Room in boutique hotel,Private room,4,1.0,1.0,2.0,"[""Exterior security cameras on property"", ""Free parking on premises""]",$212.00,1,365,t,20,47,77,271,2025-03-23,27,7,1,271,11,42,8904.0,2023-01-09,2025-03-09,4.78,4.81,4.74,4.85,4.89,4.26,4.74,,t,14
2013,2013,city scrape,Penthouse 1 bedroom King amazing views,"Costa Nube is located just south of the air strip. All properties in the area are off grid utilizing solar for energy and rain catch for water supply. As a collective, water & electricity conservation efforts are important. Enjoy the nature paths through the southern part of the island.  Take one of the paddle boards out to the sea. We are minutes from the village for dinning, shopping, day activities,  tours, or nightlife. Once back at Costa Nube enjoy the serenity & beauty of the mangrove reserve.",444062147,2022-02-07,within an hour,100%,t,"['email', 'phone']",t,t,Belize Islands,Belize,17.732791879828174,-88.03238355717771,Entire rental unit,Entire home/apt,2,1.0,1.0,1.0,"[""BBQ grill"", ""Mabe stainless steel gas stove"", ""Dedicated workspace"", ""Bed linens"", ""Exercise equipment: yoga mat"", ""Kitchen"", ""Wine glasses"", ""Laundromat nearby"", ""Luggage dropoff allowed"", ""Hair dryer"", ""Cleaning products"", ""Toaster"", ""Outdoor dining area"", ""Shared backyard \u2013 Fully fenced"", ""Cooking basics"", ""Ocean view"", ""Keypad"", ""Hangers"", ""Single oven"", ""55 inch HDTV with Fire TV"", ""Portable fans"", ""Wifi"", ""Room-darkening shades"", ""Shampoo"", ""Iron"", ""Carbon monoxide alarm"", ""Refrigerator"", ""Dishes and silverware"", ""Essentials"", ""Hot water kettle"", ""Rice maker"", ""Hammock"", ""Free street parking"", ""Barbecue utensils"", ""Private patio or balcony"", ""First aid kit"", ""Baking sheet"", ""Bikes"", ""Outdoor shower"", ""Books and reading material"", ""Safe"", ""Blender"", ""Shared beach access"", ""Fire pit"", ""Microwave"", ""Coffee"", ""Free parking on premises"", ""Beach essentials"", ""Self check-in"", ""Fire extinguisher"", ""Freezer"", ""Conditioner"", ""Smoke alarm"", ""Dining table"", ""Sea view"", ""AC - split type ductless system"", ""Exterior security cameras on property"", ""Outdoor furniture"", ""Body soap"", ""Ceiling fan"", ""Coffee maker"", ""Clothing storage: closet""]",$303.00,2,30,t,0,0,0,0,2025-03-23,27,4,1,0,11,24,7272.0,2023-02-08,2025-03-13,4.96,4.96,4.89,4.96,4.96,4.81,4.81,,t,4
2014,2014,city scrape,Luxury-8 Person Villa-Beach Front-Pool-Fully Gated,,477698500,2022-09-01,within an hour,100%,t,"['email', 'phone']",t,t,Stann Creek Mainland,Stann Creek,16.64143,-88.32567,Entire villa,Entire home/apt,8,3.0,3.0,5.0,"[""BBQ grill"", ""Private outdoor pool"", ""Dedicated workspace"", ""Bed linens"", ""Kitchen"", ""Wine glasses"", ""Kayak"", ""Hair dryer"", ""Cleaning products"", ""Stove"", ""Toaster"", ""Outdoor dining area"", ""Waterfront"", ""HDTV"", ""Ocean view"", ""Shared beach access \u2013 Beachfront"", ""Free washer \u2013 In building"", ""Free dryer \u2013 In unit"", ""Hot water"", ""Hangers"", ""Window AC unit"", ""Wifi"", ""Host greets you"", ""Shampoo"", ""Iron"", ""Refrigerator"", ""Dishes and silverware"", ""Hammock"", ""Hot water kettle"", ""Essentials"", ""Private backyard \u2013 Fully fenced"", ""Long term stays allowed"", ""Barbecue utensils"", ""Private patio or balcony"", ""Bathtub"", ""First aid kit"", ""Baking sheet"", ""Outdoor shower"", ""Clothing storage: wardrobe"", ""Safe"", ""Blender"", ""Pool view"", ""Microwave"", ""Free parking on premises"", ""Beach essentials"", ""Dishwasher"", ""Fire extinguisher"", ""Freezer"", ""Beach view"", ""Conditioner"", ""Smoke alarm"", ""Dining table"", ""Exterior security cameras on property"", ""Outdoor furniture"", ""Mountain view"", ""Private entrance"", ""Ceiling fan"", ""Coffee maker""]",$847.00,2,90,t,7,37,67,328,2025-03-23,27,10,0,247,10,60,50820.0,2022-12-12,2025-02-12,4.85,4.96,5.0,4.85,4.93,4.7,4.89,,t,2
2024,2024,city scrape,"Ceiba Beach Resort. Beach Cabana, Placencia","Maya Beach, Placencia, Stann Creek District, Belize<br />Detailed location provided after booking",465032252,2022-06-19,within an hour,100%,f,"['email', 'phone']",t,t,Stann Creek Mainland,Stann Creek,16.6156,-88.35376,Room in hotel,Private room,4,1.0,1.0,2.0,"[""Dedicated workspace"", ""Air conditioning"", ""Bed linens"", ""Wine glasses"", ""Waterfront"", ""Private beach access"", ""HDTV"", ""Hangers"", ""Wifi"", ""Host greets you"", ""Room-darkening shades"", ""Refrigerator"", ""Shampoo"", ""Dishes and silverware"", ""Essentials"", ""Cleaning available during stay"", ""Private patio or balcony"", ""First aid kit"", ""Clothing storage: wardrobe"", ""Safe"", ""Microwave"", ""Free parking on premises"", ""Beach essentials"", ""Fire extinguisher"", ""Freezer"", ""Smoke alarm"", ""Dining table"", ""Sea view"", ""Outdoor furniture"", ""Private entrance"", ""Ceiling fan"", ""Coffee maker"", ""Shared outdoor pool""]",$621.00,1,365,t,30,60,90,279,2025-03-23,2,1,0,274,1,6,3726.0,2024-01-22,2025-01-17,4.5,5.0,4.5,4.5,4.5,5.0,5.0,,t,7
2034,2034,city scrape,Save by Renting 1-4 Bedroom(s) in a Cozy Home,"The property is in the most reputable expat community, Consejo Shores, 7 miles north of Corozal, across the bay from Chetumal Mexico.  Breathtaking natural jungle trees on property; Friendly hosts and neighbors",477351269,2022-08-30,within an hour,100%,f,"['email', 'phone']",t,t,Corozal,Corozal,18.44617,-88.3155,Private room in home,Private room,2,1.0,1.0,1.0,"[""Dedicated workspace"", ""Bed linens"", ""Kitchen"", ""Luggage dropoff allowed"", ""Cleaning products"", ""Stove"", ""Toaster"", ""Cooking basics"", ""Hangers"", ""Hot water"", ""Wifi"", ""Shampoo"", ""Refrigerator"", ""Dishes and silverware"", ""Essentials"", ""Long term stays allowed"", ""Baking sheet"", ""Books and reading material"", ""Stainless steel oven"", ""Beach access \u2013 Beachfront"", ""Microwave"", ""Coffee"", ""Lockbox"", ""Courtyard view"", ""Free parking on premises"", ""Self check-in"", ""Fire extinguisher"", ""Freezer"", ""Conditioner"", ""Smoke alarm"", ""Dining table"", ""AC - split type ductless system"", ""Clothing storage"", ""Exterior security cameras on property"", ""Paid washer \u2013 In building"", ""Body soap"", ""Private entrance"", ""Ceiling fan"", ""Coffee maker""]",$81.00,3,1125,t,30,60,90,365,2025-03-23,1,0,0,284,0,0,0.0,2023-08-17,2023-08-17,5.0,5.0,5.0,5.0,5.0,5.0,5.0,,t,6
2037,2037,city scrape,Furnished 5-bedroom Home in a Beautiful Community,"The property is in the most reputable expat community, Consejo Shores, 7 miles north of Corozal and 10 minutes across the bay from Chetumal Mexico.  Breathtaking natural jungle trees on property; Friendly hosts and neighbors.",477351269,2022-08-30,within an hour,100%,f,"['email', 'phone']",t,t,Corozal,Corozal,18.447999687148226,-88.31189509098509,Entire home,Entire home/apt,10,2.0,5.0,6.0,"[""Dedicated workspace"", ""Air conditioning"", ""Bed linens"", ""Ping pong table"", ""Kitchen"", ""Luggage dropoff allowed"", ""Cleaning products"", ""Stove"", ""Toaster"", ""Cooking basics"", ""Washer"", ""Hangers"", ""Hot water"", ""Wifi"", ""Shampoo"", ""Refrigerator"", ""Dishes and silverware"", ""Essentials"", ""Long term stays allowed"", ""36 inch HDTV"", ""Baking sheet"", ""Books and reading material"", ""Pool table"", ""Stainless steel oven"", ""Beach access \u2013 Beachfront"", ""Microwave"", ""Coffee"", ""Lockbox"", ""Free parking on premises"", ""Self check-in"", ""Fire extinguisher"", ""Freezer"", ""Conditioner"", ""Smoke alarm"", ""Dining table"", ""Clothing storage"", ""Exterior security cameras on property"", ""Body soap"", ""Private entrance"", ""Ceiling fan"", ""Coffee maker""]",$274.00,2,365,t,30,60,90,365,2025-03-23,2,0,0,284,1,0,0.0,2023-08-24,2024-02-29,5.0,4.5,5.0,4.5,5.0,4.5,5.0,,t,6
2038,2038,city scrape,Furnished 4-bedroom Home Elevated on the 2nd Floor,"The property is in the most reputable expat community, Consejo Shores, 7 miles north of Corozal and 10 minutes across the bay from Chetumal Mexico.  Breathtaking natural jungle trees on property; Friendly hosts and neighbors.",477351269,2022-08-30,within an hour,100%,f,"['email', 'phone']",t,t,Corozal,Corozal,18.44523,-88.31507,Entire home,Entire home/apt,8,1.0,4.0,5.0,"[""Dedicated workspace"", ""Air conditioning"", ""Bed linens"", ""Kitchen"", ""Luggage dropoff allowed"", ""Cleaning products"", ""Stove"", ""Toaster"", ""Cooking basics"", ""Hangers"", ""Hot water"", ""Wifi"", ""Shampoo"", ""Refrigerator"", ""Dishes and silverware"", ""Essentials"", ""Long term stays allowed"", ""Baking sheet"", ""Books and reading material"", ""Beach access \u2013 Beachfront"", ""Microwave"", ""Coffee"", ""Lockbox"", ""Free parking on premises"", ""Self check-in"", ""Fire extinguisher"", ""Freezer"", ""Conditioner"", ""Smoke alarm"", ""Dining table"", ""Clothing storage"", ""Exterior security cameras on property"", ""Paid washer \u2013 In building"", ""Body soap"", ""Private entrance"", ""Ceiling fan"", ""Coffee maker""]",$194.00,2,365,t,30,60,90,365,2025-03-23,2,0,0,284,0,0,0.0,2022-12-26,2023-06-26,4.0,3.0,4.5,4.0,5.0,4.0,3.0,,t,6
2040,2040,city scrape,Lovely apartment with a furnished kitchen,"Spanish Lookout is a town with a Mennonite background and many growing businesses. The town is known for it's close-knit community, ice cream (Western Dairies), and beautiful countryside park.",423855651,2021-09-20,within an hour,100%,f,['phone'],t,t,Cayo,Cayo,17.24714,-88.99521,Entire condo,Entire home/apt,4,1.0,2.0,3.0,"[""Bed linens"", ""TV with Netflix"", ""Kitchen"", ""Wine glasses"", ""Cleaning products"", ""Toaster"", ""Board games"", ""Cooking basics"", ""Free dryer \u2013 In unit"", ""Hangers"", ""Hot water"", ""Oven"", ""Wifi"", ""Electric stove"", ""Refrigerator"", ""Shampoo"", ""Dishes and silverware"", ""Hot water kettle"", ""Essentials"", ""Long term stays allowed"", ""Bathtub"", ""Free washer \u2013 In unit"", ""Coffee maker: drip coffee maker"", ""Blender"", ""Microwave"", ""Coffee"", ""Lockbox"", ""Free parking on premises"", ""Clothing storage: closet and dresser"", ""Self check-in"", ""Freezer"", ""Conditioner"", ""Dining table"", ""AC - split type ductless system"", ""Trash compactor"", ""Exterior security cameras on property"", ""Body soap"", ""Private entrance""]",$154.00,1,365,t,12,40,62,313,2025-03-23,16,10,0,254,8,60,9240.0,2022-11-04,2025-02-16,4.88,4.75,5.0,4.88,4.94,4.69,4.81,,f,2
2041,2041,city scrape,Amani Garden - Studio C,"Conveniently nestled in the heart of Belmopan, most of the services are within walking distance. You will stay right beside the Ministry of Rural Transformation, a couple hundred yards from the Mae Gordon Park (Belmopan Central Park), 3 min walk from the University of Belize, 3-10 min walk from the grocery stores, 15 min walk from the bus terminal, restaurants, central market, civic center, banks, churches and all major Government offices.",474869753,2022-08-13,within an hour,100%,t,"['email', 'phone']",t,t,Cayo,Cayo,17.24026,-88.7632,Entire rental unit,Entire home/apt,2,1.0,1.0,1.0,"[""Dedicated workspace"", ""Bed linens"", ""Wine glasses"", ""Laundromat nearby"", ""Luggage dropoff allowed"", ""Hair dryer"", ""Cleaning products"", ""Shared backyard \u2013 Fully fenced"", ""Keypad"", ""Pets allowed"", ""Hangers"", ""Hot water"", ""Wifi"", ""Iron"", ""Dishes and silverware"", ""Hot water kettle"", ""Essentials"", ""Long term stays allowed"", ""Free street parking"", ""First aid kit"", ""Single level home"", ""Microwave"", ""Coffee"", ""Free parking on premises"", ""Self check-in"", ""Fire extinguisher"", ""Garden view"", ""Exterior security cameras on property"", ""Body soap"", ""Private entrance"", ""Coffee maker""]",$73.00,1,1125,,30,60,90,364,2025-03-23,64,29,2,284,34,174,12702.0,2022-10-01,2025-03-07,4.78,4.81,4.69,4.75,4.95,4.7,4.72,,f,3
2043,2043,city scrape,"Beautiful beach front 2 bed, 2 bath","Safe environment with the neighborhood watch close. Just across Black Orchid, up 4 other restaurants around. little groceries store. We can assist you for Golf cart rental.",480888688,2022-09-24,within a day,100%,f,['phone'],t,t,Belize Islands,Belize,17.89715763018659,-87.97775933755065,Entire condo,Entire home/apt,6,2.0,2.0,3.0,"[""BBQ grill"", ""Extra pillows and blankets"", ""Air conditioning"", ""Bed linens"", ""Kitchen"", ""Wine glasses"", ""Hair dryer"", ""Stove"", ""Toaster"", ""Dryer"", ""Cooking basics"", ""Washer"", ""Hangers"", ""Hot water"", ""Oven"", ""Wifi"", ""Host greets you"", ""Room-darkening shades"", ""Shampoo"", ""Iron"", ""Refrigerator"", ""Dishes and silverware"", ""Barbecue utensils"", ""Bathtub"", ""First aid kit"", ""Baking sheet"", ""Shared patio or balcony"", ""Books and reading material"", ""TV"", ""Safe"", ""Beach access \u2013 Beachfront"", ""Microwave"", ""Coffee"", ""Free parking on premises"", ""Dishwasher"", ""Fire extinguisher"", ""Beach view"", ""Conditioner"", ""Smoke alarm"", ""Shared pool"", ""Clothing storage"", ""Body soap"", ""Coffee maker""]",$468.00,3,365,t,12,17,47,276,2025-03-23,0,0,0,195,0,0,0.0,,,,,,,,,,,f,11
2044,2044,city scrape,Comfy Room at Tropical Paradise Hotel #2,,406013307,2021-06-08,within an hour,100%,f,"['email', 'phone']",t,t,Belize Islands,Belize,17.739948,-88.02488,Private room in resort,Private room,4,1.0,1.0,2.0,"[""Air conditioning"", ""Bed linens"", ""Mini fridge"", ""Exercise equipment: free weights, stationary bike, treadmill, yoga mat"", ""Kayak"", ""Luggage dropoff allowed"", ""Hair dryer"", ""Gym in building"", ""Waterfront"", ""Free resort access"", ""Hangers"", ""Hot water"", ""Wifi"", ""Shampoo"", ""Essentials"", ""Long term stays allowed"", ""Cleaning available during stay"", ""Patio or balcony"", ""Beach access \u2013 Beachfront"", ""Free parking on premises"", ""Sun loungers"", ""Fire extinguisher"", ""Outdoor pool - available all year, open specific hours"", ""Smoke alarm"", ""Sea view"", ""Exterior security cameras on property"", ""40 inch HDTV"", ""Outdoor furniture"", ""Body soap"", ""Ceiling fan"", ""Clothing storage: closet""]",$151.00,1,365,t,18,45,71,256,2025-03-23,38,13,1,215,18,78,11778.0,2022-11-10,2025-03-04,4.53,4.53,4.47,4.63,4.68,4.79,4.61,,t,28
2045,2045,previous scrape,Comfy Room at Tropical Paradise Hotel #1,,406013307,2021-06-08,within an hour,100%,f,"['email', 'phone']",t,t,Belize Islands,Belize,17.739948,-88.02488,Private room in resort,Private room,4,,1.0,,"[""Boat slip"", ""Air conditioning"", ""Bed linens"", ""Exercise equipment"", ""Laundromat nearby"", ""Kayak"", ""Luggage dropoff allowed"", ""Hair dryer"", ""Gym in building"", ""Waterfront"", ""Free resort access"", ""Hangers"", ""Hot water"", ""Wifi"", ""Essentials"", ""Long term stays allowed"", ""Cleaning available during stay"", ""Patio or balcony"", ""Beach access \u2013 Beachfront"", ""Soap body soap"", ""Free parking on premises"", ""Sun loungers"", ""Fire extinguisher"", ""Outdoor pool - available all year, open specific hours"", ""Smoke alarm"", ""Exterior security cameras on property"", ""40 inch HDTV"", ""Outdoor furniture"", ""Ceiling fan"", ""Shampoo shampoo"", ""Clothing storage: closet""]",,1,365,t,18,45,71,256,2025-03-23,11,4,0,215,4,24,,2022-10-05,2025-02-12,4.0,3.91,4.45,4.82,4.55,4.64,4.09,,t,28
2054,2054,city scrape,Luxury Studio with Beach Access in Belize,"Placencia Rd: Caribbean Charm by the Sea<br />Embark on a journey to Placencia Rd, a tropical oasis where the Caribbean meets the Belizean jungle. This coastal neighborhood will captivate you with its laid-back atmosphere, white-sand beaches, and crystal-clear waters.<br /><br />A Nature Lover's Paradise:<br /><br />Delve into the lush rainforest surrounding Placencia Rd and discover unique flora and fauna.<br />Hike nature trails and spot exotic birds, mischievous monkeys, and other fascinating creatures.<br />Enjoy outdoor activities like kayaking, snorkeling, diving, and fishing in the warm Caribbean waters.<br />A Vibrant Destination with Much to Offer:<br /><br />Stroll along the charming streets of Placencia Rd and discover local artisan shops, restaurants serving delicious Belizean cuisine, and bars where you can enjoy live music.<br />Visit the Garifuna Cultural Institute to learn about the rich Garifuna culture of Belize.<br />Relax on one of Placencia Rd's many beaches and so",477203582,2022-08-29,within an hour,100%,f,"['email', 'phone']",t,t,Stann Creek Mainland,Stann Creek,16.60517,-88.35468,Entire rental unit,Entire home/apt,2,1.5,1.0,1.0,"[""BBQ grill"", ""Dedicated workspace"", ""Bed linens"", ""Kitchen"", ""Kayak"", ""Hair dryer"", ""Shared backyard \u2013 Fully fenced"", ""Cooking basics"", ""Shared gym in building"", ""Free dryer \u2013 In unit"", ""Hangers"", ""Hot water"", ""Wifi"", ""Coffee maker"", ""Shampoo"", ""Iron"", ""Refrigerator"", ""Essentials"", ""Private outdoor pool - available all year, infinity"", ""Long term stays allowed"", ""Shower gel"", ""Stainless steel gas stove"", ""Bathtub"", ""First aid kit"", ""Single level home"", ""Free washer \u2013 In unit"", ""Ceiling fan"", ""Patio or balcony"", ""TV"", ""Pool view"", ""Beach access \u2013 Beachfront"", ""Microwave"", ""Lockbox"", ""Free parking on premises"", ""Self check-in"", ""Sun loungers"", ""Smoke alarm"", ""Sea view"", ""AC - split type ductless system"", ""Clothing storage"", ""Outdoor furniture"", ""Mountain view"", ""Lake view"", ""Garden view""]",$184.00,1,1125,t,12,35,47,304,2025-03-23,33,9,1,224,7,54,9936.0,2022-10-30,2025-03-06,4.79,4.82,4.94,4.7,4.67,4.76,4.67,,f,7
2055,2055,city scrape,Lionfish your refuge in the heart of paradise,"The neighborhood of Swan Villas in Placencia, Belize, offers a luxurious and tranquil experience in a spectacular coastal setting. Surrounded by the beauty of the Caribbean Sea and lush tropical vegetation, this exclusive enclave provides a sense of privacy and serenity.<br /><br />Residents and visitors of Swan Villas enjoy a prime location with direct beach access and a variety of first-class amenities, including a community pool, outdoor lounging areas, and natural trails for exploration.<br /><br />The atmosphere in the neighborhood is relaxed and welcoming, with a friendly and vibrant community. Additionally, the proximity to the charming town of Placencia offers a wide range of restaurants, shops, and cultural activities to enjoy.<br /><br />In summary, Swan Villas offers a luxurious lifestyle in a stunning natural environment, perfect for those seeking an unforgettable vacation experience in Belize.",477203582,2022-08-29,within an hour,100%,f,"['email', 'phone']",t,t,Stann Creek Mainland,Stann Creek,16.6051702,-88.3546793,Entire villa,Entire home/apt,4,2.0,2.0,2.0,"[""Dedicated workspace"", ""Extra pillows and blankets"", ""Bed linens"", ""Kitchen"", ""Hair dryer"", ""Shared backyard \u2013 Fully fenced"", ""Cooking basics"", ""Shared pool - available all year"", ""Free dryer \u2013 In unit"", ""Wifi"", ""Coffee maker"", ""Shampoo"", ""Iron"", ""Refrigerator"", ""Dishes and silverware"", ""Essentials"", ""Long term stays allowed"", ""Gas stove"", ""Shower gel"", ""Free street parking"", ""Single level home"", ""Free washer \u2013 In unit"", ""Patio or balcony"", ""TV"", ""Pool view"", ""Beach access \u2013 Beachfront"", ""Microwave"", ""Lockbox"", ""Free parking on premises"", ""Self check-in"", ""Sun loungers"", ""Smoke alarm"", ""Sea view"", ""AC - split type ductless system"", ""Clothing storage"", ""Mountain view"", ""Lake view"", ""Garden view""]",$283.00,1,1125,t,15,38,50,307,2025-03-23,9,3,1,227,2,18,5094.0,2022-11-19,2025-03-01,4.67,4.67,4.56,4.33,4.33,4.67,4.44,,f,7
2056,2056,city scrape,"Lovely 2 Beth, 2 bath, first floor, amazing view","Quiet, close to 4 restaurants and a small groceries store.",480888688,2022-09-24,within a day,100%,f,['phone'],t,t,Belize Islands,Belize,17.88915093190825,-87.98106014136962,Entire condo,Entire home/apt,6,1.5,2.0,2.0,"[""BBQ grill"", ""Fire extinguisher"", ""Beach view"", ""Dedicated workspace"", ""Washer"", ""Smoke alarm"", ""First aid kit"", ""Free parking on premises"", ""Outdoor shower"", ""AC - split type ductless system"", ""TV"", ""Patio or balcony"", ""Pool"", ""Wifi"", ""Kitchen"", ""Host greets you"", ""Coffee maker"", ""Outdoor dining area""]",$585.00,3,365,t,0,0,0,82,2025-03-23,0,0,0,1,0,0,0.0,,,,,,,,,,,f,11
2057,2057,city scrape,Beautiful beach front condo 2 bed 2 bath with pool,Is 2 miles south. Close to the Neighbour watch Police Station. Quiet. This two-bedroom condo is located on the Caribbean overlooking the 2nd largest barrier reef in the world.  The view of the Barrier Reef is breathtaking only 1/2 mile off the shoreline.  Enjoy your gift basket when you arrive.,480888688,2022-09-24,within a day,100%,f,['phone'],t,t,Belize Islands,Belize,17.889143887385345,-87.9811962898125,Entire condo,Entire home/apt,6,1.5,2.0,2.0,"[""BBQ grill"", ""Dedicated workspace"", ""Bed linens"", ""Kitchen"", ""Wine glasses"", ""Kayak"", ""Pack \u2019n play/Travel crib"", ""Hair dryer"", ""Toaster"", ""Waterfront"", ""Cooking basics"", ""Washer"", ""Free dryer \u2013 In unit"", ""Hangers"", ""Hot water"", ""Central air conditioning"", ""Wifi"", ""Electric stove"", ""Shampoo"", ""Iron"", ""Refrigerator"", ""Dishes and silverware"", ""Essentials"", ""Long term stays allowed"", ""First aid kit"", ""Stainless steel oven"", ""TV"", ""Patio or balcony"", ""Safe"", ""Shared beach access"", ""Microwave"", ""Free parking on premises"", ""Dishwasher"", ""Sun loungers"", ""Fire extinguisher"", ""Beach view"", ""Conditioner"", ""Smoke alarm"", ""Dining table"", ""Shared pool"", ""Outdoor furniture"", ""Body soap"", ""Private entrance"", ""Ceiling fan"", ""Coffee maker"", ""Clothing storage: closet""]",$468.00,3,30,t,0,16,46,172,2025-03-23,0,0,0,172,0,0,0.0,,,,,,,,,,,f,11
2058,2058,city scrape,Beautiful condo on the beach with pool 3bd-3bath,,480888688,2022-09-24,within a day,100%,f,['phone'],t,t,Belize Islands,Belize,17.889232612886055,-87.9811459720581,Entire condo,Entire home/apt,12,2.5,3.0,3.0,"[""BBQ grill"", ""Dedicated workspace"", ""Extra pillows and blankets"", ""Bed linens"", ""Kitchen"", ""Wine glasses"", ""Kayak"", ""Pack \u2019n play/Travel crib"", ""Hair dryer"", ""Toaster"", ""Outdoor dining area"", ""Cooking basics"", ""Washer"", ""Shared beach access \u2013 Beachfront"", ""Free dryer \u2013 In unit"", ""Hangers"", ""Hot water"", ""Oven"", ""Wifi"", ""Electric stove"", ""Shampoo"", ""Iron"", ""Refrigerator"", ""Dishes and silverware"", ""Essentials"", ""First aid kit"", ""Baking sheet"", ""Outdoor shower"", ""TV"", ""Patio or balcony"", ""Safe"", ""Blender"", ""Microwave"", ""Coffee"", ""Free parking on premises"", ""Dishwasher"", ""Sun loungers"", ""Fire extinguisher"", ""Conditioner"", ""Smoke alarm"", ""Dining table"", ""Shared pool"", ""AC - split type ductless system"", ""Outdoor furniture"", ""Body soap"", ""Ceiling fan"", ""Coffee maker""]",$627.00,3,180,t,6,28,52,122,2025-03-23,2,0,0,122,1,0,0.0,2022-12-09,2024-01-06,5.0,5.0,5.0,5.0,5.0,5.0,5.0,,f,11
2064,2064,city scrape,"Beautiful condo, 2 bed 2 bath, with pool and View","very safe, quiet just next door to the neighbor watch Police. Close to few good restaurants Black Orchid, southern Charm, someplace south, and a small groceries store",480888688,2022-09-24,within a day,100%,f,['phone'],t,t,Belize Islands,Belize,17.88917135215623,-87.98106014136962,Entire condo,Entire home/apt,6,1.5,2.0,2.0,"[""BBQ grill"", ""Fire extinguisher"", ""Beach view"", ""Dedicated workspace"", ""Washer"", ""Smoke alarm"", ""First aid kit"", ""Shared pool"", ""Outdoor shower"", ""AC - split type ductless system"", ""Patio or balcony"", ""Central air conditioning"", ""Wifi"", ""Kitchen"", ""40 inch TV"", ""Free parking on premises"", ""Outdoor dining area""]",$468.00,3,30,t,21,41,71,325,2025-03-23,0,0,0,265,0,0,0.0,,,,,,,,,,,f,11
2067,2067,city scrape,Sandpiper Beach Cabana (Sandpiper),"Welcome to the North side of Hopkins, the friendliest village in Belize. In the neighbourhood you will find local culture at the Lebeha Drumming Centre, several excellent local restaurants, as well as the Driftwood Pizza Restaurant and Pub, the go-to place in Hopkins on Tues nights. Dive/snorkel and fishing tour operators will pick you up on the beach right in front. Groceries are close by, with many fresh products brought right to you.",482250601,2022-10-04,within an hour,100%,f,['phone'],t,t,Stann Creek Mainland,Stann Creek,16.870114863045995,-88.28633582009887,Room in boutique hotel,Private room,4,1.0,1.0,1.0,"[""BBQ grill"", ""Air conditioning"", ""Bed linens"", ""Mini fridge"", ""Kitchen"", ""Stove"", ""Toaster"", ""Window guards"", ""Waterfront"", ""Cooking basics"", ""Oven"", ""Portable fans"", ""Wifi"", ""Host greets you"", ""Hammock"", ""Dishes and silverware"", ""Essentials"", ""Bikes"", ""Coffee maker: drip coffee maker"", ""Patio or balcony"", ""Blender"", ""Beach access \u2013 Beachfront"", ""Microwave"", ""Free parking on premises"", ""Fire extinguisher"", ""Smoke alarm"", ""Dining table"", ""Sea view"", ""Exterior security cameras on property"", ""Outdoor furniture"", ""Body soap"", ""Ceiling fan""]",$220.00,2,365,t,9,27,47,232,2025-03-23,30,22,3,222,19,132,29040.0,2023-12-29,2025-03-10,4.97,5.0,5.0,4.97,5.0,4.93,5.0,,t,4
2068,2068,city scrape,Kiskadee at Sandpiper Beach Cabanas,"Welcome to the North side of Hopkins, the friendliest village in Belize. In the neighbourhood you will find local culture at the Lebeha Drumming Centre, several excellent local restaurants, as well as the Driftwood Pizza Restaurant and Pub, the go-to place in Hopkins on Tues nights. Dive/snorkel and fishing tour operators will pick you up on the beach right in front. Groceries are close by, with many fresh products brought right to you.",482250601,2022-10-04,within an hour,100%,f,['phone'],t,t,Stann Creek Mainland,Stann Creek,16.870012191803266,-88.28644310845947,Room in boutique hotel,Private room,4,1.0,1.0,2.0,"[""BBQ grill"", ""Bed linens"", ""Toaster"", ""Window guards"", ""Portable fans"", ""Wifi"", ""Host greets you"", ""Refrigerator"", ""Hammock"", ""Dishes and silverware"", ""Rice maker"", ""Hot water kettle"", ""Essentials"", ""Bikes"", ""Coffee maker: drip coffee maker"", ""Outdoor shower"", ""Patio or balcony"", ""Blender"", ""Beach access \u2013 Beachfront"", ""Microwave"", ""Free parking on premises"", ""Fire extinguisher"", ""Smoke alarm"", ""Sea view"", ""AC - split type ductless system"", ""Exterior security cameras on property"", ""Outdoor furniture"", ""Body soap""]",$188.00,2,365,t,12,32,58,324,2025-03-23,71,33,3,249,40,198,37224.0,2022-12-23,2025-03-12,4.87,4.93,4.9,4.94,4.9,4.89,4.8,,t,4
2069,2069,city scrape,Pink Flamingo at Sandpiper Beach Cabanas,"Welcome to the North side of Hopkins, the friendliest village in Belize. In the neighbourhood you will find local culture at the Lebeha Drumming Centre, several excellent local restaurants, as well as the Driftwood Pizza Restaurant and Pub, the go-to place in Hopkins on Tues nights. Dive/snorkel and fishing tour operators will pick you up on the beach right in front. Groceries are close by, with many fresh products brought right to you.",482250601,2022-10-04,within an hour,100%,f,['phone'],t,t,Stann Creek Mainland,Stann Creek,16.87116,-88.28611,Room in boutique hotel,Private room,2,1.0,1.0,1.0,"[""BBQ grill"", ""Air conditioning"", ""Bed linens"", ""Kitchen"", ""Cleaning products"", ""Stove"", ""Toaster"", ""Outdoor dining area"", ""Window guards"", ""Cooking basics"", ""Shared beach access \u2013 Beachfront"", ""Oven"", ""Portable fans"", ""Wifi"", ""Host greets you"", ""Refrigerator"", ""Hammock"", ""Dishes and silverware"", ""Essentials"", ""Long term stays allowed"", ""Private patio or balcony"", ""Single level home"", ""Coffee maker: drip coffee maker"", ""Blender"", ""Microwave"", ""Free parking on premises"", ""Fire extinguisher"", ""Smoke alarm"", ""Exterior security cameras on property"", ""Outdoor furniture"", ""Body soap"", ""Garden view""]",$164.00,2,365,t,29,59,89,359,2025-03-23,3,3,1,283,0,18,2952.0,2025-01-25,2025-03-22,5.0,5.0,5.0,5.0,5.0,5.0,5.0,,t,4
2070,2070,city scrape,Pelican at Sandpiper Beach Cabanas,"Welcome to the North side of Hopkins, the friendliest village in Belize. In the neighbourhood you will find local culture at the Lebeha Drumming Centre, several excellent local restaurants, as well as the Driftwood Pizza Restaurant and Pub, the go-to place in Hopkins on Tues nights. Dive/snorkel and fishing tour operators will pick you up on the beach right in front. Groceries are close by, with many fresh products brought right to you.",482250601,2022-10-04,within an hour,100%,f,['phone'],t,t,Stann Creek Mainland,Stann Creek,16.870114863045995,-88.28637873544311,Room in boutique hotel,Private room,2,1.0,1.0,1.0,"[""BBQ grill"", ""Air conditioning"", ""Bed linens"", ""Toaster"", ""Window guards"", ""Cooking basics"", ""Portable fans"", ""Wifi"", ""Host greets you"", ""Refrigerator"", ""Hammock"", ""Dishes and silverware"", ""Hot water kettle"", ""Essentials"", ""Coffee maker: drip coffee maker"", ""Blender"", ""Beach access \u2013 Beachfront"", ""Microwave"", ""Free parking on premises"", ""Fire extinguisher"", ""Smoke alarm"", ""Sea view"", ""Exterior security cameras on property"", ""Outdoor furniture""]",$143.00,2,365,t,18,48,78,353,2025-03-23,24,18,2,272,12,108,15444.0,2022-11-18,2025-03-04,4.71,4.75,4.75,4.83,4.83,4.79,4.71,,t,4
2071,2071,city scrape,"Lovely 2 bed, 2 bath with pool",,480888688,2022-09-24,within a day,100%,f,['phone'],t,t,Belize Islands,Belize,17.889130511657932,-87.98127471809082,Entire condo,Entire home/apt,4,2.0,2.0,0.0,"[""Bed linens"", ""Kitchen"", ""Kayak"", ""Hair dryer"", ""40 inch TV"", ""Toaster"", ""Outdoor dining area"", ""Shared BBQ grill: charcoal"", ""Cooking basics"", ""Pack \u2019n play/Travel crib - available upon request"", ""Free dryer \u2013 In unit"", ""Hangers"", ""Hot water"", ""Oven"", ""Wifi"", ""Electric stove"", ""Shampoo"", ""Iron"", ""Refrigerator"", ""Dishes and silverware"", ""Essentials"", ""Long term stays allowed"", ""Shower gel"", ""Shared outdoor pool - available all year, open specific hours, infinity"", ""First aid kit"", ""Free driveway parking on premises \u2013 10 spaces"", ""Baking sheet"", ""Free washer \u2013 In unit"", ""Coffee maker: drip coffee maker"", ""Outdoor shower"", ""Patio or balcony"", ""Safe"", ""Blender"", ""Shared beach access"", ""Microwave"", ""Coffee"", ""Dishwasher"", ""Sun loungers"", ""Fire extinguisher"", ""Beach view"", ""Conditioner"", ""Smoke alarm"", ""Dining table"", ""AC - split type ductless system"", ""Outdoor furniture"", ""Body soap"", ""Private entrance"", ""Ceiling fan"", ""Clothing storage: closet""]",$468.00,3,365,t,0,0,0,143,2025-03-23,0,0,0,62,0,0,0.0,,,,,,,,,,,f,11
2075,2075,city scrape,"San Pedro, Belize-Oasis Del Caribe - 1st Floor Oce","Safe, very close to everything on the island.",418276485,2021-08-13,within an hour,99%,f,['phone'],t,t,Belize Islands,Belize,17.927088476167004,-87.95821134723934,Entire condo,Entire home/apt,6,2.0,2.0,3.0,"[""Extra pillows and blankets"", ""Bed linens"", ""Kitchen"", ""Hair dryer"", ""Toaster"", ""Waterfront"", ""Cooking basics"", ""Hangers"", ""Hot water"", ""Central air conditioning"", ""Oven"", ""Wifi"", ""Host greets you"", ""Shampoo"", ""Iron"", ""Refrigerator"", ""Carbon monoxide alarm"", ""Dishes and silverware"", ""Heating"", ""Essentials"", ""Long term stays allowed"", ""Free residential garage on premises"", ""Bathtub"", ""First aid kit"", ""Shared patio or balcony"", ""TV"", ""Safe"", ""Shared outdoor pool - available all year, open 24 hours"", ""Microwave"", ""Sun loungers"", ""Fire extinguisher"", ""Smoke alarm"", ""Stainless steel electric stove"", ""Private entrance"", ""Coffee maker""]",$274.00,2,60,t,5,12,33,224,2025-03-23,10,6,1,188,6,36,9864.0,2023-02-19,2025-03-15,4.7,4.6,4.9,4.8,4.7,4.7,4.6,,t,1
2076,2076,previous scrape,Sea N Sun Guesthouse- Turtle Room,"We are located north of the island, near the split. Shops, bars and restaurants all around.",483324814,2022-10-12,within an hour,100%,f,"['email', 'phone']",t,f,Belize Islands,Belize,17.74765385783095,-88.02427255711667,Private room in casa particular,Private room,2,,,,"[""Fire extinguisher"", ""Beach view"", ""Lock on bedroom door"", ""Cooking basics"", ""Smoke alarm"", ""First aid kit"", ""Ocean view"", ""Air conditioning"", ""Exterior security cameras on property"", ""Wifi"", ""Kitchen"", ""Host greets you"", ""Iron"", ""Coffee maker"", ""Outdoor dining area""]",,2,1125,,0,0,0,0,2025-03-23,12,11,2,0,0,66,,2022-11-18,2025-03-06,5.0,5.0,5.0,5.0,5.0,5.0,4.92,,f,4
2077,2077,previous scrape,Sea N Sun Guesthouse- Crocs Nest,"We are located north of the island, near the split. Shops, bars and restaurants all around.",483324814,2022-10-12,within an hour,100%,f,"['email', 'phone']",t,f,Belize Islands,Belize,17.747515222634807,-88.02431010804288,Private room in casa particular,Private room,2,,,,"[""Air conditioning"", ""Bed linens"", ""Kitchen"", ""Luggage dropoff allowed"", ""Outdoor dining area"", ""Shared backyard \u2013 Fully fenced"", ""Waterfront"", ""Lock on bedroom door"", ""Cooking basics"", ""Ocean view"", ""Hot water"", ""Wifi"", ""Host greets you"", ""Shampoo"", ""Dishes and silverware"", ""Essentials"", ""Long term stays allowed"", ""First aid kit"", ""Books and reading material"", ""Safe"", ""Coffee"", ""Fire extinguisher"", ""Beach view"", ""Conditioner"", ""Smoke alarm"", ""Dining table"", ""Sea view"", ""Exterior security cameras on property"", ""Outdoor furniture"", ""Private entrance"", ""Ceiling fan"", ""BBQ grill: charcoal"", ""Coffee maker""]",,2,365,,0,0,0,0,2025-03-23,5,0,0,0,2,0,,2023-02-15,2024-02-27,5.0,4.8,5.0,5.0,4.8,5.0,4.8,,f,4
2078,2078,city scrape,Lovely 2-bedroom rental unit with free parking,,436826051,2021-12-20,within an hour,95%,t,"['email', 'phone']",f,t,Belize Mainland,Belize,17.50009,-88.22382,Entire rental unit,Entire home/apt,4,2.0,2.0,2.0,"[""Dedicated workspace"", ""Double oven"", ""Air conditioning"", ""Kitchen"", ""Hair dryer"", ""Toaster"", ""Shared backyard \u2013 Fully fenced"", ""Washer"", ""Breakfast"", ""Pets allowed"", ""Free dryer \u2013 In unit"", ""Hangers"", ""Hot water"", ""Wifi"", ""Electric stove"", ""Host greets you"", ""Refrigerator"", ""Iron"", ""Dishes and silverware"", ""Long term stays allowed"", ""Private patio or balcony"", ""Bathtub"", ""TV"", ""Blender"", ""Microwave"", ""Coffee"", ""Free parking on premises"", ""Fire extinguisher"", ""Smoke alarm"", ""Dining table"", ""Drying rack for clothing"", ""Exterior security cameras on property"", ""Body soap"", ""Ceiling fan"", ""Coffee maker"", ""Clothing storage: closet""]",$185.00,1,365,t,30,52,82,357,2025-03-23,19,8,2,276,10,48,8880.0,2023-04-03,2025-03-11,4.47,4.74,4.53,4.68,4.79,4.47,4.63,,t,7
2079,2079,city scrape,Lovely 2-bedroom rental unit with free parking,,436826051,2021-12-20,within an hour,95%,t,"['email', 'phone']",f,t,Belize Mainland,Belize,17.49858,-88.22417,Entire rental unit,Entire home/apt,4,2.0,2.0,2.0,"[""Dedicated workspace"", ""Backyard"", ""Air conditioning"", ""Kitchen"", ""Hair dryer"", ""Stove"", ""Dryer"", ""Washer"", ""Breakfast"", ""Pets allowed"", ""Oven"", ""Wifi"", ""Host greets you"", ""Refrigerator"", ""Iron"", ""Dishes and silverware"", ""Essentials"", ""Long term stays allowed"", ""Bathtub"", ""Patio or balcony"", ""TV"", ""Blender"", ""Microwave"", ""Free parking on premises"", ""Fire extinguisher"", ""Smoke alarm"", ""Dining table"", ""Drying rack for clothing"", ""Exterior security cameras on property"", ""Ceiling fan"", ""Coffee maker""]",$206.00,1,365,t,30,52,82,357,2025-03-23,13,4,0,276,5,24,4944.0,2022-10-23,2025-02-02,4.77,4.85,4.69,5.0,5.0,4.62,4.69,,t,7
2080,2080,previous scrape,Sea N Sun Guesthouse- Breezy Balcony,"We are located north of the island, near the split. Shops, bars and restaurants all around.",483324814,2022-10-12,within an hour,100%,f,"['email', 'phone']",t,f,Belize Islands,Belize,17.74777905123152,-88.0242779215347,Private room in casa particular,Private room,2,,,,"[""Dedicated workspace"", ""Mini fridge"", ""Kitchen"", ""Laundromat nearby"", ""Kayak"", ""Luggage dropoff allowed"", ""Hair dryer"", ""Cleaning products"", ""Outdoor dining area"", ""Shared backyard \u2013 Fully fenced"", ""Waterfront"", ""Lock on bedroom door"", ""Cooking basics"", ""Ocean view"", ""Window AC unit"", ""Portable fans"", ""Wifi"", ""Refrigerator"", ""Iron"", ""Dishes and silverware"", ""Hammock"", ""Host greets you"", ""Essentials"", ""Long term stays allowed"", ""Gas stove"", ""Private patio or balcony"", ""First aid kit"", ""Bikes"", ""Books and reading material"", ""Safe"", ""Beach access \u2013 Beachfront"", ""Microwave"", ""Coffee"", ""Beach essentials"", ""Fire extinguisher"", ""Beach view"", ""Smoke alarm"", ""Exterior security cameras on property"", ""Outdoor furniture"", ""Private entrance"", ""Ceiling fan"", ""Coffee maker"", ""Outdoor kitchen""]",,2,1125,,0,0,0,0,2025-03-23,0,0,0,0,0,0,,,,,,,,,,,,f,4
2085,2085,city scrape,"Sunny Bungalow, 2 Bedroom Beachfront Pool Retreat",,477683637,2022-09-01,within an hour,100%,f,"['email', 'phone']",t,t,Stann Creek Mainland,Stann Creek,16.583521,-88.363542,Entire bungalow,Entire home/apt,4,1.0,2.0,2.0,"[""Private outdoor pool"", ""Backyard"", ""Air conditioning"", ""Bed linens"", ""Kitchen"", ""Wine glasses"", ""Kayak"", ""Hair dryer"", ""Cleaning products"", ""Stove"", ""Toaster"", ""Outdoor dining area"", ""Waterfront"", ""Dryer"", ""Washer"", ""HDTV"", ""Ocean view"", ""Shared beach access \u2013 Beachfront"", ""Hangers"", ""Hot water"", ""Wifi"", ""Host greets you"", ""Shampoo"", ""Iron"", ""Refrigerator"", ""Dishes and silverware"", ""Hammock"", ""Hot water kettle"", ""Essentials"", ""Long term stays allowed"", ""Private patio or balcony"", ""First aid kit"", ""Outdoor shower"", ""Clothing storage: wardrobe"", ""Safe"", ""Blender"", ""Pool view"", ""Microwave"", ""Coffee"", ""Free parking on premises"", ""Fire extinguisher"", ""Freezer"", ""Beach view"", ""Conditioner"", ""Smoke alarm"", ""Dining table"", ""Exterior security cameras on property"", ""Outdoor furniture"", ""Private entrance"", ""Ceiling fan"", ""Coffee maker""]",$498.00,2,90,t,10,15,45,300,2025-03-23,7,3,0,219,2,18,8964.0,2023-03-31,2025-01-05,5.0,4.86,4.86,4.86,5.0,5.0,4.86,,t,3
2086,2086,city scrape,Beautiful Island Townhome Overlooking Caribbean,,481536049,2022-09-29,within an hour,100%,t,"['email', 'phone']",t,t,Stann Creek Mainland,Stann Creek,16.510019250510744,-88.37206291589965,Entire condo,Entire home/apt,6,2.0,2.0,3.0,"[""Extra pillows and blankets"", ""Bed linens"", ""Kitchen"", ""Wine glasses"", ""Kayak"", ""Hair dryer"", ""Cleaning products"", ""Toaster"", ""Outdoor dining area"", ""Waterfront"", ""Dryer \u2013\u00a0In unit"", ""Ocean view"", ""HDTV with standard cable"", ""Hangers"", ""Hot water"", ""Wifi"", ""Host greets you"", ""Shampoo"", ""Iron"", ""Refrigerator"", ""Dishes and silverware"", ""Essentials"", ""Long term stays allowed"", ""Gas stove"", ""Free street parking"", ""Barbecue utensils"", ""Private patio or balcony"", ""First aid kit"", ""Bikes"", ""Free washer \u2013 In unit"", ""Coffee maker: drip coffee maker"", ""Clothing storage: wardrobe"", ""Canal view"", ""Safe"", ""Private BBQ grill: gas"", ""Blender"", ""Pool view"", ""Microwave"", ""Fire extinguisher"", ""Freezer"", ""Conditioner"", ""Smoke alarm"", ""Dining table"", ""AC - split type ductless system"", ""Outdoor furniture"", ""Private entrance"", ""Ceiling fan"", ""Shared outdoor pool""]",$523.00,2,90,t,7,30,49,319,2025-03-23,18,9,0,238,10,54,28242.0,2023-05-18,2025-01-25,4.94,4.94,5.0,4.89,5.0,4.89,4.83,,t,1
2087,2087,city scrape,Casa Del Sol Villa in Quiet North Placencia Village,,484426173,2022-10-20,within an hour,100%,f,"['email', 'phone']",t,t,Stann Creek Mainland,Stann Creek,16.52461,-88.36868,Entire villa,Entire home/apt,14,4.0,4.0,8.0,"[""Air conditioning"", ""Bed linens"", ""Dryer"", ""Cooking basics"", ""Washer"", ""Hangers"", ""Pool"", ""Wifi"", ""Refrigerator"", ""Free street parking"", ""Safe"", ""Blender"", ""Beach access \u2013 Beachfront"", ""Microwave"", ""Free parking on premises"", ""Dishwasher"", ""Fire extinguisher"", ""Smoke alarm"", ""Ceiling fan"", ""Coffee maker""]","$1,517.00",3,1125,t,2,23,36,240,2025-03-23,13,9,0,190,8,54,81918.0,2023-04-04,2025-01-25,5.0,5.0,4.85,5.0,5.0,5.0,5.0,,t,1
2089,2089,city scrape,"Away from it all ! Romantic, cozy, secluded beach",Located 9 miles from San Pedro on the beautiful island of Ambergris Caye. Maximum occupancy 3 Adults and 1 Child.,484785699,2022-10-23,,,f,"['email', 'phone']",t,f,Belize Islands,Belize,18.035184013,-87.896277,Entire condo,Entire home/apt,3,1.0,1.0,1.0,"[""Air conditioning"", ""Kitchen"", ""Hair dryer"", ""Outdoor dining area"", ""Cooking basics"", ""Ocean view"", ""Resort view"", ""Wifi"", ""Refrigerator"", ""Iron"", ""Private patio or balcony"", ""TV"", ""Pool view"", ""Free parking on premises"", ""Self check-in"", ""Fire extinguisher"", ""Beach view"", ""Building staff"", ""Shared pool"", ""Smoke alarm"", ""Garden view"", ""Sea view"", ""Coffee maker""]",$263.00,2,1125,t,30,48,75,273,2025-03-23,0,0,0,269,0,0,0.0,,,,,,,,,,,t,1
2090,2090,previous scrape,Sea N Sun Guesthouse- Seahorse 2,"We are located north of the island, near the split. Shops, bars and restaurants all around.",483324814,2022-10-12,within an hour,100%,f,"['email', 'phone']",t,f,Belize Islands,Belize,17.747668196771727,-88.02414354322246,Private room in casa particular,Private room,2,,,,"[""BBQ grill"", ""Backyard"", ""Bed linens"", ""Kitchen"", ""Luggage dropoff allowed"", ""Outdoor dining area"", ""Waterfront"", ""Lock on bedroom door"", ""Cooking basics"", ""Ocean view"", ""Hot water"", ""Wifi"", ""Coffee maker"", ""Host greets you"", ""Shampoo"", ""Dishes and silverware"", ""Essentials"", ""Long term stays allowed"", ""First aid kit"", ""Books and reading material"", ""Safe"", ""Coffee"", ""Courtyard view"", ""Fire extinguisher"", ""Beach view"", ""Conditioner"", ""Smoke alarm"", ""Dining table"", ""Sea view"", ""Exterior security cameras on property"", ""Outdoor furniture"", ""Private entrance"", ""Ceiling fan"", ""Garden view""]",,2,1125,,0,0,0,0,2025-03-23,9,0,0,0,2,0,,2023-05-03,2024-02-29,5.0,4.78,4.89,5.0,5.0,5.0,4.89,,f,4
2099,2099,city scrape,Spectacular View with a Loft !,Located just opposite the Cahal Pech Maya Ruins on the hilltop of San Ignacio Town.,403109622,2021-05-23,within an hour,100%,t,['phone'],t,t,Cayo,Cayo,17.14481,-89.07305,Entire vacation home,Entire home/apt,10,2.5,3.0,5.0,"[""Free driveway parking on premises \u2013 4 spaces"", ""Free dryer \u2013 In building"", ""Outdoor playground"", ""Dedicated workspace"", ""Unknown shampoo"", ""Extra pillows and blankets"", ""Bed linens"", ""Valley view"", ""Kitchen"", ""Wine glasses"", ""Mabe gas stove"", ""Hair dryer"", ""Toaster"", ""Window guards"", ""55 inch HDTV with Amazon Prime Video, Apple TV, Chromecast, Netflix"", ""Board games"", ""Cooking basics"", ""Unknown body soap"", ""Free washer \u2013 In building"", ""Hangers"", ""Hot water"", ""Oven"", ""Window AC unit"", ""Portable fans"", ""Wifi"", ""Room-darkening shades"", ""Iron"", ""Refrigerator"", ""Carbon monoxide alarm"", ""Dishes and silverware"", ""Private backyard \u2013 Fully fenced"", ""Essentials"", ""Hammock"", ""Free street parking"", ""Shower gel"", ""Long term stays allowed"", ""Private patio or balcony"", ""First aid kit"", ""Children\u2019s dinnerware"", ""Coffee maker: drip coffee maker"", ""Safe"", ""Microwave"", ""Lockbox"", ""Clothing storage: closet and dresser"", ""Self check-in"", ""Unknown conditioner"", ""Fire extinguisher"", ""Freezer"", ""Smoke alarm"", ""Dining table"", ""City skyline view"", ""Exterior security cameras on property"", ""Outdoor furniture"", ""Mountain view"", ""Private entrance"", ""Ceiling fan"", ""Garden view""]",$425.00,1,1125,t,24,54,84,356,2025-03-23,41,19,3,275,23,114,48450.0,2023-03-17,2025-03-17,4.9,4.83,4.88,4.8,4.93,4.78,4.85,,f,1
2105,2105,city scrape,"#3  Belizean Retreat-1B/1B, AC in bed, kitchenette",,460485940,2022-05-23,within an hour,100%,t,"['email', 'phone']",t,t,Stann Creek Mainland,Stann Creek,16.51475,-88.3655,Entire serviced apartment,Entire home/apt,2,1.0,1.0,1.0,"[""BBQ grill"", ""Air conditioning"", ""Bed linens"", ""Kitchen"", ""Wine glasses"", ""Luggage dropoff allowed"", ""Hair dryer"", ""Cleaning products"", ""Stove"", ""Toaster"", ""Outdoor dining area"", ""Crib"", ""Dryer"", ""Cooking basics"", ""Washer"", ""Smart lock"", ""Pets allowed"", ""Hangers"", ""Hot water"", ""Oven"", ""Pool"", ""Wifi"", ""Room-darkening shades"", ""Shampoo"", ""Iron"", ""Carbon monoxide alarm"", ""Refrigerator"", ""Dishes and silverware"", ""Essentials"", ""Hot water kettle"", ""Barbecue utensils"", ""First aid kit"", ""Baking sheet"", ""Outdoor shower"", ""TV"", ""Books and reading material"", ""Patio or balcony"", ""Safe"", ""Beach access \u2013 Beachfront"", ""Microwave"", ""Coffee"", ""Self check-in"", ""Fire extinguisher"", ""Freezer"", ""Conditioner"", ""Smoke alarm"", ""Dining table"", ""Clothing storage"", ""Exterior security cameras on property"", ""Outdoor furniture"", ""Body soap"", ""Ceiling fan"", ""Coffee maker""]",$313.00,1,365,t,24,45,68,342,2025-03-23,27,12,2,262,9,72,22536.0,2022-12-05,2025-03-20,4.93,4.85,5.0,4.7,5.0,4.93,4.89,,t,7
2110,2110,city scrape,Sandpiper Sanctuary 4 bed 3 bath Villa with a pool,"The Villa is located just to the north of the Placencia Airstrip in Belize. There’s plenty to do in the villa, but here’s just a small selection of other things you might want to do during your stay:<br /><br />ACTIVITIES<br />Take your pick from hikes through stunning landscapes, and fishing on the inner and outer reef, as well as scuba diving and snorkeling in the wonderfully rich blue water.<br /><br />BEACHES<br />Beautiful beaches are everywhere, and easy to access from the villa. There are some stunning private islands and havens you can reach by boat, including Moho Caye and Ranguana Caye.<br /><br />The Villa also comes with free passes to the Placencia Beach Club with full beach and pool amenities, food, and bar services.  Free round trip transportation is provided to the beach club.<br /><br />BOATING<br />Why not go island hopping on a half or full day excursion, or on a catamaran cruise?<br /><br />BOCAWINA NATIONAL PARK<br />Take a guided tour and learn more about the anim",482541129,2022-10-06,within an hour,100%,f,"['email', 'phone']",t,t,Stann Creek Mainland,Stann Creek,16.53943189048861,-88.36351712435912,Entire villa,Entire home/apt,8,3.0,4.0,6.0,"[""BBQ grill"", ""High chair"", ""Boat slip"", ""Dedicated workspace"", ""Organic - locally made conditioner"", ""Extra pillows and blankets"", ""Bay view"", ""Babysitter recommendations"", ""Bed linens"", ""Heating - split type ductless system"", ""Coffee maker: pour-over coffee"", ""Private outdoor kitchen"", ""Kitchen"", ""Wine glasses"", ""Pack \u2019n play/Travel crib"", ""Private outdoor pool - available all year, open 24 hours, saltwater"", ""Hair dryer"", ""Cleaning products"", ""Resort access"", ""Luggage dropoff allowed"", ""Toaster"", ""Outdoor dining area"", ""Crib"", ""Waterfront"", ""Board games"", ""Cooking basics"", ""43 inch HDTV with Disney+, Hulu, Netflix"", ""Ocean view"", ""Pets allowed"", ""Hangers"", ""Hot water"", ""Oven"", ""Wifi"", ""Room-darkening shades"", ""Iron"", ""Refrigerator"", ""Dishes and silverware"", ""Rice maker"", ""Hot water kettle"", ""Essentials"", ""Free driveway parking on premises \u2013 2 spaces"", ""Long term stays allowed"", ""Shower gel"", ""Cleaning available during stay"", ""Barbecue utensils"", ""Private patio or balcony"", ""First aid kit"", ""Baking sheet"", ""Single level home"", ""Private backyard \u2013 Not fully fenced"", ""Outdoor shower"", ""Books and reading material"", ""Organic- locally made body soap"", ""LG stainless steel electric stove"", ""Safe"", ""Organic - locally made shampoo"", ""Blender"", ""Beach access \u2013 Beachfront"", ""Microwave"", ""Coffee"", ""Lockbox"", ""Self check-in"", ""Dishwasher"", ""Sun loungers"", ""Fire extinguisher"", ""Freezer"", ""Smoke alarm"", ""Dining table"", ""AC - split type ductless system"", ""Drying rack for clothing"", ""Clothing storage"", ""Outdoor furniture"", ""Private entrance"", ""Ceiling fan""]","$1,118.00",1,1125,t,25,55,85,359,2025-03-23,3,2,0,278,2,12,13416.0,2024-03-17,2025-01-02,5.0,5.0,5.0,5.0,5.0,5.0,5.0,,t,1
2112,2112,city scrape,Casita 1 - @Three by the Sea!,Tres Cocos is considered one of the BEST locations on the island for the fact that it has the islands best restaurants and bars just steps away.  Still just a short bike or golf cart ride to Boca Del Rio and the heart of downtown San Pedro.,456186730,2022-04-26,within an hour,100%,t,['phone'],t,t,Belize Islands,Belize,17.940785,-87.948838,Entire home,Entire home/apt,2,1.0,1.0,1.0,"[""Shared outdoor pool - available all year, lap pool"", ""Air conditioning"", ""Bed linens"", ""Kitchen"", ""Hair dryer"", ""Wifi"", ""Host greets you"", ""Refrigerator"", ""Iron"", ""Carbon monoxide alarm"", ""Essentials"", ""Free street parking"", ""First aid kit"", ""Safe"", ""Microwave"", ""Free parking on premises"", ""Fire extinguisher"", ""Smoke alarm"", ""Ceiling fan"", ""Coffee maker""]",$399.00,4,1125,t,7,31,45,122,2025-03-23,9,2,0,122,4,16,6384.0,2023-03-06,2025-02-15,5.0,5.0,4.89,5.0,5.0,5.0,5.0,,t,3
2113,2113,city scrape,Penthouse Suite @ Three by the Sea!,Tres Cocos is considered one of the BEST locations on the island for the fact that it has the islands best restaurants and bars just steps away.  Still just a short bike or golf cart ride to Boca Del Rio and the heart of downtown San Pedro.,456186730,2022-04-26,within an hour,100%,t,['phone'],t,t,Belize Islands,Belize,17.940305,-87.949021,Entire rental unit,Entire home/apt,6,2.0,3.0,4.0,"[""Bed linens"", ""Hair dryer"", ""Toaster"", ""Cooking basics"", ""Washer"", ""Oven"", ""Wifi"", ""Refrigerator"", ""Iron"", ""Carbon monoxide alarm"", ""Private outdoor pool - lap pool"", ""Essentials"", ""Free street parking"", ""First aid kit"", ""TV"", ""Safe"", ""Microwave"", ""Free parking on premises"", ""Dishwasher"", ""Fire extinguisher"", ""Smoke alarm"", ""AC - split type ductless system"", ""Ceiling fan"", ""Coffee maker""]",$951.00,4,1125,t,8,18,39,277,2025-03-23,25,8,0,205,9,64,60864.0,2023-01-07,2025-02-01,4.96,5.0,4.96,5.0,4.96,4.96,4.96,,t,3
2114,2114,city scrape,Casita 2- @Three by the Sea!,Tres Cocos is considered one of the BEST locations on the island for the fact that it has the islands best restaurants and bars just steps away.  Still just a short bike or golf cart ride to Boca Del Rio and the heart of downtown San Pedro.,456186730,2022-04-26,within an hour,100%,t,['phone'],t,t,Belize Islands,Belize,17.940337,-87.949053,Entire home,Entire home/apt,2,1.0,1.0,1.0,"[""Microwave"", ""Free parking on premises"", ""Air conditioning"", ""Bed linens"", ""Pool"", ""Wifi"", ""Kitchen"", ""Coffee maker"", ""Refrigerator"", ""Iron"", ""Hair dryer"", ""Essentials"", ""Free street parking""]",$435.00,3,1125,t,7,32,54,299,2025-03-23,24,11,0,227,13,66,28710.0,2022-12-30,2025-01-21,4.96,4.96,4.96,5.0,5.0,4.96,4.96,,t,3
2116,2116,city scrape,Modern home with fenced in yard,The neighborhood is located just outside the city enabling it to be a calm and peaceful place. The neighborhood is under 24/7 security surveillance.,423855651,2021-09-20,within an hour,100%,f,['phone'],t,t,Cayo,Cayo,17.262990479381806,-88.77967033535242,Entire home,Entire home/apt,6,2.5,3.0,3.0,"[""Dedicated workspace"", ""Air conditioning"", ""Bed linens"", ""Kitchen"", ""Wine glasses"", ""Cleaning products"", ""Toaster"", ""Outdoor dining area"", ""Window guards"", ""Crib"", ""Cooking basics"", ""Washer"", ""Free dryer \u2013 In unit"", ""Hangers"", ""Hot water"", ""Oven"", ""Wifi"", ""Electric stove"", ""Room-darkening shades"", ""Iron"", ""Refrigerator"", ""Dishes and silverware"", ""Hot water kettle"", ""Essentials"", ""Long term stays allowed"", ""Free street parking"", ""Private patio or balcony"", ""Baking sheet"", ""Single level home"", ""Coffee maker: drip coffee maker"", ""TV"", ""Blender"", ""Microwave"", ""Coffee"", ""Lockbox"", ""Free parking on premises"", ""Self check-in"", ""Fire extinguisher"", ""Freezer"", ""Dining table"", ""Clothing storage: walk-in closet, closet, and dresser"", ""Trash compactor"", ""Outdoor furniture"", ""Body soap"", ""Private entrance"", ""Ceiling fan""]",$300.00,3,1125,t,14,23,50,298,2025-03-23,19,8,0,218,10,48,14400.0,2022-12-17,2025-01-28,4.79,4.89,4.68,4.89,4.79,4.95,4.79,,f,2
2117,2117,city scrape,"Special private house 2 bed, 2 bath, pool",,480888688,2022-09-24,within a day,100%,f,['phone'],t,t,Belize Islands,Belize,17.891418689619485,-87.98041059245817,Entire villa,Entire home/apt,4,2.0,2.0,2.0,"[""Extra pillows and blankets"", ""Air conditioning"", ""Bed linens"", ""Kitchen"", ""Wine glasses"", ""Stove"", ""Toaster"", ""Cooking basics"", ""Washer"", ""Hangers"", ""Oven"", ""Pool"", ""Wifi"", ""Refrigerator"", ""Room-darkening shades"", ""Iron"", ""Dishes and silverware"", ""Barbecue utensils"", ""Baking sheet"", ""Books and reading material"", ""Safe"", ""Blender"", ""Microwave"", ""Coffee"", ""Free parking on premises"", ""Dishwasher"", ""Freezer"", ""Clothing storage"", ""Exterior security cameras on property"", ""Coffee maker""]",$675.00,3,365,t,12,26,34,281,2025-03-23,1,0,0,200,0,0,0.0,2023-12-05,2023-12-05,5.0,5.0,5.0,5.0,5.0,5.0,5.0,,f,11
2118,2118,city scrape,"Exquisite 3 bed, 4 bath home with pool",,480888688,2022-09-24,within a day,100%,f,['phone'],t,t,Belize Islands,Belize,17.889477655593947,-87.9822617710083,Entire villa,Entire home/apt,8,3.0,3.0,4.0,"[""Dedicated workspace"", ""Extra pillows and blankets"", ""Air conditioning"", ""Bed linens"", ""Kitchen"", ""Hair dryer"", ""Outdoor dining area"", ""Cooking basics"", ""Washer"", ""Free dryer \u2013 In unit"", ""Hangers"", ""Hot water"", ""Pool"", ""Wifi"", ""Room-darkening shades"", ""Shampoo"", ""Iron"", ""Dishes and silverware"", ""Essentials"", ""First aid kit"", ""TV"", ""Safe"", ""Courtyard view"", ""Free parking on premises"", ""Fire extinguisher"", ""Beach view"", ""Conditioner"", ""Smoke alarm"", ""Exterior security cameras on property"", ""Body soap"", ""Garden view"", ""Clothing storage: closet""]",$757.00,3,365,t,13,27,35,282,2025-03-23,1,1,0,201,1,6,4542.0,2024-07-15,2024-07-15,5.0,5.0,5.0,5.0,5.0,5.0,5.0,,t,11
2123,2123,previous scrape,Paradise Hill Guesthouse: Suite 2,,470733865,2022-07-21,a few days or more,44%,f,"['email', 'phone']",f,t,Cayo,Cayo,17.1635,-89.05025,Entire rental unit,Entire home/apt,2,,1.0,,"[""Fire extinguisher"", ""Dedicated workspace"", ""Washer"", ""Smoke alarm"", ""First aid kit"", ""Air conditioning"", ""TV"", ""City skyline view"", ""Exterior security cameras on property"", ""Wifi"", ""Kitchen"", ""Carbon monoxide alarm"", ""Free parking on premises"", ""Outdoor dining area""]",,1,365,t,30,60,90,365,2025-03-23,1,1,0,284,1,6,,2024-11-10,2024-11-10,1.0,1.0,1.0,1.0,1.0,1.0,1.0,,t,4
2138,2138,city scrape,Hidden Jewel Boutique Hotel Beachfront Suite,,489772383,2022-11-30,within an hour,100%,t,"['email', 'phone']",t,t,Belize Islands,Belize,17.981057680739596,-87.92300720599114,Room in hotel,Private room,2,1.0,1.0,1.0,"[""Piano"", ""Dedicated workspace"", ""Air conditioning"", ""Smoking allowed"", ""Kitchen"", ""Hair dryer"", ""Outdoor dining area"", ""Crib"", ""Waterfront"", ""Cooking basics"", ""Hot water"", ""Wifi"", ""Refrigerator"", ""Shampoo"", ""Iron"", ""Hammock"", ""Essentials"", ""Patio or balcony"", ""TV"", ""Beach access \u2013 Beachfront"", ""Free parking on premises"", ""Self check-in"", ""Fire extinguisher"", ""Building staff"", ""Shared pool"", ""Smoke alarm"", ""Exterior security cameras on property"", ""Outdoor furniture""]",$515.00,1,365,t,19,45,75,306,2025-03-23,0,0,0,225,0,0,0.0,,,,,,,,,,,t,5
2139,2139,city scrape,Hidden Jewel Boutique Hotel 2 BDR Beachfront Villa,,489772383,2022-11-30,within an hour,100%,t,"['email', 'phone']",t,t,Belize Islands,Belize,17.98070999739165,-87.92304714513867,Room in hotel,Private room,4,1.0,2.0,2.0,"[""High chair"", ""Dedicated workspace"", ""Backyard"", ""Air conditioning"", ""Smoking allowed"", ""Kitchen"", ""Pack \u2019n play/Travel crib"", ""Hair dryer"", ""Outdoor dining area"", ""Crib"", ""Dryer"", ""Board games"", ""Washer"", ""Cooking basics"", ""Private outdoor pool - available all year, open specific hours"", ""Ocean view"", ""Hot water"", ""Wifi"", ""Shampoo"", ""Iron"", ""Refrigerator"", ""Dishes and silverware"", ""Essentials"", ""Patio or balcony"", ""Beach access \u2013 Beachfront"", ""Free parking on premises"", ""Fire extinguisher"", ""Smoke alarm"", ""Exterior security cameras on property"", ""40 inch HDTV"", ""Coffee maker""]",$940.00,1,1125,t,15,38,68,300,2025-03-23,2,1,0,219,2,6,5640.0,2024-03-03,2024-04-11,5.0,5.0,4.5,5.0,5.0,5.0,4.5,,t,5
2140,2140,city scrape,Hidden Jewel Boutique Hotel Pool View Suite,,489772383,2022-11-30,within an hour,100%,t,"['email', 'phone']",t,t,Belize Islands,Belize,17.98069084664426,-87.92309694875428,Room in hotel,Private room,3,1.0,1.0,2.0,"[""Piano"", ""High chair"", ""Dedicated workspace"", ""Backyard"", ""Air conditioning"", ""Kitchen"", ""Pack \u2019n play/Travel crib"", ""Hair dryer"", ""Outdoor dining area"", ""Crib"", ""Dryer"", ""Board games"", ""Washer"", ""Cooking basics"", ""Hot water"", ""Wifi"", ""Shampoo"", ""Iron"", ""Refrigerator"", ""Dishes and silverware"", ""Hammock"", ""Essentials"", ""Patio or balcony"", ""TV"", ""Pool view"", ""Beach access \u2013 Beachfront"", ""Courtyard view"", ""Free parking on premises"", ""Self check-in"", ""Fire extinguisher"", ""Shared outdoor pool - available all year, open specific hours"", ""Building staff"", ""Smoke alarm"", ""Exterior security cameras on property"", ""Coffee maker""]",$458.00,1,1125,t,0,0,0,0,2025-03-23,5,1,0,0,3,6,2748.0,2023-01-07,2024-05-12,4.8,4.8,4.8,4.8,5.0,4.6,4.8,,t,5
2141,2141,city scrape,Hidden Jewel Boutique Hotel Garden View,"The property is nestled in a quiet primarily residential neighborhood. We are directly on the beach of the Caribbean Sea, so will be able to enjoy cool tropical breezes and a spectacular view.",489772383,2022-11-30,within an hour,100%,t,"['email', 'phone']",t,t,Belize Islands,Belize,17.98048033136235,-87.92313576270797,Room in hotel,Private room,4,1.0,1.0,1.0,"[""Piano"", ""High chair"", ""Dedicated workspace"", ""Backyard"", ""Air conditioning"", ""Smoking allowed"", ""Kitchen"", ""Hair dryer"", ""Outdoor dining area"", ""Crib"", ""Dryer"", ""Board games"", ""Cooking basics"", ""Hot water"", ""Wifi"", ""Shampoo"", ""Iron"", ""Refrigerator"", ""Dishes and silverware"", ""Essentials"", ""Patio or balcony"", ""TV"", ""Beach access \u2013 Beachfront"", ""Free parking on premises"", ""Self check-in"", ""Fire extinguisher"", ""Beach view"", ""Building staff"", ""Shared pool"", ""Smoke alarm"", ""Exterior security cameras on property"", ""Outdoor furniture"", ""Coffee maker""]",$501.00,1,1125,t,25,55,85,317,2025-03-23,2,1,0,236,0,6,3006.0,2023-02-19,2025-02-15,5.0,5.0,5.0,5.0,5.0,5.0,5.0,,t,5
2142,2142,previous scrape,Hidden Jewel Boutique Hotel 3 bedroom Penthouse,"The property is nestled in a quiet primarily residential neighborhood. We are directly on the beach of the Caribbean Sea, so will be able to enjoy cool tropical breezes and a spectacular view.",489772383,2022-11-30,within an hour,100%,t,"['email', 'phone']",t,t,Belize Islands,Belize,17.980671942051032,-87.92308637497993,Room in hotel,Private room,6,,3.0,,"[""Piano"", ""High chair"", ""Dedicated workspace"", ""Air conditioning"", ""Smoking allowed"", ""Kitchen"", ""Pack \u2019n play/Travel crib"", ""Hair dryer"", ""Outdoor dining area"", ""Crib"", ""Dryer"", ""Board games"", ""Washer"", ""Cooking basics"", ""Ocean view"", ""Hot water"", ""Wifi"", ""Shampoo"", ""Iron"", ""Refrigerator"", ""Dishes and silverware"", ""Private backyard \u2013 Fully fenced"", ""Essentials"", ""Patio or balcony"", ""TV"", ""Beach access \u2013 Beachfront"", ""Free parking on premises"", ""Fire extinguisher"", ""Beach view"", ""Shared pool"", ""Smoke alarm"", ""Exterior security cameras on property"", ""Coffee maker""]",,1,1125,t,26,56,86,318,2025-03-23,1,0,0,237,0,0,,2023-12-25,2023-12-25,5.0,5.0,5.0,5.0,5.0,5.0,5.0,,t,5
2143,2143,city scrape,Adorable Cabin,,475000758,2022-08-14,within an hour,100%,f,['phone'],t,t,Belize Islands,Belize,17.7390992,-88.0261382,Entire cabin,Entire home/apt,2,1.0,1.0,1.0,"[""BBQ grill"", ""Fire extinguisher"", ""Smoke alarm"", ""Air conditioning"", ""Exterior security cameras on property"", ""Wifi"", ""Carbon monoxide alarm"", ""Free parking on premises""]",$108.00,1,365,t,22,52,82,357,2025-03-23,51,20,6,276,24,120,12960.0,2022-12-06,2025-03-10,4.33,4.51,4.33,4.59,4.41,4.53,4.27,,t,3
2145,2145,city scrape,Paul's house,,490268693,2022-12-04,within a few hours,100%,f,['phone'],f,t,Cayo,Cayo,17.21275,-88.93826,Tiny home,Entire home/apt,2,1.0,1.0,1.0,"[""Dedicated workspace"", ""Bed linens"", ""Kitchen"", ""Cleaning products"", ""Outdoor dining area"", ""Washer"", ""Hangers"", ""Wifi"", ""Host greets you"", ""Refrigerator"", ""Shampoo"", ""Dishes and silverware"", ""Hot water kettle"", ""Essentials"", ""Private patio or balcony"", ""Safe"", ""Free parking on premises"", ""Fire extinguisher"", ""Exterior security cameras on property""]",$98.00,2,30,t,28,58,88,363,2025-03-23,4,2,0,282,1,12,1176.0,2023-02-28,2025-02-18,5.0,5.0,5.0,5.0,5.0,4.75,5.0,,f,3
2146,2146,city scrape,Modern & Newly Renovated,,490359713,2022-12-05,within an hour,100%,t,['phone'],t,t,Stann Creek Mainland,Stann Creek,16.96527,-88.22638,Entire home,Entire home/apt,5,1.5,2.0,3.0,"[""Backyard"", ""Air conditioning"", ""Bed linens"", ""Kitchen"", ""Stove"", ""Dryer"", ""Cooking basics"", ""Washer"", ""Pets allowed"", ""Hangers"", ""Hot water"", ""Oven"", ""Wifi"", ""Refrigerator"", ""Shampoo"", ""Dishes and silverware"", ""Essentials"", ""Long term stays allowed"", ""Free street parking"", ""Shower gel"", ""Blender"", ""Microwave"", ""Lockbox"", ""Free parking on premises"", ""Self check-in"", ""Dining table"", ""Coffee maker"", ""Clothing storage: closet""]",$143.00,1,1125,t,12,35,43,86,2025-03-23,18,14,3,86,6,84,12012.0,2023-04-12,2025-03-02,4.83,4.89,5.0,4.89,4.94,4.28,4.89,,t,1
2147,2147,city scrape,Peter's House,,490268693,2022-12-04,within a few hours,100%,f,['phone'],f,t,Cayo,Cayo,17.2133,-88.9373,Tiny home,Entire home/apt,4,1.0,1.0,4.0,"[""Dedicated workspace"", ""Bed linens"", ""Kitchen"", ""Cleaning products"", ""Outdoor dining area"", ""Cooking basics"", ""Washer"", ""Hangers"", ""Hot water"", ""Portable fans"", ""Wifi"", ""Host greets you"", ""Refrigerator"", ""Shampoo"", ""Dishes and silverware"", ""Hot water kettle"", ""Essentials"", ""First aid kit"", ""Safe"", ""Free parking on premises"", ""Fire extinguisher"", ""Freezer"", ""Outdoor furniture""]",$98.00,2,30,t,30,60,90,364,2025-03-23,1,1,0,284,1,6,588.0,2024-08-11,2024-08-11,5.0,5.0,4.0,5.0,5.0,5.0,5.0,,f,3
2149,2149,city scrape,Harada Inn & Suites,,485348678,2022-10-27,,,f,"['email', 'phone']",f,t,Stann Creek Mainland,Stann Creek,16.85439,-88.2803,Room in hotel,Private room,4,1.0,1.0,2.0,"[""Fire extinguisher"", ""Smoke alarm"", ""TV"", ""Air conditioning"", ""Exterior security cameras on property"", ""Wifi"", ""Kitchen"", ""Host greets you"", ""Mountain view"", ""Carbon monoxide alarm"", ""Free parking on premises""]",$334.00,1,365,t,29,59,89,179,2025-03-23,1,0,0,179,1,0,0.0,2024-02-08,2024-02-08,5.0,5.0,5.0,5.0,5.0,5.0,5.0,,f,1
2150,2150,city scrape,Hanna's house,,490268693,2022-12-04,within a few hours,100%,f,['phone'],f,t,Cayo,Cayo,17.21239,-88.93693,Tiny home,Entire home/apt,4,1.0,1.0,4.0,"[""Shared backyard \u2013 Fully fenced"", ""Dedicated workspace"", ""First aid kit"", ""Free parking on premises"", ""Refrigerator"", ""Hangers"", ""Free washer \u2013 In building"", ""Hot water"", ""Exterior security cameras on property"", ""Wifi"", ""Kitchen"", ""Outdoor furniture"", ""Shampoo"", ""Host greets you"", ""Dishes and silverware"", ""Essentials"", ""Outdoor dining area""]",$82.00,1,31,t,15,45,75,350,2025-03-23,5,1,0,269,2,6,492.0,2023-01-10,2025-01-19,4.8,4.8,4.8,4.4,4.8,4.8,5.0,,f,3
2161,2161,city scrape,VIP Cabana Moises,,491441772,2022-12-14,,,f,"['email', 'phone']",t,t,Cayo,Cayo,16.95619,-88.98026,Entire cabin,Entire home/apt,6,1.0,2.0,5.0,"[""Pets allowed"", ""Wifi"", ""Free parking on premises"", ""Smoking allowed""]",$571.00,1,365,t,30,60,90,364,2025-03-23,0,0,0,284,0,0,0.0,,,,,,,,,,,f,2
2162,2162,previous scrape,Riverside Cabana,,491441772,2022-12-14,,,f,"['email', 'phone']",t,t,Cayo,Cayo,16.956938,-88.97967799999999,Room in hotel,Private room,4,,2.0,,"[""Fire extinguisher"", ""Smoke alarm"", ""First aid kit"", ""Wifi"", ""Free parking on premises""]",,1,365,t,30,60,90,365,2025-03-23,0,0,0,284,0,0,,,,,,,,,,,,f,2
2165,2165,city scrape,"Gold Standard, Adults Only- pool/bikes/rooftop bar",,394301266,2021-03-26,within a day,100%,f,"['email', 'phone']",t,t,Belize Islands,Belize,17.883864178840472,-88.00373852363732,Room in boutique hotel,Private room,2,1.0,1.0,1.0,"[""BBQ grill"", ""Boat slip"", ""Dedicated workspace"", ""Extra pillows and blankets"", ""Bay view"", ""Bed linens"", ""40 inch HDTV with Netflix"", ""Mini fridge"", ""Private hot tub"", ""Kayak"", ""Luggage dropoff allowed"", ""Hair dryer"", ""Cleaning products"", ""Outdoor dining area"", ""Lake access"", ""Waterfront"", ""Breakfast"", ""Pets allowed"", ""Hangers"", ""Hot water"", ""Wifi"", ""Room-darkening shades"", ""Shampoo"", ""Iron"", ""Essentials"", ""Heating"", ""Free street parking"", ""Shower gel"", ""Long term stays allowed"", ""Cleaning available during stay"", ""Private patio or balcony"", ""Bathtub"", ""First aid kit"", ""Bikes"", ""Coffee maker: drip coffee maker"", ""Safe"", ""Life size games"", ""Fire pit"", ""Beach access \u2013 Beachfront"", ""Coffee"", ""Bidet"", ""Free parking on premises"", ""Beach essentials"", ""Self check-in"", ""Sun loungers"", ""Fire extinguisher"", ""Shared outdoor pool - available all year, open 24 hours, infinity"", ""Building staff"", ""Conditioner"", ""Smoke alarm"", ""AC - split type ductless system"", ""Noise decibel monitors on property"", ""Exterior security cameras on property"", ""Outdoor furniture"", ""Body soap"", ""Private entrance"", ""Ceiling fan""]",$648.00,1,365,t,18,44,69,234,2025-03-23,7,5,0,203,6,30,19440.0,2023-07-13,2024-06-23,4.86,4.57,4.86,4.71,4.71,4.14,4.71,,t,5
2166,2166,city scrape,"Gold Standard, Adults Only- pool/bikes/rooftop bar",,394301266,2021-03-26,within a day,100%,f,"['email', 'phone']",t,t,Belize Islands,Belize,17.88386999300927,-88.00376664316222,Room in boutique hotel,Private room,2,1.0,1.0,1.0,"[""Boat slip"", ""Dedicated workspace"", ""Extra pillows and blankets"", ""Bay view"", ""Bed linens"", ""40 inch HDTV with Netflix"", ""Mini fridge"", ""Kayak"", ""Luggage dropoff allowed"", ""Hair dryer"", ""Outdoor dining area"", ""Waterfront"", ""Breakfast"", ""Pets allowed"", ""Hangers"", ""Hot water"", ""Wifi"", ""Room-darkening shades"", ""Shampoo"", ""Iron"", ""Essentials"", ""Heating"", ""Free street parking"", ""Shower gel"", ""Long term stays allowed"", ""Cleaning available during stay"", ""First aid kit"", ""Bikes"", ""Shared patio or balcony"", ""Coffee maker: drip coffee maker"", ""Safe"", ""Life size games"", ""Fire pit"", ""Beach access \u2013 Beachfront"", ""Coffee"", ""Bidet"", ""Free parking on premises"", ""Beach essentials"", ""Self check-in"", ""Sun loungers"", ""Fire extinguisher"", ""Shared outdoor pool - available all year, open 24 hours, infinity"", ""Beach view"", ""Building staff"", ""Conditioner"", ""Smoke alarm"", ""Sea view"", ""AC - split type ductless system"", ""Clothing storage"", ""Noise decibel monitors on property"", ""Exterior security cameras on property"", ""Outdoor furniture"", ""Body soap"", ""Private entrance"", ""Ceiling fan""]",$648.00,1,365,t,20,39,68,224,2025-03-23,1,1,0,196,1,6,3888.0,2024-04-04,2024-04-04,5.0,5.0,5.0,5.0,4.0,4.0,5.0,,t,5
2167,2167,city scrape,"Gold Standard, Adults Only- pool/bikes/rooftop bar",,394301266,2021-03-26,within a day,100%,f,"['email', 'phone']",t,t,Belize Islands,Belize,17.883875191320374,-88.00388413109454,Room in boutique hotel,Private room,2,1.0,1.0,1.0,"[""Boat slip"", ""Dedicated workspace"", ""Extra pillows and blankets"", ""Bay view"", ""Bed linens"", ""40 inch HDTV with Netflix"", ""Mini fridge"", ""Kayak"", ""Luggage dropoff allowed"", ""Hair dryer"", ""Waterfront"", ""Breakfast"", ""Pets allowed"", ""Hangers"", ""Hot water"", ""Wifi"", ""Room-darkening shades"", ""Shampoo"", ""Iron"", ""Essentials"", ""Heating"", ""Free street parking"", ""Shower gel"", ""Long term stays allowed"", ""Cleaning available during stay"", ""Private patio or balcony"", ""Bathtub"", ""First aid kit"", ""Bikes"", ""Coffee maker: drip coffee maker"", ""Safe"", ""Life size games"", ""Pool view"", ""Beach access \u2013 Beachfront"", ""Fire pit"", ""Coffee"", ""Bidet"", ""Beach essentials"", ""Self check-in"", ""Sun loungers"", ""Fire extinguisher"", ""Shared outdoor pool - available all year, open 24 hours, infinity"", ""Beach view"", ""Building staff"", ""Conditioner"", ""Smoke alarm"", ""AC - split type ductless system"", ""Private hot tub - available all year, open 24 hours"", ""Clothing storage"", ""Exterior security cameras on property"", ""Outdoor furniture"", ""Body soap"", ""Private entrance"", ""Ceiling fan"", ""Free driveway parking on premises \u2013 15 spaces""]",$719.00,1,365,t,25,51,81,246,2025-03-23,6,2,0,215,5,12,8628.0,2023-11-10,2024-07-29,4.83,4.83,5.0,5.0,5.0,4.67,4.83,,t,5
2168,2168,previous scrape,"Gold Standard, Adults Only- pool/bikes/rooftop bar",,394301266,2021-03-26,within a day,100%,f,"['email', 'phone']",t,t,Belize Islands,Belize,17.8838835454783,-88.00373084308539,Room in boutique hotel,Private room,2,,1.0,,"[""Boat slip"", ""Dedicated workspace"", ""Extra pillows and blankets"", ""Bay view"", ""Bed linens"", ""40 inch HDTV with Netflix"", ""Mini fridge"", ""Kayak"", ""Luggage dropoff allowed"", ""Hair dryer"", ""Outdoor dining area"", ""Waterfront"", ""Breakfast"", ""Shared beach access \u2013 Beachfront"", ""Pets allowed"", ""Hangers"", ""Hot water"", ""Resort view"", ""Wifi"", ""Room-darkening shades"", ""Shampoo"", ""Iron"", ""Essentials"", ""Heating"", ""Free street parking"", ""Shower gel"", ""Long term stays allowed"", ""Cleaning available during stay"", ""Private patio or balcony"", ""First aid kit"", ""Bikes"", ""Coffee maker: drip coffee maker"", ""Safe"", ""Coffee"", ""Bidet"", ""Free parking on premises"", ""Beach essentials"", ""Self check-in"", ""Sun loungers"", ""Fire extinguisher"", ""Shared outdoor pool - available all year, open 24 hours, infinity"", ""Beach view"", ""Building staff"", ""Conditioner"", ""Smoke alarm"", ""AC - split type ductless system"", ""Clothing storage"", ""Noise decibel monitors on property"", ""Exterior security cameras on property"", ""Outdoor furniture"", ""Body soap"", ""Private entrance"", ""Ceiling fan""]",,1,365,t,12,38,68,224,2025-03-23,6,4,0,193,4,24,,2023-07-13,2024-08-24,4.67,4.5,4.83,5.0,4.83,4.17,4.33,,t,5
2169,2169,city scrape,"Gold Standard, Adults Only- pool/bikes/rooftop bar",,394301266,2021-03-26,within a day,100%,f,"['email', 'phone']",t,t,Belize Islands,Belize,17.883822828019326,-88.00379824775874,Room in boutique hotel,Private room,2,1.0,1.0,1.0,"[""Dedicated workspace"", ""Extra pillows and blankets"", ""Bay view"", ""Bed linens"", ""40 inch HDTV with Netflix"", ""Mini fridge"", ""Kayak"", ""Luggage dropoff allowed"", ""Hair dryer"", ""Outdoor dining area"", ""Waterfront"", ""Breakfast"", ""Shared beach access \u2013 Beachfront"", ""Pets allowed"", ""Hangers"", ""Hot water"", ""Wifi"", ""Room-darkening shades"", ""Shampoo"", ""Iron"", ""Essentials"", ""Heating"", ""Free street parking"", ""Shower gel"", ""Long term stays allowed"", ""Cleaning available during stay"", ""Private patio or balcony"", ""First aid kit"", ""Bikes"", ""Coffee maker: drip coffee maker"", ""Safe"", ""Life size games"", ""Fire pit"", ""Coffee"", ""Bidet"", ""Free parking on premises"", ""Beach essentials"", ""Self check-in"", ""Sun loungers"", ""Fire extinguisher"", ""Shared outdoor pool - available all year, open 24 hours, infinity"", ""Building staff"", ""Conditioner"", ""Smoke alarm"", ""AC - split type ductless system"", ""Clothing storage"", ""Exterior security cameras on property"", ""Outdoor furniture"", ""Body soap"", ""Private entrance"", ""Ceiling fan""]",$636.00,1,365,t,19,32,61,226,2025-03-23,3,2,0,195,3,12,7632.0,2024-01-21,2024-05-08,4.33,4.67,4.67,4.67,4.33,4.33,4.0,,t,5
2172,2172,city scrape,Escalante Suites (Unit 1),,492317424,2022-12-21,within an hour,100%,t,['phone'],t,t,Belize Islands,Belize,17.902396,-87.98067,Entire rental unit,Entire home/apt,2,1.0,1.0,0.0,"[""High chair"", ""Dedicated workspace"", ""Babysitter recommendations"", ""Air conditioning"", ""Kitchen"", ""Wine glasses"", ""Luggage dropoff allowed"", ""Cleaning products"", ""Toaster"", ""Cooking basics"", ""HDTV with Netflix"", ""Hangers"", ""Hot water"", ""Wifi"", ""Electric stove"", ""Coffee maker"", ""Shampoo"", ""Iron"", ""Refrigerator"", ""Dishes and silverware"", ""Heating"", ""Essentials"", ""Free street parking"", ""Long term stays allowed"", ""Cleaning available during stay"", ""Patio or balcony"", ""Safe"", ""Blender"", ""Beach access \u2013 Beachfront"", ""Microwave"", ""Coffee"", ""Lockbox"", ""Free parking on premises"", ""Self check-in"", ""Fire extinguisher"", ""Freezer"", ""Conditioner"", ""Smoke alarm"", ""Dining table"", ""Exterior security cameras on property"", ""Body soap"", ""Ceiling fan"", ""Garden view"", ""Clothing storage: closet""]",$152.00,2,365,t,23,53,83,358,2025-03-23,42,22,1,277,24,132,20064.0,2023-02-09,2025-03-08,4.95,4.9,4.95,4.95,4.95,4.8,4.95,,t,3
2173,2173,city scrape,Escalante Suites (Unit 2),,492317424,2022-12-21,within an hour,100%,t,['phone'],t,t,Belize Islands,Belize,17.902396,-87.98067,Entire rental unit,Entire home/apt,2,1.0,1.0,1.0,"[""Babysitter recommendations"", ""Air conditioning"", ""Kitchen"", ""Wine glasses"", ""Luggage dropoff allowed"", ""Cleaning products"", ""Toaster"", ""Cooking basics"", ""Hangers"", ""Hot water"", ""Wifi"", ""Electric stove"", ""Room-darkening shades"", ""Shampoo"", ""Iron"", ""Refrigerator"", ""Dishes and silverware"", ""Heating"", ""Essentials"", ""Free street parking"", ""Long term stays allowed"", ""Cleaning available during stay"", ""Patio or balcony"", ""TV"", ""Safe"", ""Blender"", ""Shared beach access"", ""Microwave"", ""Coffee"", ""Lockbox"", ""Free parking on premises"", ""Self check-in"", ""Fire extinguisher"", ""Freezer"", ""Conditioner"", ""Smoke alarm"", ""Dining table"", ""Trash compactor"", ""Exterior security cameras on property"", ""Ceiling fan"", ""Coffee maker""]",$203.00,2,365,t,0,0,0,97,2025-03-23,38,13,0,16,18,78,15834.0,2023-01-16,2025-01-04,4.82,4.89,4.82,4.97,4.95,4.66,4.76,,t,3
2176,2176,city scrape,Lovely 2-bedroom rental unit with free parking.,,436826051,2021-12-20,within an hour,95%,t,"['email', 'phone']",f,t,Belize Mainland,Belize,17.49867,-88.22485,Entire rental unit,Entire home/apt,4,2.0,2.0,2.0,"[""Dedicated workspace"", ""Backyard"", ""Air conditioning"", ""Kitchen"", ""Hair dryer"", ""Stove"", ""Dryer"", ""Washer"", ""Breakfast"", ""Pets allowed"", ""Oven"", ""Wifi"", ""Host greets you"", ""Refrigerator"", ""Iron"", ""Dishes and silverware"", ""Essentials"", ""Long term stays allowed"", ""Bathtub"", ""Patio or balcony"", ""TV"", ""Blender"", ""Microwave"", ""Free parking on premises"", ""Fire extinguisher"", ""Smoke alarm"", ""Dining table"", ""Drying rack for clothing"", ""Exterior security cameras on property"", ""Ceiling fan"", ""Coffee maker""]",$185.00,1,365,t,30,52,82,357,2025-03-23,36,27,2,276,26,162,29970.0,2023-01-19,2025-03-12,4.86,4.86,4.81,4.86,4.89,4.53,4.72,,t,7
2177,2177,city scrape,Lovely 1-bedroom rental unit with free parking,,436826051,2021-12-20,within an hour,95%,t,"['email', 'phone']",f,t,Belize Mainland,Belize,17.49878,-88.2243,Entire rental unit,Entire home/apt,2,1.0,1.0,1.0,"[""Dedicated workspace"", ""Backyard"", ""Air conditioning"", ""Kitchen"", ""Hair dryer"", ""Stove"", ""Dryer"", ""Breakfast"", ""Pets allowed"", ""Oven"", ""Wifi"", ""Host greets you"", ""Refrigerator"", ""Iron"", ""Dishes and silverware"", ""Essentials"", ""Long term stays allowed"", ""Bathtub"", ""Patio or balcony"", ""TV"", ""Blender"", ""Microwave"", ""Free parking on premises"", ""Fire extinguisher"", ""Smoke alarm"", ""Dining table"", ""Drying rack for clothing"", ""Exterior security cameras on property"", ""Ceiling fan"", ""Coffee maker""]",$165.00,1,365,t,30,60,90,365,2025-03-23,14,4,0,284,6,24,3960.0,2023-01-06,2024-12-28,5.0,5.0,4.93,5.0,5.0,4.71,4.93,,t,7
2178,2178,city scrape,Escalante Suites (Unit 3),,492317424,2022-12-21,within an hour,100%,t,['phone'],t,t,Belize Islands,Belize,17.902396,-87.98067,Entire rental unit,Entire home/apt,2,1.0,1.0,1.0,"[""Dedicated workspace"", ""Babysitter recommendations"", ""Air conditioning"", ""Kitchen"", ""Wine glasses"", ""Luggage dropoff allowed"", ""Cleaning products"", ""Toaster"", ""Cooking basics"", ""Hangers"", ""Hot water"", ""Wifi"", ""Electric stove"", ""Room-darkening shades"", ""Shampoo"", ""Iron"", ""Refrigerator"", ""Dishes and silverware"", ""Heating"", ""Essentials"", ""Standalone high chair - always at the listing"", ""Long term stays allowed"", ""Cleaning available during stay"", ""Single level home"", ""Patio or balcony"", ""TV"", ""Safe"", ""Blender"", ""Shared beach access"", ""Microwave"", ""Coffee"", ""Lockbox"", ""Free parking on premises"", ""Self check-in"", ""Fire extinguisher"", ""Freezer"", ""Smoke alarm"", ""Dining table"", ""Exterior security cameras on property"", ""Body soap"", ""Ceiling fan"", ""Coffee maker"", ""Clothing storage: closet""]",$121.00,2,365,t,20,50,80,355,2025-03-23,24,5,1,274,12,30,3630.0,2023-01-15,2025-03-05,4.83,4.75,4.96,4.92,4.96,4.67,4.79,,t,3
2179,2179,city scrape,Sea Glass Cottage,,488865093,2022-11-23,within a few hours,100%,f,"['email', 'phone']",t,t,Toledo Mainland,Toledo,16.093259293502516,-88.80781194901292,Private room in rental unit,Private room,5,4.0,4.0,3.0,"[""BBQ grill"", ""Dedicated workspace"", ""Extra pillows and blankets"", ""Smoking allowed"", ""Bed linens"", ""Kitchen"", ""Hair dryer"", ""Washer"", ""Shared pool - available all year"", ""Hangers"", ""Central air conditioning"", ""Wifi"", ""Refrigerator"", ""Iron"", ""First aid kit"", ""Patio or balcony"", ""Lockbox"", ""Free parking on premises"", ""Self check-in"", ""Fire extinguisher"", ""Smoke alarm"", ""Sea view"", ""Clothing storage"", ""Noise decibel monitors on property"", ""Exterior security cameras on property"", ""Coffee maker""]",$534.00,3,1125,t,28,55,60,330,2025-03-23,1,0,0,249,1,0,0.0,2024-01-27,2024-01-27,3.0,1.0,5.0,2.0,1.0,5.0,1.0,,t,2
2180,2180,city scrape,Caye Caulker Luxury/Ocean Front,North Caye Caulker,401256991,2021-05-12,within an hour,100%,t,"['email', 'phone']",t,t,Belize Islands,Belize,17.77243,-88.02421,Entire rental unit,Entire home/apt,4,2.0,2.0,3.0,"[""Extra pillows and blankets"", ""Babysitter recommendations"", ""Bed linens"", ""Kitchen"", ""Wine glasses"", ""Kayak"", ""Host greets you"", ""Luggage dropoff allowed"", ""Hair dryer"", ""Cleaning products"", ""Toaster"", ""Outdoor dining area"", ""Waterfront"", ""Shared outdoor pool - available all year, open specific hours, infinity, lap pool"", ""Cooking basics"", ""Ocean view"", ""Free resort access"", ""Free dryer \u2013 In unit"", ""Hangers"", ""Hot water"", ""Wifi"", ""Coffee maker: Keurig coffee machine"", ""Room-darkening shades"", ""Shampoo"", ""Iron"", ""Refrigerator"", ""Dishes and silverware"", ""Hot water kettle"", ""Essentials"", ""Hammock"", ""Long term stays allowed"", ""Shower gel"", ""Cleaning available during stay"", ""55 inch HDTV with Amazon Prime Video, Netflix, premium cable, standard cable"", ""Private patio or balcony"", ""First aid kit"", ""Baking sheet"", ""Free washer \u2013 In unit"", ""Single level home"", ""Outdoor shower"", ""Stainless steel oven"", ""Safe"", ""Blender"", ""Pool view"", ""Beach access \u2013 Beachfront"", ""Microwave"", ""Coffee"", ""Free driveway parking on premises \u2013 1 space"", ""Clothing storage: closet and dresser"", ""Beach essentials"", ""Sun loungers"", ""Fire extinguisher"", ""Shared gym nearby"", ""Freezer"", ""Beach view"", ""Conditioner"", ""Smoke alarm"", ""Exercise equipment: elliptical, free weights, stationary bike, treadmill, yoga mat"", ""Dining table"", ""Sea view"", ""AC - split type ductless system"", ""Stainless steel electric stove"", ""Outdoor furniture"", ""Body soap"", ""Private entrance""]",$654.00,2,730,t,1,15,38,300,2025-03-23,59,36,3,220,32,216,141264.0,2023-01-14,2025-03-08,4.95,4.95,4.98,4.98,4.93,4.95,4.92,,f,1
2181,2181,city scrape,Peaceful Valley Inn,quiet and safe,422377783,2021-09-10,within an hour,100%,f,"['email', 'phone']",t,t,Stann Creek Mainland,Stann Creek,16.95041,-88.41699,Entire home,Entire home/apt,3,1.0,1.0,2.0,"[""BBQ grill"", ""Free dryer \u2013 In building"", ""Air conditioning"", ""Bed linens"", ""Valley view"", ""Kitchen"", ""Laundromat nearby"", ""Outdoor dining area"", ""Cooking basics"", ""Washer"", ""Smart lock"", ""Hot water"", ""Wifi"", ""Refrigerator"", ""Carbon monoxide alarm"", ""Gas stove"", ""First aid kit"", ""Stainless steel oven"", ""TV"", ""Patio or balcony"", ""Microwave"", ""Free parking on premises"", ""Self check-in"", ""Smoke alarm"", ""Noise decibel monitors on property"", ""Mountain view"", ""Ceiling fan""]",$80.00,1,365,t,28,58,88,363,2025-03-23,0,0,0,282,0,0,0.0,,,,,,,,,,,f,1
2184,2184,city scrape,1 Standard Bedroom for two.,,421322150,2021-09-02,within an hour,97%,t,"['email', 'phone']",t,t,Belize Mainland,Belize,17.50153,-88.19095,Room in boutique hotel,Private room,2,1.0,1.0,1.0,"[""TV with Fire TV"", ""Dedicated workspace"", ""Conditioner"", ""Smoke alarm"", ""Carbon monoxide alarm"", ""AC - split type ductless system"", ""Free parking on premises"", ""Exterior security cameras on property"", ""Wifi"", ""Shampoo"", ""Body soap"", ""Hair dryer"", ""Essentials""]",$172.00,1,365,t,20,50,80,274,2025-03-23,11,2,0,274,4,12,2064.0,2023-01-08,2024-07-11,4.82,4.91,4.55,5.0,5.0,4.18,4.55,,t,14
2185,2185,city scrape,1 Standard Bedroom for two on the lower flat.,,421322150,2021-09-02,within an hour,97%,t,"['email', 'phone']",t,t,Belize Mainland,Belize,17.50231,-88.19085,Room in boutique hotel,Private room,2,1.0,1.0,1.0,"[""TV with Fire TV"", ""Dedicated workspace"", ""Smoke alarm"", ""Free parking on premises"", ""AC - split type ductless system"", ""Wifi"", ""Refrigerator"", ""Hair dryer"", ""Essentials""]",$172.00,1,365,t,13,42,72,266,2025-03-23,4,2,1,266,1,12,2064.0,2023-04-23,2025-02-28,4.5,4.75,4.25,4.75,4.75,3.75,4.5,,t,14
2186,2186,city scrape,1 Standard Room for two on the lower flat.,,421322150,2021-09-02,within an hour,97%,t,"['email', 'phone']",t,t,Belize Mainland,Belize,17.50303,-88.19058,Room in boutique hotel,Private room,2,1.0,1.0,1.0,"[""Dedicated workspace"", ""Free parking on premises"", ""AC - split type ductless system"", ""Exterior security cameras on property"", ""Wifi"", ""Hair dryer"", ""Essentials""]",$172.00,1,365,t,19,49,79,273,2025-03-23,1,0,0,273,0,0,0.0,2023-07-09,2023-07-09,5.0,5.0,5.0,5.0,5.0,4.0,5.0,,t,14
2187,2187,city scrape,Family Suite,,488865093,2022-11-23,within a few hours,100%,f,"['email', 'phone']",t,t,Toledo Mainland,Toledo,16.09322910249419,-88.80781470045387,Private room in bed and breakfast,Private room,4,2.0,2.0,2.0,"[""Dedicated workspace"", ""Extra pillows and blankets"", ""Air conditioning"", ""Bed linens"", ""Kitchen"", ""Wine glasses"", ""Hangers"", ""Pool"", ""Wifi"", ""Room-darkening shades"", ""Iron"", ""First aid kit"", ""Outdoor shower"", ""TV"", ""Free parking on premises"", ""Sun loungers"", ""Fire extinguisher"", ""Smoke alarm"", ""Dining table"", ""Clothing storage"", ""Noise decibel monitors on property"", ""Exterior security cameras on property""]",$403.00,1,365,t,25,53,66,312,2025-03-23,0,0,0,232,0,0,0.0,,,,,,,,,,,f,2
2188,2188,previous scrape,Beachfront Paradise- Dorm Bed # 2,"Hopkins has a ATM, Satilight Clinic, police station all in the middle of the village <br />Hopkins people are a garifuna culture. They drum all the time, a way of having fun and communicating to the people.",493050072,2022-12-27,within an hour,100%,t,['phone'],t,f,Stann Creek Mainland,Stann Creek,16.87406,-88.28722,Private room in guesthouse,Private room,1,,1.0,,"[""Dedicated workspace"", ""Smoking allowed"", ""Outdoor dining area"", ""Washer"", ""Ocean view"", ""Pets allowed"", ""Wifi"", ""First aid kit"", ""Shared patio or balcony"", ""Outdoor shower"", ""Fire pit"", ""Beach access \u2013 Beachfront"", ""Free parking on premises"", ""Self check-in"", ""EV charger"", ""Fire extinguisher"", ""Beach view"", ""Building staff"", ""Garden view"", ""Sea view"", ""Coffee maker""]",,1,365,t,30,56,82,357,2025-03-23,22,16,1,276,16,96,,2023-01-28,2025-02-28,5.0,4.86,4.73,4.91,4.95,4.86,5.0,,t,9
2189,2189,city scrape,Beachfront Paradise- Dorm Bed # 4,,493050072,2022-12-27,within an hour,100%,t,['phone'],t,f,Stann Creek Mainland,Stann Creek,16.87406,-88.28722,Shared room in guesthouse,Shared room,1,1.0,1.0,1.0,"[""Fire extinguisher"", ""Dedicated workspace"", ""Building staff"", ""First aid kit"", ""Pets allowed"", ""Outdoor shower"", ""Smoking allowed"", ""Wifi"", ""Fire pit"", ""Beach access \u2013 Beachfront"", ""Paid washer"", ""Free parking on premises"", ""Self check-in"", ""Outdoor dining area""]",$23.00,1,1125,t,30,60,90,365,2025-03-23,25,11,1,284,14,66,1518.0,2023-02-14,2025-03-22,4.92,4.84,4.8,4.8,4.88,5.0,4.84,,t,9
2190,2190,city scrape,"Beachfront Semi-Private Room ""A""","Hopkins has a ATM, Satilight Clinic, police station all in the middle of the village <br />Hopkins people are a garifuna culture. They drum all the time, a way of having fun and communicating to the people.",493050072,2022-12-27,within an hour,100%,t,['phone'],t,f,Stann Creek Mainland,Stann Creek,16.87406,-88.28722,Private room in guesthouse,Private room,2,1.0,1.0,1.0,"[""Dedicated workspace"", ""Backyard"", ""Smoking allowed"", ""Mini fridge"", ""Outdoor dining area"", ""Washer"", ""Pets allowed"", ""Wifi"", ""Hammock"", ""First aid kit"", ""Shared patio or balcony"", ""Outdoor shower"", ""Fire pit"", ""Beach access \u2013 Beachfront"", ""Free parking on premises"", ""Self check-in"", ""Fire extinguisher"", ""Building staff"", ""Outdoor furniture"", ""Coffee maker""]",$60.00,1,1125,t,27,57,87,362,2025-03-23,44,15,0,281,16,90,5400.0,2023-01-24,2025-01-22,4.7,4.75,4.55,4.77,4.77,4.7,4.57,,t,9
2191,2191,city scrape,"Beachfront Semi-Private Room  ""B""",,493050072,2022-12-27,within an hour,100%,t,['phone'],t,f,Stann Creek Mainland,Stann Creek,16.87406,-88.28722,Private room in guesthouse,Private room,2,1.0,1.0,1.0,"[""Fire extinguisher"", ""Dedicated workspace"", ""Building staff"", ""Washer"", ""First aid kit"", ""Shared patio or balcony"", ""Pets allowed"", ""Outdoor shower"", ""Self check-in"", ""Smoking allowed"", ""Wifi"", ""Fire pit"", ""Beach access \u2013 Beachfront"", ""Free parking on premises"", ""Coffee maker: french press"", ""Outdoor dining area""]",$60.00,1,365,t,29,58,88,363,2025-03-23,29,7,1,282,4,42,2520.0,2023-01-12,2025-03-15,4.45,4.59,4.34,4.64,4.69,4.55,4.55,,t,9
2192,2192,city scrape,Sea View Residence at Blu Zen,Blu Zen Resort and Residences,463207263,2022-06-08,within an hour,100%,f,"['email', 'phone']",t,t,Belize Islands,Belize,17.76853894159493,-88.02533159319957,Entire rental unit,Entire home/apt,4,2.0,2.0,2.0,"[""Fire extinguisher"", ""Beach view"", ""Dedicated workspace"", ""Washer"", ""Smoke alarm"", ""Cooking basics"", ""Shared pool"", ""Carbon monoxide alarm"", ""Air conditioning"", ""TV"", ""Wifi"", ""Kitchen"", ""Beach access \u2013 Beachfront"", ""Hair dryer""]",$514.00,4,365,t,9,31,57,315,2025-03-23,18,13,2,235,10,104,53456.0,2023-04-27,2025-03-19,5.0,4.89,4.94,5.0,4.89,4.89,4.94,,f,4
2197,2197,previous scrape,Xterra Palm Guest House,,495207589,2023-01-09,,,f,"['email', 'phone']",t,f,Stann Creek Mainland,Stann Creek,16.86149,-88.28489,Private room in guesthouse,Private room,16,,5.0,,"[""Fire extinguisher"", ""Dedicated workspace"", ""Smoke alarm"", ""First aid kit"", ""Outdoor shower"", ""TV"", ""Air conditioning"", ""Exterior security cameras on property"", ""Wifi"", ""Beach access \u2013 Beachfront"", ""Outdoor dining area""]",,1,1125,,0,0,0,0,2025-03-23,0,0,0,0,0,0,,,,,,,,,,,,f,1
2198,2198,city scrape,Beach Camping w/shared bathroom (No tent provided),"""Hopkins is a small drinking village with a slight fishing problem "" I teasing say. very friendly people,  lots of places to eat and hear the local drummersHopkins has a ATM, Satilight Clinic, police station all in the middle of the village <br />Hopkins people are a garifuna culture. They drum all the time, a way of having fun and communicating to the people.",493050072,2022-12-27,within an hour,100%,t,['phone'],t,f,Stann Creek Mainland,Stann Creek,16.87366,-88.28701,Private room in tiny home,Private room,4,1.0,0.0,1.0,"[""Fire extinguisher"", ""Dedicated workspace"", ""Building staff"", ""First aid kit"", ""Pets allowed"", ""Outdoor shower"", ""Smoking allowed"", ""Wifi"", ""Fire pit"", ""Beach access \u2013 Beachfront"", ""Free parking on premises"", ""Self check-in"", ""Outdoor dining area""]",$16.00,1,365,t,30,60,90,364,2025-03-23,12,1,0,284,3,6,96.0,2023-01-25,2024-04-10,4.75,4.67,4.75,4.83,4.83,4.83,4.83,,f,9
2206,2206,city scrape,Relax-INN,,455811175,2022-04-24,within an hour,100%,t,['phone'],t,t,Stann Creek Mainland,Stann Creek,16.96607,-88.22212,Entire home,Entire home/apt,4,1.0,2.0,2.0,"[""BBQ grill"", ""Dedicated workspace"", ""Extra pillows and blankets"", ""Air conditioning"", ""Bed linens"", ""Kitchen"", ""Wine glasses"", ""Hair dryer"", ""Cleaning products"", ""Cooking basics"", ""Washer"", ""Smart lock"", ""Free dryer \u2013 In unit"", ""Hot water"", ""Wifi"", ""Private entrance"", ""Room-darkening shades"", ""Shampoo"", ""Iron"", ""Carbon monoxide alarm"", ""Refrigerator"", ""Dishes and silverware"", ""Essentials"", ""Hot water kettle"", ""Gas stove"", ""Rice maker"", ""Private backyard \u2013 Fully fenced"", ""Long term stays allowed"", ""Cleaning available during stay"", ""Private patio or balcony"", ""First aid kit"", ""Children\u2019s dinnerware"", ""Stainless steel oven"", ""Coffee maker: drip coffee maker"", ""Beach access \u2013 Beachfront"", ""Microwave"", ""Free parking on premises"", ""Self check-in"", ""Fire extinguisher"", ""Freezer"", ""Conditioner"", ""Smoke alarm"", ""Dining table"", ""Clothing storage"", ""Exterior security cameras on property"", ""Body soap"", ""TV with Amazon Prime Video, Hulu, Netflix, Roku, standard cable"", ""Ceiling fan""]",$218.00,2,365,t,0,0,0,0,2025-03-23,14,10,2,0,9,60,13080.0,2023-07-19,2025-03-15,4.64,4.93,4.5,4.64,4.93,4.79,4.64,,f,1
2217,2217,city scrape,Imani's Inn Placencia 1-bedroom gold standard #3,,446937405,2022-02-26,within an hour,100%,t,"['email', 'phone']",t,t,Stann Creek Mainland,Stann Creek,16.5175474963667,-88.36759707235261,Room in hotel,Private room,4,1.0,1.0,2.0,"[""Dedicated workspace"", ""Extra pillows and blankets"", ""Air conditioning"", ""Bed linens"", ""Mini fridge"", ""Laundromat nearby"", ""Luggage dropoff allowed"", ""Cleaning products"", ""Waterfront"", ""Hangers"", ""Hot water"", ""Wifi"", ""Room-darkening shades"", ""Shampoo"", ""Iron"", ""Refrigerator"", ""Essentials"", ""Long term stays allowed"", ""Free street parking"", ""Shower gel"", ""First aid kit"", ""Patio or balcony"", ""TV"", ""Safe"", ""Beach access \u2013 Beachfront"", ""Microwave"", ""Fire extinguisher"", ""Conditioner"", ""Smoke alarm"", ""Clothing storage"", ""Exterior security cameras on property"", ""Body soap"", ""Private entrance""]",$245.00,1,1125,t,0,0,0,78,2025-03-23,1,0,0,0,0,0,0.0,2023-04-10,2023-04-10,5.0,5.0,5.0,5.0,5.0,5.0,5.0,,t,4
2218,2218,city scrape,Imani's Inn Placencia 1-bedroom gold standard #4,,446937405,2022-02-26,within an hour,100%,t,"['email', 'phone']",t,t,Stann Creek Mainland,Stann Creek,16.51725,-88.36718,Room in hotel,Private room,4,1.0,1.0,2.0,"[""Dedicated workspace"", ""Extra pillows and blankets"", ""Air conditioning"", ""Bed linens"", ""Mini fridge"", ""Laundromat nearby"", ""Luggage dropoff allowed"", ""Cleaning products"", ""Waterfront"", ""Hangers"", ""Hot water"", ""Wifi"", ""Room-darkening shades"", ""Shampoo"", ""Iron"", ""Refrigerator"", ""Essentials"", ""Long term stays allowed"", ""Free street parking"", ""Shower gel"", ""First aid kit"", ""Patio or balcony"", ""TV"", ""Safe"", ""Beach access \u2013 Beachfront"", ""Microwave"", ""Fire extinguisher"", ""Conditioner"", ""Smoke alarm"", ""Clothing storage"", ""Exterior security cameras on property"", ""Body soap"", ""Private entrance""]",$281.00,1,365,t,17,47,77,352,2025-03-23,10,0,0,271,7,0,0.0,2023-02-13,2024-03-16,5.0,5.0,4.9,4.8,4.9,5.0,5.0,,t,4
2219,2219,city scrape,Orange Walk - Posadas Inn,This a safe zone where there are many local places available. There is a shop and restaurants close.,450475791,2022-03-20,within an hour,100%,t,"['email', 'phone']",t,t,Orange Walk,Orange Walk,18.07281,-88.56669,Entire home,Entire home/apt,6,1.0,2.0,3.0,"[""Ethernet connection"", ""Dedicated workspace"", ""Extra pillows and blankets"", ""Babysitter recommendations"", ""Air conditioning"", ""Bed linens"", ""Kitchen"", ""Wine glasses"", ""Luggage dropoff allowed"", ""Hair dryer"", ""Cleaning products"", ""Toaster"", ""Board games"", ""Cooking basics"", ""Pets allowed"", ""Free dryer \u2013 In unit"", ""Hot water"", ""Wifi"", ""Room-darkening shades"", ""Iron"", ""Refrigerator"", ""Dishes and silverware"", ""Hot water kettle"", ""Essentials"", ""Long term stays allowed"", ""Gas stove"", ""Shower gel"", ""Private patio or balcony"", ""First aid kit"", ""Baking sheet"", ""Free washer \u2013 In unit"", ""Coffee maker: drip coffee maker"", ""Stainless steel oven"", ""TV"", ""Safe"", ""Blender"", ""Fire pit"", ""Microwave"", ""Coffee"", ""Lockbox"", ""Free parking on premises"", ""Self check-in"", ""Fire extinguisher"", ""Freezer"", ""Conditioner"", ""Smoke alarm"", ""Dining table"", ""Clothing storage"", ""Bath and body body soap"", ""Pantene shampoo"", ""Private entrance"", ""Ceiling fan""]",$131.00,1,1125,t,23,53,78,350,2025-03-23,20,11,2,270,11,66,8646.0,2023-07-15,2025-03-02,4.9,5.0,4.85,4.95,4.95,4.75,4.9,,t,3
2220,2220,city scrape,"Luxury Jungle Suite Near San Ignacio, Belize","Bullet Tree Falls is a village in Cayo District of western Belize. The village is located in the foothills of the Maya Mountains and has a population of about 3000 people, mostly Spanish-speaking mestizos. There is also a significant population of American and Canadian ex-pats living in the area.<br /><br />The village is located along the verdant Mopan River about a 10-minute drive from San Ignacio Town. The two sides of the village are connected by the single-lane Salvador Fernandez Bridge.",394972587,2021-03-31,within an hour,100%,f,"['email', 'phone', 'work_email']",t,t,Cayo,Cayo,17.17159,-89.10906,Entire rental unit,Entire home/apt,2,1.0,1.0,1.0,"[""Dedicated workspace"", ""Extra pillows and blankets"", ""Bed linens"", ""Mini fridge"", ""Kitchen"", ""Wine glasses"", ""Laundromat nearby"", ""Luggage dropoff allowed"", ""Hair dryer"", ""Cleaning products"", ""Toaster"", ""Outdoor dining area"", ""Shared BBQ grill: charcoal"", ""Crib"", ""Coffee maker"", ""Cooking basics"", ""Pets allowed"", ""Hangers"", ""Hot water"", ""Window AC unit"", ""Portable fans"", ""Wifi"", ""Room-darkening shades"", ""Shampoo"", ""Iron"", ""Paid dryer \u2013 In building"", ""Carbon monoxide alarm"", ""Outlet covers"", ""Essentials"", ""Heating"", ""Refrigerator"", ""Shower gel"", ""Hot water kettle"", ""Private backyard \u2013 Fully fenced"", ""Long term stays allowed"", ""Cleaning available during stay"", ""Private patio or balcony"", ""First aid kit"", ""Single level home"", ""Mountain view"", ""Books and reading material"", ""Safe"", ""32 inch HDTV with Netflix"", ""Blender"", ""Microwave"", ""Coffee"", ""Beach essentials"", ""Self check-in"", ""Exercise equipment: free weights"", ""Free driveway parking on premises \u2013 5 spaces"", ""Fire extinguisher"", ""Freezer"", ""Building staff"", ""Conditioner"", ""Smoke alarm"", ""Dining table"", ""Drying rack for clothing"", ""Clothing storage"", ""Trash compactor"", ""Outdoor furniture"", ""Paid washer \u2013 In building"", ""Private gym in building"", ""Body soap"", ""Private entrance"", ""Ceiling fan"", ""Garden view""]",$364.00,1,365,t,13,36,66,336,2025-03-23,1,0,0,255,0,0,0.0,2023-03-03,2023-03-03,5.0,5.0,5.0,5.0,5.0,5.0,5.0,,f,4
2221,2221,city scrape,Exotic 2 Bedroom Jungle View Penthouse in Belize,"Bullet Tree Falls is a village in Cayo District of western Belize. The village is located in the foothills of the Maya Mountains and has a population of about 3000 people, mostly Spanish-speaking mestizos. There is also a significant population of American and Canadian ex-pats living in the area.<br /><br />The village is located along the verdant Mopan River about a 10-minute drive from San Ignacio Town. The two sides of the village are connected by the single-lane Salvador Fernandez Bridge.",394972587,2021-03-31,within an hour,100%,f,"['email', 'phone', 'work_email']",t,t,Cayo,Cayo,17.15764,-89.08097,Entire home,Entire home/apt,4,2.0,2.0,2.0,"[""BBQ grill"", ""Dedicated workspace"", ""Paid parking off premises"", ""Extra pillows and blankets"", ""Bed linens"", ""Mini fridge"", ""Hammock"", ""Wine glasses"", ""Laundromat nearby"", ""Luggage dropoff allowed"", ""Hair dryer"", ""Cleaning products"", ""Crib - available upon request"", ""Toaster"", ""Cooking basics"", ""Hangers"", ""Hot water"", ""Window AC unit"", ""Portable fans"", ""Wifi"", ""Room-darkening shades"", ""Shampoo"", ""Iron"", ""Paid dryer \u2013 In building"", ""Carbon monoxide alarm"", ""Outlet covers"", ""Essentials"", ""Heating"", ""Refrigerator"", ""Shower gel"", ""Dishes and silverware"", ""Hot water kettle"", ""Private backyard \u2013 Fully fenced"", ""Free street parking"", ""Long term stays allowed"", ""Private patio or balcony"", ""First aid kit"", ""Mountain view"", ""Books and reading material"", ""Safe"", ""32 inch HDTV with Netflix"", ""Blender"", ""Microwave"", ""Coffee"", ""Free parking on premises"", ""Self check-in"", ""Exercise equipment: free weights"", ""Fire extinguisher"", ""Building staff"", ""Conditioner"", ""Smoke alarm"", ""Dining table"", ""Drying rack for clothing"", ""Clothing storage"", ""Trash compactor"", ""Outdoor furniture"", ""Paid washer \u2013 In building"", ""Body soap"", ""Private entrance"", ""Ceiling fan"", ""Coffee maker""]",$493.00,1,365,t,3,31,58,318,2025-03-23,9,7,2,247,4,42,20706.0,2023-05-10,2025-03-14,5.0,5.0,5.0,5.0,5.0,4.78,5.0,,f,4
2225,2225,city scrape,sabal community,we are near the beach we can accommodate food and rental services,497453712,2023-01-22,within an hour,100%,f,['phone'],t,t,Belize Mainland,Belize,17.18905,-88.49686,Entire home,Entire home/apt,4,1.5,2.0,2.0,"[""High chair"", ""Free dryer \u2013 In building"", ""Ethernet connection"", ""Outdoor playground"", ""Dedicated workspace"", ""Extra pillows and blankets"", ""Clothing storage: walk-in closet, closet, wardrobe, and dresser"", ""Bed linens"", ""Mini fridge"", ""Valley view"", ""Kitchen"", ""Wine glasses"", ""Luggage dropoff allowed"", ""Hair dryer"", ""Cleaning products"", ""Bluetooth sound system"", ""Theme room"", ""Toaster"", ""Fireplace guards"", ""Outdoor dining area"", ""Window guards"", ""Waterfront"", ""Ski-in/ski-out \u2013 on a free shuttle line"", ""Cooking basics"", ""Pets allowed"", ""Free resort access"", ""Hangers"", ""Hot water"", ""Central air conditioning"", ""Resort view"", ""Portable fans"", ""Wifi"", ""Refrigerator"", ""Iron"", ""Dishes and silverware"", ""Outlet covers"", ""Essentials"", ""Hot water kettle"", ""Gas stove"", ""Private backyard \u2013 Fully fenced"", ""Free street parking"", ""Long term stays allowed"", ""Cleaning available during stay"", ""River view"", ""Barbecue utensils"", ""Baby bath"", ""Bathtub"", ""First aid kit"", ""Private patio or balcony"", ""Free washer \u2013 In unit"", ""Children\u2019s dinnerware"", ""Mountain view"", ""Stainless steel oven"", ""Bikes"", ""Blender"", ""Shared beach access"", ""Microwave"", ""Bidet"", ""Coffee"", ""Children\u2019s bikes"", ""Free parking on premises"", ""Self check-in"", ""Lockbox"", ""Fire extinguisher"", ""Freezer"", ""Beach view"", ""Record player"", ""Smoke alarm"", ""Dining table"", ""Sea view"", ""Exterior security cameras on property"", ""Outdoor furniture"", ""Body soap"", ""Private entrance"", ""Ceiling fan"", ""Coffee maker""]",$122.00,1,1125,t,30,60,90,364,2025-03-23,12,2,0,284,6,12,1464.0,2023-02-26,2024-06-02,4.83,4.58,4.0,4.08,4.42,4.33,4.67,,t,1
2226,2226,city scrape,Relaxing spot,,450501804,2022-03-20,,,f,"['email', 'phone']",f,t,Toledo Mainland,Toledo,16.0971,-88.80905,Entire home,Entire home/apt,2,1.0,1.0,1.0,"[""Dedicated workspace"", ""Washer"", ""Wifi"", ""Kitchen"", ""Free parking on premises""]",$143.00,1,365,t,30,60,90,365,2025-03-23,0,0,0,284,0,0,0.0,,,,,,,,,,,t,2
2230,2230,city scrape,"Cozy, Economic Cabin",,475000758,2022-08-14,within an hour,100%,f,['phone'],t,t,Belize Islands,Belize,17.739520712189393,-88.02619222551584,Entire cabin,Entire home/apt,4,1.0,1.0,2.0,"[""BBQ grill"", ""Fire extinguisher"", ""Smoke alarm"", ""Dining table"", ""HDTV with Fire TV"", ""Bed linens"", ""Hot water"", ""Mabe refrigerator"", ""Mini fridge"", ""Wifi"", ""Fire pit"", ""Luggage dropoff allowed"", ""Private entrance"", ""Free parking on premises"", ""Long term stays allowed"", ""Outdoor dining area""]",$107.00,1,365,t,0,0,0,0,2025-03-23,74,33,8,0,25,198,21186.0,2023-02-03,2025-03-19,4.46,4.61,4.47,4.77,4.61,4.65,4.47,,t,3
2232,2232,city scrape,Beautiful ocean front home,"We are located on the south end of the island about a 20 minute cart ride from town on a dirt road.  The surrounding community is very quiet and relaxing.  We do have an amazing adult only roof top bar and kitchen available near by at Playa De Sala, great drinks, food and fun.  There is also an eating establishment called Some Place South that has great food and live music.  Marins is a small bodega grocery store about 2 miles away that has a little bit of everything you may need to get by.  You can explore the island on golf cart or bicycle. although most of the roads are dirt, you can explore the entire island!",497922615,2023-01-25,within an hour,100%,t,"['email', 'phone']",t,f,Belize Islands,Belize,17.87882,-88.00757,Entire home,Entire home/apt,6,3.5,3.0,3.0,"[""Extra pillows and blankets"", ""Air conditioning"", ""Heating - split type ductless system"", ""Bed linens"", ""Kitchen"", ""Kayak"", ""Hair dryer"", ""Cleaning products"", ""Toaster"", ""Outdoor dining area"", ""Waterfront"", ""Cooking basics"", ""Washer"", ""Ocean view"", ""Pets allowed"", ""Free dryer \u2013 In unit"", ""Hangers"", ""Hot water"", ""Wifi"", ""Host greets you"", ""Refrigerator"", ""Iron"", ""Dishes and silverware"", ""Carbon monoxide alarm"", ""Private pool - available all year"", ""Essentials"", ""Gas stove"", ""Barbecue utensils"", ""Private patio or balcony"", ""First aid kit"", ""Baking sheet"", ""Coffee maker: drip coffee maker"", ""Outdoor shower"", ""TV"", ""Stainless steel oven"", ""Safe"", ""Blender"", ""Microwave"", ""Free parking on premises"", ""Sun loungers"", ""Fire extinguisher"", ""Freezer"", ""Smoke alarm"", ""Exterior security cameras on property"", ""Outdoor furniture"", ""Private entrance"", ""Ceiling fan"", ""BBQ grill: charcoal"", ""Clothing storage: closet""]",$692.00,3,60,t,4,15,32,195,2025-03-23,29,17,2,151,16,102,70584.0,2023-03-18,2025-03-16,5.0,4.97,5.0,5.0,4.97,4.72,4.93,,t,1
2233,2233,city scrape,Digital Nomad w/pet Tropical Escape,"Located 8 miles North of San Pedro, Ambergris Caye, or a 25-minute golf cart ride from the San Pedro bridge, with a fully fenced yard in a safe, quiet local Belizean community. There are local convenience stores that carry all the essentials only a 5-minute ride away. This property is not directly on the beach, however, there is beach access to the famous Mexico Rocks Marine Reserve area which is a shallow patch reef just offshore. From our location you can take a golf cart ride to secret beach for the day without going through town traffic or for more adventurous travelers, take a ride up north to the beautiful tranquility bay area where the barrier reef touches the island.",499035862,2023-02-01,within an hour,100%,t,['phone'],t,t,Belize Islands,Belize,18.01842,-87.90757,Entire guesthouse,Entire home/apt,2,1.0,1.0,1.0,"[""BBQ grill"", ""Dedicated workspace"", ""Extra pillows and blankets"", ""Air conditioning"", ""Heating - split type ductless system"", ""Bed linens"", ""Kitchen"", ""Wine glasses"", ""Luggage dropoff allowed"", ""Cleaning products"", ""Toaster"", ""Outdoor dining area"", ""Board games"", ""Cooking basics"", ""Keypad"", ""Pets allowed"", ""Free resort access"", ""Hangers"", ""Hot water"", ""Oven"", ""Portable fans"", ""Wifi"", ""Room-darkening shades"", ""Shampoo"", ""Refrigerator"", ""Carbon monoxide alarm"", ""Dishes and silverware"", ""Private backyard \u2013 Fully fenced"", ""Essentials"", ""Long term stays allowed"", ""Gas stove"", ""Shower gel"", ""Cleaning available during stay"", ""Barbecue utensils"", ""Private patio or balcony"", ""First aid kit"", ""Baking sheet"", ""Ceiling fan"", ""Coffee maker: drip coffee maker"", ""Books and reading material"", ""Safe"", ""Blender"", ""Beach access \u2013 Beachfront"", ""Microwave"", ""Coffee"", ""Free parking on premises"", ""Beach essentials"", ""Free washer"", ""Self check-in"", ""Fire extinguisher"", ""Freezer"", ""Conditioner"", ""Smoke alarm"", ""Dining table"", ""Drying rack for clothing"", ""Exterior security cameras on property"", ""Free dryer"", ""Outdoor furniture"", ""Body soap"", ""Private entrance"", ""TV with Netflix, Roku, Hulu, Amazon Prime Video"", ""Clothing storage: closet""]",$224.00,1,90,t,0,27,57,332,2025-03-23,21,9,1,251,11,54,12096.0,2023-04-30,2025-03-03,4.9,4.9,4.95,4.95,5.0,4.62,4.9,,f,2
2234,2234,city scrape,Furnished 2nd FL w/ 4 Bedrooms,,477351269,2022-08-30,within an hour,100%,f,"['email', 'phone']",t,t,Corozal,Corozal,18.44597,-88.31348,Entire home,Entire home/apt,8,1.0,4.0,5.0,"[""Dedicated workspace"", ""Air conditioning"", ""Bed linens"", ""Kitchen"", ""Luggage dropoff allowed"", ""Cleaning products"", ""Stove"", ""Toaster"", ""Cooking basics"", ""Hangers"", ""Hot water"", ""Oven"", ""Wifi"", ""Shampoo"", ""Refrigerator"", ""Dishes and silverware"", ""Essentials"", ""Long term stays allowed"", ""Baking sheet"", ""Books and reading material"", ""Beach access \u2013 Beachfront"", ""Microwave"", ""Coffee"", ""Lockbox"", ""Free parking on premises"", ""Self check-in"", ""Fire extinguisher"", ""Freezer"", ""Conditioner"", ""Smoke alarm"", ""Dining table"", ""Clothing storage"", ""Exterior security cameras on property"", ""Paid washer \u2013 In building"", ""Body soap"", ""Private entrance"", ""Ceiling fan"", ""Coffee maker""]",$194.00,2,365,t,30,60,90,365,2025-03-23,1,0,0,284,0,0,0.0,2023-02-13,2023-02-13,5.0,5.0,5.0,5.0,5.0,5.0,5.0,,t,6
2235,2235,city scrape,A Room in a Cozy Home,,477351269,2022-08-30,within an hour,100%,f,"['email', 'phone']",t,t,Corozal,Corozal,18.44591,-88.31377,Private room in home,Private room,2,1.0,1.0,1.0,"[""Dedicated workspace"", ""Backyard"", ""Air conditioning"", ""Bed linens"", ""Kitchen"", ""Luggage dropoff allowed"", ""Cleaning products"", ""Stove"", ""Toaster"", ""Lock on bedroom door"", ""Cooking basics"", ""Hangers"", ""Hot water"", ""Oven"", ""Wifi"", ""Shampoo"", ""Refrigerator"", ""Dishes and silverware"", ""Essentials"", ""Long term stays allowed"", ""Baking sheet"", ""Books and reading material"", ""Beach access \u2013 Beachfront"", ""Microwave"", ""Coffee"", ""Lockbox"", ""Free parking on premises"", ""Self check-in"", ""Fire extinguisher"", ""Freezer"", ""Conditioner"", ""Smoke alarm"", ""Dining table"", ""Clothing storage"", ""Exterior security cameras on property"", ""Paid washer \u2013 In building"", ""Body soap"", ""Private entrance"", ""Ceiling fan"", ""Coffee maker""]",$82.00,3,365,t,30,60,90,365,2025-03-23,1,0,0,284,0,0,0.0,2023-05-05,2023-05-05,3.0,4.0,3.0,3.0,3.0,4.0,3.0,,t,6
2239,2239,city scrape,Tropical Magnolia at Spice Farm,,499913960,2023-02-06,within a few hours,75%,f,['phone'],f,t,Toledo Mainland,Toledo,16.330618612618967,-88.79686437244548,Farm stay,Entire home/apt,16,4.0,4.0,4.0,"[""Fire extinguisher"", ""Dedicated workspace"", ""Smoke alarm"", ""First aid kit"", ""Outdoor shower"", ""Air conditioning"", ""Exterior security cameras on property"", ""Pool"", ""Wifi"", ""Free parking on premises"", ""Outdoor dining area""]",$360.00,1,30,t,30,60,90,364,2025-03-23,0,0,0,284,0,0,0.0,,,,,,,,,,,f,1
2247,2247,city scrape,Peaceful apartment to enjoy a restful night,"It is in trial farm area, by the Northern Region Hospital.",450475791,2022-03-20,within an hour,100%,t,"['email', 'phone']",t,t,Orange Walk,Orange Walk,18.09830211297046,-88.56966107774308,Entire guesthouse,Entire home/apt,3,1.0,1.0,1.0,"[""BBQ grill"", ""Dedicated workspace"", ""Backyard"", ""Extra pillows and blankets"", ""Air conditioning"", ""Smoking allowed"", ""Bed linens"", ""Luggage dropoff allowed"", ""Hair dryer"", ""Cleaning products"", ""Toaster"", ""Washer"", ""Free dryer \u2013 In unit"", ""Hangers"", ""Hot water"", ""Portable fans"", ""Wifi"", ""Host greets you"", ""Shampoo"", ""Iron"", ""Hot water kettle"", ""Essentials"", ""Long term stays allowed"", ""Bikes"", ""TV"", ""Safe"", ""Coffee"", ""Lockbox"", ""Free parking on premises"", ""Self check-in"", ""Smoke alarm"", ""Dining table"", ""Drying rack for clothing"", ""Exterior security cameras on property"", ""Body soap"", ""Coffee maker""]",$71.00,1,1125,t,29,49,74,348,2025-03-23,62,34,2,268,29,204,14484.0,2023-02-26,2025-03-20,4.97,4.97,4.93,4.85,4.98,4.64,4.97,,t,3
2248,2248,city scrape,"2 Bed Cabana, with Shared Pool",,502001616,2023-02-20,within a few hours,100%,f,"['email', 'phone']",t,t,Stann Creek Mainland,Stann Creek,16.55296,-88.36469,Entire cabin,Entire home/apt,4,1.0,2.0,2.0,"[""Washer"", ""Smoke alarm"", ""Refrigerator"", ""Air conditioning"", ""TV"", ""Exterior security cameras on property"", ""Wifi"", ""Kitchen"", ""Pool view"", ""Mountain view"", ""Free parking on premises""]",$186.00,3,35,t,2,29,59,211,2025-03-23,6,3,0,130,3,18,3348.0,2023-03-21,2025-01-31,5.0,5.0,5.0,5.0,5.0,5.0,5.0,,t,1
2250,2250,city scrape,"#1 Whimsical getaway 1B/1B, AC in bed, kitchenette",,460485940,2022-05-23,within an hour,100%,t,"['email', 'phone']",t,t,Stann Creek Mainland,Stann Creek,16.51415,-88.36699,Entire rental unit,Entire home/apt,4,1.0,1.0,1.0,"[""BBQ grill"", ""Extra pillows and blankets"", ""Babysitter recommendations"", ""Air conditioning"", ""Bed linens"", ""Hammock"", ""Kitchen"", ""Wine glasses"", ""Laundromat nearby"", ""Pack \u2019n play/Travel crib"", ""Luggage dropoff allowed"", ""Hair dryer"", ""Cleaning products"", ""Crib - available upon request"", ""Stove"", ""Toaster"", ""Outdoor dining area"", ""Dryer"", ""Movie theater"", ""Board games"", ""Washer"", ""Cooking basics"", ""Smart lock"", ""Pets allowed"", ""Hangers"", ""Hot water"", ""Oven"", ""Portable fans"", ""Wifi"", ""Room-darkening shades"", ""Shampoo"", ""Iron"", ""Carbon monoxide alarm"", ""Refrigerator"", ""Folding or convertible high chair"", ""Essentials"", ""Outlet covers"", ""Dishes and silverware"", ""Hot water kettle"", ""Free street parking"", ""Long term stays allowed"", ""Cleaning available during stay"", ""Barbecue utensils"", ""First aid kit"", ""Baking sheet"", ""Outdoor shower"", ""TV"", ""Books and reading material"", ""Patio or balcony"", ""Safe"", ""Shared outdoor pool - available all year, open 24 hours"", ""Beach access \u2013 Beachfront"", ""Microwave"", ""Bidet"", ""Coffee"", ""Beach essentials"", ""Dishwasher"", ""Self check-in"", ""Sun loungers"", ""Fire extinguisher"", ""Freezer"", ""Conditioner"", ""Smoke alarm"", ""Dining table"", ""Clothing storage"", ""Exterior security cameras on property"", ""Outdoor furniture"", ""Body soap"", ""Ceiling fan"", ""Coffee maker""]",$313.00,1,365,t,14,43,65,337,2025-03-23,15,7,0,256,6,42,13146.0,2023-04-25,2025-01-26,4.73,4.87,4.93,4.67,4.8,4.73,4.67,,t,7
2251,2251,city scrape,Tio's Treehouse,"We are located in Phase 1 of  Sittee Point in Hopkins.  We are within walking distance to restaurants, a few family friendly bars and even a day spa!    Golf Carts are available for rent from Diversity Cafe (10 minute walk) to give you more access to the village and opportunity for you to experience Belizean culture first hand.  <br /><br />The house is far enough away from town for peace and quiet yet still close to day to day necessities.",502345146,2023-02-22,within a day,90%,t,['phone'],t,t,Stann Creek Mainland,Stann Creek,16.83615,-88.26918,Entire home,Entire home/apt,6,1.0,2.0,3.0,"[""Backyard"", ""Bed linens"", ""Kitchen"", ""Laundromat nearby"", ""Cleaning products"", ""Toaster"", ""Outdoor dining area"", ""Board games"", ""Cooking basics"", ""Free dryer \u2013 In unit"", ""Hangers"", ""Hot water"", ""Oven"", ""Portable fans"", ""Wifi"", ""Refrigerator"", ""Hammock"", ""Dishes and silverware"", ""Carbon monoxide alarm"", ""Hot water kettle"", ""Essentials"", ""Private patio or balcony"", ""Bathtub"", ""First aid kit"", ""Free washer \u2013 In unit"", ""Coffee maker: drip coffee maker"", ""Outdoor shower"", ""Mountain view"", ""Blender"", ""Beach access \u2013 Beachfront"", ""Microwave"", ""Free parking on premises"", ""Fire extinguisher"", ""Freezer"", ""Clothing storage: wardrobe and dresser"", ""Smoke alarm"", ""Dining table"", ""AC - split type ductless system"", ""Drying rack for clothing"", ""Exterior security cameras on property"", ""Outdoor furniture"", ""Body soap"", ""Private entrance"", ""Ceiling fan""]",$222.00,2,30,t,9,39,69,332,2025-03-23,41,20,2,252,21,120,26640.0,2023-03-20,2025-02-28,4.9,4.98,4.98,4.98,4.93,4.88,4.95,,f,1
2253,2253,previous scrape,Skyfall at Miramar Suites,,502479870,2023-02-23,,,f,"['email', 'phone']",t,f,Stann Creek Mainland,Stann Creek,16.51929,-88.36921,Private room in condo,Private room,2,,,,"[""Dedicated workspace"", ""Air conditioning"", ""Kitchen"", ""Lock on bedroom door"", ""Wifi"", ""Host greets you"", ""Refrigerator"", ""Dishes and silverware"", ""Carbon monoxide alarm"", ""Essentials"", ""Cleaning available during stay"", ""Private patio or balcony"", ""First aid kit"", ""Outdoor shower"", ""TV"", ""Beach access \u2013 Beachfront"", ""Free parking on premises"", ""Fire extinguisher"", ""Shared outdoor pool - available all year, open specific hours"", ""Beach view"", ""Smoke alarm"", ""Sea view"", ""Exterior security cameras on property"", ""Ceiling fan"", ""Coffee maker""]",,2,14,,0,0,0,0,2025-03-23,0,0,0,0,0,0,,,,,,,,,,,,f,1
2255,2255,previous scrape,Laguna Maya Lodge,,502792377,2023-02-25,,,f,"['email', 'phone']",t,f,Toledo Mainland,Toledo,16.16735,-88.94028,Entire guesthouse,Entire home/apt,4,,2.0,,"[""Rosa Venus, irsh spring  body soap"", ""Pocket wifi"", ""Dedicated workspace"", ""Extra pillows and blankets"", ""Babysitter recommendations"", ""Kitchen"", ""Theme room"", ""Lake access"", ""Cooking basics"", ""Hangers"", ""Hot water"", ""Shampoo"", ""Dishes and silverware"", ""Hot water kettle"", ""Essentials"", ""Barbecue utensils"", ""First aid kit"", ""Baking sheet"", ""Outdoor shower"", ""Books and reading material"", ""Safe"", ""Coffee"", ""Free parking on premises"", ""Fire extinguisher"", ""Mabe double oven"", ""Mosquito net"", ""Dining table""]",,1,365,,0,0,0,0,2025-03-23,2,0,0,0,0,0,,2023-03-15,2023-03-17,5.0,4.5,4.5,4.5,5.0,5.0,4.5,,f,1
2256,2256,city scrape,Campsite (Tent Required),"Blease Villa Suites is located in Sandhill Village, New Site, which is a small, peaceful and private neighborhood. It is only a 5-10 minute walking distance to the shopping centers and restaurants and 2 minute walking distance to the bus stop - Safe for walking and exercising.",435105046,2021-12-07,within an hour,100%,t,"['email', 'phone', 'work_email']",t,t,Belize Mainland,Belize,17.647451232625087,-88.37672777473927,Shared room in tent,Shared room,10,1.0,0.0,1.0,"[""Paid dryer"", ""Dedicated workspace"", ""Cooking basics"", ""Shared patio or balcony"", ""Free parking on premises"", ""Outdoor shower"", ""Drying rack for clothing"", ""Pets allowed"", ""Hot water"", ""Wifi"", ""Paid washer \u2013 In building"", ""Host greets you"", ""Iron"", ""Body soap"", ""Private backyard \u2013 Fully fenced"", ""Essentials"", ""Outdoor dining area""]",$20.00,1,1125,t,30,60,90,365,2025-03-23,8,1,0,284,4,6,120.0,2023-03-21,2024-04-06,4.88,5.0,5.0,5.0,5.0,4.63,5.0,,t,5
2258,2258,previous scrape,"Cabana, hammock, pool, Wi-Fi, AC, spa, trails- MB","Walking distance to town: Shopping and restaurants. <br /><br />San Ignacio is considered as the main hub to adventures in western Belize on the bank of Macal river.  You have access to great Belizean food, fascinating historical monuments, beautiful sceneries of flora and fauna, wildlife conservation projects and a farmer's market with fresh produce. Be sure to see the Maya ruins of Cahal Pech, Tikal National Park, Nature and wildlife tour. Below are the nearby attractions:<br /><br />Belize Botanic Gardens<br />San Ignacio Market <br />Creek Art Walter Castillo Home Art Gallery<br />San Ignacio & Santa Elena House of Culture <br />Ajaw Chocolate & Crafts<br />Green Iguana Conservation Project <br />Branch Mouth <br />Chaa Creek Natural History Museum<br />El Pilar, 1000 Foot Falls<br />Masewal Forest Garden Medicinal Trail",411601578,2021-07-08,within an hour,100%,f,['phone'],t,t,Cayo,Cayo,17.16769,-89.07196,Private room in resort,Private room,4,,1.0,,"[""Extra pillows and blankets"", ""Babysitter recommendations"", ""Air conditioning"", ""Bed linens"", ""Mini fridge"", ""Valley view"", ""Wine glasses"", ""Laundromat nearby"", ""Kayak"", ""Luggage dropoff allowed"", ""Hair dryer"", ""Cleaning products"", ""Outdoor dining area"", ""Crib"", ""Waterfront"", ""Lake access"", ""Shared backyard \u2013 Fully fenced"", ""Board games"", ""Free resort access"", ""Pack \u2019n play/Travel crib - available upon request"", ""Hangers"", ""Hot water"", ""Resort view"", ""Wifi"", ""Shampoo"", ""Room-darkening shades"", ""Iron"", ""Paid dryer \u2013 In building"", ""Refrigerator"", ""Hammock"", ""Essentials"", ""Long term stays allowed"", ""Free street parking"", ""Shower gel"", ""Cleaning available during stay"", ""River view"", ""Private patio or balcony"", ""Bathtub"", ""First aid kit"", ""Bikes"", ""Ceiling fan"", ""Children\u2019s dinnerware"", ""Shared BBQ grill"", ""TV"", ""Single level home"", ""Safe"", ""Pool view"", ""Fire pit"", ""Standalone high chair"", ""Shared outdoor kitchen"", ""Beach essentials"", ""Free parking on premises"", ""Sun loungers"", ""Fire extinguisher"", ""Conditioner"", ""Mosquito net"", ""Smoke alarm"", ""Shared pool"", ""Clothing storage"", ""Outdoor furniture"", ""Paid washer \u2013 In building"", ""Body soap"", ""Private entrance"", ""Lake view"", ""Garden view""]",,2,365,t,28,58,88,363,2025-03-23,0,0,0,282,0,0,,,,,,,,,,,,f,7
2260,2260,city scrape,Beautiful Apartment.,,420151456,2021-08-25,within an hour,100%,f,"['email', 'phone']",t,t,Cayo,Cayo,17.2372281,-88.778149,Entire rental unit,Entire home/apt,2,2.0,1.0,1.0,"[""BBQ grill"", ""Backyard"", ""Washer"", ""Free parking on premises"", ""Air conditioning"", ""TV"", ""Wifi"", ""Kitchen"", ""Refrigerator"", ""Dishes and silverware"", ""Coffee maker""]",$91.00,1,1125,t,30,60,90,364,2025-03-23,26,11,1,284,16,66,6006.0,2023-03-14,2025-02-23,4.77,4.85,4.81,4.92,4.88,4.81,4.77,,t,2
2262,2262,city scrape,Lesly’s B&B - Butterfly Room,,503268561,2023-02-28,within an hour,100%,t,"['email', 'phone']",t,t,Cayo,Cayo,17.2436051,-88.7735758,Private room in bed and breakfast,Private room,2,1.0,1.0,1.0,"[""Fire extinguisher"", ""Lock on bedroom door"", ""Dedicated workspace"", ""Washer"", ""Smoke alarm"", ""First aid kit"", ""Free parking on premises"", ""Air conditioning"", ""Free dryer \u2013 In unit"", ""TV"", ""Exterior security cameras on property"", ""Wifi"", ""Kitchen"", ""Host greets you"", ""Dishes and silverware"", ""Carbon monoxide alarm"", ""Coffee maker""]",$169.00,1,90,t,22,52,82,356,2025-03-23,7,6,0,276,5,36,6084.0,2023-07-10,2025-02-20,5.0,5.0,5.0,5.0,5.0,4.86,5.0,,t,1
2263,2263,previous scrape,"Spacious Cabana, kitchen, Spa, Casita Verde - MB","There is always someone on the property. Even when you're sleeping, our security is awake and ready to assist your needs. <br /><br />Enjoy a lovely walk or horse-back ride through our 30 acre nature reserve, and bring your kids visit our family managed farm animals. Relax with an outdoor spa & massage, or request a relaxing end-of-day massage in your room.<br /><br />We have a lovely and welcoming restaurant, that your party can enjoy or stay in and request room-service. There is also a very large and open pool with pool-side bar for day or night relaxation.<br />We offer a wide variety of tours at our tour desk. <br /><br />This property is famous for nearby attraction like great Belizean food, fascinating historical monuments, beautiful sceneries of flora and fauna, wildlife conservation projects and a farmer's market with fresh produce. you would not like to miss Maya ruins of Cahal Pech, Tikal National Park, Nature and wildlife tour. <br />Below are the nearby attractions...<br />",411601578,2021-07-08,within an hour,100%,f,['phone'],t,t,Cayo,Cayo,17.16911,-89.07005,Room in hotel,Private room,5,,2.0,,"[""Dedicated workspace"", ""Extra pillows and blankets"", ""Air conditioning"", ""Bed linens"", ""Kitchen"", ""Wine glasses"", ""Laundromat nearby"", ""Kayak"", ""Luggage dropoff allowed"", ""Hair dryer"", ""Crib - available upon request"", ""Shared backyard"", ""Toaster"", ""Outdoor dining area"", ""Cooking basics"", ""Pack \u2019n play/Travel crib - available upon request"", ""Hangers"", ""Hot water"", ""Portable fans"", ""Wifi"", ""Electric stove"", ""Room-darkening shades"", ""Shampoo"", ""Iron"", ""Paid dryer \u2013 In building"", ""Refrigerator"", ""Dishes and silverware"", ""Essentials"", ""Hot water kettle"", ""Hammock"", ""Long term stays allowed"", ""Cleaning available during stay"", ""Private patio or balcony"", ""Bathtub"", ""First aid kit"", ""Bikes"", ""Single level home"", ""TV"", ""Safe"", ""Fire pit"", ""Microwave"", ""Standalone high chair"", ""Beach essentials"", ""Free parking on premises"", ""Sun loungers"", ""Freezer"", ""Clothing storage: wardrobe and dresser"", ""Conditioner"", ""Mosquito net"", ""Dining table"", ""Shared pool"", ""Outdoor furniture"", ""Paid washer \u2013 In building"", ""Private living room"", ""Body soap"", ""Private entrance"", ""Ceiling fan"", ""Coffee maker""]",,2,365,t,30,60,90,365,2025-03-23,1,0,0,284,1,0,,2024-02-03,2024-02-03,3.0,2.0,2.0,5.0,3.0,4.0,2.0,,f,7
2265,2265,city scrape,"Pura Vida's 3 Bed Ocean Front Villa, Pool & Dock","We are at the southern end of the busiest section of the village  Close enough to walk, quiet and peaceful enough to sleep!",433202167,2021-11-23,within an hour,100%,t,"['email', 'phone']",t,t,Belize Islands,Belize,17.74118263998888,-88.02403860370484,Entire rental unit,Entire home/apt,6,2.0,3.0,3.0,"[""Ethernet connection"", ""Dedicated workspace"", ""Boat slip"", ""Air conditioning"", ""Bed linens"", ""Kitchen"", ""Wine glasses"", ""Laundromat nearby"", ""Luggage dropoff allowed"", ""Hair dryer"", ""Bluetooth sound system"", ""Stove"", ""Toaster"", ""Outdoor dining area"", ""Waterfront"", ""Cooking basics"", ""Hangers"", ""Hot water"", ""Oven"", ""Pool"", ""Portable fans"", ""Wifi"", ""Host greets you"", ""Shampoo"", ""Iron"", ""Refrigerator"", ""Dishes and silverware"", ""Hammock"", ""Essentials"", ""Long term stays allowed"", ""Barbecue utensils"", ""First aid kit"", ""Baking sheet"", ""Bikes"", ""Coffee maker: drip coffee maker"", ""Patio or balcony"", ""TV"", ""Safe"", ""Beach access \u2013 Beachfront"", ""Microwave"", ""Free parking on premises"", ""Clothing storage: closet and dresser"", ""Dishwasher"", ""Sun loungers"", ""Fire extinguisher"", ""Freezer"", ""Beach view"", ""Conditioner"", ""Smoke alarm"", ""Dining table"", ""Exterior security cameras on property"", ""Outdoor furniture"", ""Body soap"", ""Ceiling fan""]","$1,217.00",2,365,t,16,43,73,301,2025-03-23,15,11,1,254,9,66,80322.0,2023-12-03,2025-03-13,4.93,4.93,5.0,5.0,5.0,5.0,4.8,,t,5
2267,2267,city scrape,Pura Vida's Rooftop Penthouse,"We are at the southern end of the busiest section of the village Close enough to walk, quiet and peaceful enough to sleep!",433202167,2021-11-23,within an hour,100%,t,"['email', 'phone']",t,t,Belize Islands,Belize,17.74688,-88.0233,Entire rental unit,Entire home/apt,2,1.0,1.0,1.0,"[""BBQ grill"", ""Ethernet connection"", ""Dedicated workspace"", ""Boat slip"", ""Air conditioning"", ""Bed linens"", ""Private hot tub"", ""Kitchen"", ""Wine glasses"", ""Laundromat nearby"", ""Luggage dropoff allowed"", ""Hair dryer"", ""Stove"", ""Toaster"", ""Outdoor dining area"", ""Sound system"", ""Waterfront"", ""Cooking basics"", ""Hangers"", ""Hot water"", ""Oven"", ""Pool"", ""Portable fans"", ""Wifi"", ""Host greets you"", ""Shampoo"", ""Iron"", ""Refrigerator"", ""Dishes and silverware"", ""Hammock"", ""Essentials"", ""Long term stays allowed"", ""Barbecue utensils"", ""First aid kit"", ""Baking sheet"", ""Bikes"", ""Patio or balcony"", ""TV"", ""Safe"", ""Beach access \u2013 Beachfront"", ""Microwave"", ""Free parking on premises"", ""Dishwasher"", ""Sun loungers"", ""Fire extinguisher"", ""Freezer"", ""Conditioner"", ""Smoke alarm"", ""Dining table"", ""Clothing storage"", ""Exterior security cameras on property"", ""Outdoor furniture"", ""Body soap"", ""Ceiling fan"", ""Coffee maker""]",$835.00,2,28,t,14,44,74,332,2025-03-23,6,6,1,251,5,36,30060.0,2024-04-14,2025-03-17,5.0,5.0,5.0,5.0,5.0,5.0,5.0,,t,5
2268,2268,city scrape,"Pura Vida Inn's Suite 2, Pool & Dock","We are at the southern end of the busiest section of the village Close enough to walk, quiet and peaceful enough to sleep!",433202167,2021-11-23,within an hour,100%,t,"['email', 'phone']",t,t,Belize Islands,Belize,17.741226699447946,-88.0240545447228,Entire rental unit,Entire home/apt,2,1.0,1.0,1.0,"[""Boat slip"", ""Air conditioning"", ""Bed linens"", ""Kitchen"", ""Wine glasses"", ""Laundromat nearby"", ""Luggage dropoff allowed"", ""Hair dryer"", ""Stove"", ""Toaster"", ""Outdoor dining area"", ""Waterfront"", ""Cooking basics"", ""Hangers"", ""Hot water"", ""Oven"", ""Pool"", ""Portable fans"", ""Wifi"", ""Host greets you"", ""Shampoo"", ""Iron"", ""Refrigerator"", ""Dishes and silverware"", ""Essentials"", ""Long term stays allowed"", ""First aid kit"", ""Baking sheet"", ""Bikes"", ""Patio or balcony"", ""TV"", ""Safe"", ""Beach access \u2013 Beachfront"", ""Microwave"", ""Free parking on premises"", ""Dishwasher"", ""Sun loungers"", ""Fire extinguisher"", ""Freezer"", ""Beach view"", ""Smoke alarm"", ""Clothing storage"", ""Exterior security cameras on property"", ""Outdoor furniture"", ""Body soap"", ""Ceiling fan"", ""Coffee maker""]",$333.00,1,90,t,18,35,65,281,2025-03-23,20,14,2,249,15,84,27972.0,2023-11-05,2025-03-05,4.95,5.0,4.95,5.0,4.95,5.0,4.85,,t,5
2269,2269,city scrape,"Pura Vida Inn's Suite 3, Pool & Dock","Located on the garden level, this cozy one-bedroom apartment is just steps from the dipping pool and wonderful views of the ocean. Decorated with tile floors, mahogany cabinets, and pictures from local artists, the living area has a beautiful couch and chair with coffee and end table, TV, and a small kitchen area equipped with a refrigerator, large sink, coffee pot, toaster, portable burner and water cooler. The bedroom boasts a very comfortable queen bed, dresser and end table, closet, along with a safe, and an AC. The bathroom has a large shower and is accessible from the bedroom and living area. Guests have access to the pool, the front beach area, dock and viewing deck! Bikes, kayaks and a peddle board are available for rent. Fisherman come into the dock almost daily with a fresh catch. There is access to the water at the end of the dock. Most everything (stores, restaurants, and bars) is within walking distance!",433202167,2021-11-23,within an hour,100%,t,"['email', 'phone']",t,t,Belize Islands,Belize,17.741210590567153,-88.02407880776528,Entire rental unit,Entire home/apt,2,1.0,1.0,1.0,"[""Boat slip"", ""Air conditioning"", ""Bed linens"", ""Kitchen"", ""Wine glasses"", ""Laundromat nearby"", ""Luggage dropoff allowed"", ""Hair dryer"", ""Stove"", ""Toaster"", ""Outdoor dining area"", ""Waterfront"", ""Cooking basics"", ""Hangers"", ""Hot water"", ""Oven"", ""Pool"", ""Portable fans"", ""Wifi"", ""Host greets you"", ""Shampoo"", ""Iron"", ""Refrigerator"", ""Dishes and silverware"", ""Essentials"", ""Long term stays allowed"", ""First aid kit"", ""Baking sheet"", ""Bikes"", ""Patio or balcony"", ""TV"", ""Safe"", ""Beach access \u2013 Beachfront"", ""Microwave"", ""Free parking on premises"", ""Dishwasher"", ""Sun loungers"", ""Fire extinguisher"", ""Freezer"", ""Beach view"", ""Conditioner"", ""Smoke alarm"", ""Clothing storage"", ""Exterior security cameras on property"", ""Outdoor furniture"", ""Body soap"", ""Ceiling fan"", ""Coffee maker""]",$353.00,1,90,t,11,26,52,282,2025-03-23,26,18,3,229,20,108,38124.0,2023-12-30,2025-03-12,5.0,4.96,4.96,5.0,4.96,4.96,4.92,,t,5
2270,2270,city scrape,"Pura Vida Inn's Suite 4, Pool & Dock","We are at the southern end of the busiest section of the village Close enough to walk, quiet and peaceful enough to sleep!",433202167,2021-11-23,within an hour,100%,t,"['email', 'phone']",t,t,Belize Islands,Belize,17.74124089245491,-88.02405582927547,Entire rental unit,Entire home/apt,2,1.0,1.0,1.0,"[""Boat slip"", ""Air conditioning"", ""Bed linens"", ""Kitchen"", ""Wine glasses"", ""Laundromat nearby"", ""Luggage dropoff allowed"", ""Hair dryer"", ""Stove"", ""Toaster"", ""Outdoor dining area"", ""Waterfront"", ""Cooking basics"", ""Hangers"", ""Hot water"", ""Oven"", ""Portable fans"", ""Wifi"", ""Host greets you"", ""Shampoo"", ""Iron"", ""Refrigerator"", ""Dishes and silverware"", ""Essentials"", ""Long term stays allowed"", ""Private patio or balcony"", ""First aid kit"", ""Baking sheet"", ""Bikes"", ""TV"", ""Safe"", ""Beach access \u2013 Beachfront"", ""Microwave"", ""Free parking on premises"", ""Dishwasher"", ""Sun loungers"", ""Fire extinguisher"", ""Freezer"", ""Conditioner"", ""Smoke alarm"", ""Shared pool"", ""Clothing storage"", ""Exterior security cameras on property"", ""Outdoor furniture"", ""Body soap"", ""Ceiling fan"", ""Coffee maker""]",$293.00,2,180,t,5,17,47,247,2025-03-23,28,22,1,222,24,132,38676.0,2023-07-18,2025-03-08,4.86,4.86,4.93,4.93,4.96,4.93,4.68,,t,5
2271,2271,previous scrape,"Nature trails, Spa, TV, Deluxe Room w/ Balcony -MB","We offer a wide variety of tours at our tour desk. <br /><br />Below are the nearby attractions which our tour desk can assist. with: <br />Belize Botanic Gardens<br />San Ignacio Market<br />Creek Art Walter Castillo Home Art Gallery<br />San Ignacio & Santa Elena House of Culture<br />Ajaw Chocolate & Crafts<br />Green Iguana Conservation Project<br />Branch Mouth<br />Chaa Creek Natural History Museum<br />El Pilar, 1000 Foot Falls<br />Masewal Forest Garden Medicinal Trail",411601578,2021-07-08,within an hour,100%,f,['phone'],t,t,Cayo,Cayo,17.16959,-89.07212,Room in hotel,Private room,4,,2.0,,"[""Dedicated workspace"", ""Backyard"", ""Extra pillows and blankets"", ""Air conditioning"", ""Bed linens"", ""Wine glasses"", ""Laundromat nearby"", ""Kayak"", ""Luggage dropoff allowed"", ""Hair dryer"", ""Cleaning products"", ""Outdoor dining area"", ""Window guards"", ""Lake access"", ""Pack \u2019n play/Travel crib - available upon request"", ""Hangers"", ""Hot water"", ""Portable fans"", ""Wifi"", ""Room-darkening shades"", ""Shampoo"", ""Iron"", ""Paid dryer \u2013 In building"", ""Refrigerator"", ""Hammock"", ""Essentials"", ""Long term stays allowed"", ""Shower gel"", ""Cleaning available during stay"", ""Private patio or balcony"", ""Bathtub"", ""Bikes"", ""TV"", ""Safe"", ""Fire pit"", ""Standalone high chair"", ""Beach essentials"", ""Free parking on premises"", ""Sun loungers"", ""Freezer"", ""Conditioner"", ""Smoke alarm"", ""Shared pool"", ""Outdoor furniture"", ""Paid washer \u2013 In building"", ""Body soap"", ""Private entrance"", ""Ceiling fan"", ""Coffee maker""]",,2,365,t,28,58,88,363,2025-03-23,1,0,0,282,1,0,,2024-02-10,2024-02-10,4.0,4.0,5.0,5.0,5.0,5.0,5.0,,f,7
2274,2274,city scrape,Central Belize City Apt in Upscale Area w/ Balcony,"Lugar al Mar is part of a family home in the residential neighborhood of Kings Park, Belize City, an upscale and secure area centrally located in the city. There are several diplomatic missions on this street with 24-hour police post two doors down from the property and a police booth in the park around the corner. Regular police mobile patrols check in at the police post periodically throughout the day and night. Many properties in the vicinity also employ private security and utilize security cameras on their premises and there is a robust neighborhood watch program in place.",503910224,2023-03-05,within an hour,100%,t,"['email', 'phone']",t,t,Belize Mainland,Belize,17.5103,-88.18927,Entire rental unit,Entire home/apt,5,1.0,1.0,3.0,"[""Dedicated workspace"", ""Extra pillows and blankets"", ""Babysitter recommendations"", ""Heating - split type ductless system"", ""Bed linens"", ""Wifi \u2013 22 Mbps"", ""Smoking allowed"", ""Kitchen"", ""Wine glasses"", ""Laundromat nearby"", ""Mabe gas stove"", ""Hair dryer"", ""Cleaning products"", ""Toaster"", ""Cooking basics"", ""Free dryer \u2013 In unit"", ""Hangers"", ""Hot water"", ""Single oven"", ""Portable fans"", ""Hotel Supplies body soap"", ""Shampoo"", ""Iron"", ""Dishes and silverware"", ""Hot water kettle"", ""Essentials"", ""Free street parking"", ""Whirlpool refrigerator"", ""Cleaning available during stay"", ""Private patio or balcony"", ""Bathtub"", ""First aid kit"", ""Baking sheet"", ""Free washer \u2013 In unit"", ""Coffee maker: drip coffee maker"", ""Books and reading material"", ""Safe"", ""Blender"", ""Microwave"", ""Bidet"", ""Coffee"", ""Free driveway parking on premises \u2013 1 space"", ""40 inch HDTV with Amazon Prime Video, Chromecast, Disney+, HBO Max, Netflix, premium cable"", ""Clothing storage: closet and dresser"", ""Self check-in"", ""Sun loungers"", ""Fire extinguisher"", ""Lockbox"", ""Freezer"", ""Conditioner"", ""Smoke alarm"", ""AC - split type ductless system"", ""Drying rack for clothing"", ""Exterior security cameras on property"", ""Outdoor furniture"", ""Private entrance"", ""Ceiling fan""]",$154.00,2,21,t,22,52,82,262,2025-03-23,12,8,1,262,7,48,7392.0,2023-06-10,2025-02-28,4.92,4.83,4.92,5.0,5.0,4.83,4.83,,f,1
2277,2277,city scrape,Sandy Feet Retreat private house,"Neighbourhood comprises  private homes.  You will see wildlife, watch for iguana, armadillo, gibnut, fox, quash, rays and other sea critters.",505027111,2023-03-12,within an hour,100%,f,"['email', 'phone']",f,t,Stann Creek Mainland,Stann Creek,16.6671244,-88.3098381,Entire home,Entire home/apt,8,3.0,3.0,5.0,"[""Free dryer \u2013 In building"", ""42 inch HDTV"", ""Extra pillows and blankets"", ""Bed linens"", ""Mini fridge"", ""Kitchen"", ""Wine glasses"", ""Kayak"", ""Hair dryer"", ""Toaster"", ""Outdoor dining area"", ""Waterfront"", ""Cooking basics"", ""Washer"", ""Ocean view"", ""Hangers"", ""Hot water"", ""Wifi"", ""Host greets you"", ""Room-darkening shades"", ""Iron"", ""Refrigerator"", ""Carbon monoxide alarm"", ""Pack \u2019n play/Travel crib - always at the listing"", ""Dishes and silverware"", ""Essentials"", ""Hot water kettle"", ""Rice maker"", ""Hammock"", ""Stainless steel gas stove"", ""Bathtub"", ""First aid kit"", ""Stainless steel single oven"", ""Baking sheet"", ""Coffee maker: drip coffee maker"", ""Outdoor shower"", ""Clamp on table seat high chair - always at the listing"", ""Private backyard \u2013 Not fully fenced"", ""Bikes"", ""Safe"", ""Blender"", ""Beach access \u2013 Beachfront"", ""Microwave"", ""Free parking on premises"", ""Beach essentials"", ""Fire extinguisher"", ""Beach view"", ""Clothing storage: wardrobe and dresser"", ""Baby bath - always at the listing"", ""Smoke alarm"", ""Dining table"", ""AC - split type ductless system"", ""Drying rack for clothing"", ""Exterior security cameras on property"", ""Outdoor furniture"", ""Mountain view"", ""Private entrance"", ""Ceiling fan""]",$666.00,3,365,t,0,28,58,315,2025-03-23,14,7,1,234,6,42,27972.0,2023-08-28,2025-02-21,4.86,5.0,4.93,4.86,5.0,4.93,4.86,,f,1
2281,2281,city scrape,Yellow Bell Bed & Breakfast,Right across from the Primary School,505195095,2023-03-13,,,f,['phone'],t,t,Belize Mainland,Belize,17.17851421958527,-88.3314003786584,Private room in bed and breakfast,Private room,3,3.0,3.0,1.0,"[""BBQ grill"", ""Ethernet connection"", ""Outdoor playground"", ""Dedicated workspace"", ""Extra pillows and blankets"", ""Babysitter recommendations"", ""Smoking allowed"", ""Kitchen"", ""Kayak"", ""Luggage dropoff allowed"", ""Outdoor dining area"", ""Lake access"", ""Waterfront"", ""Cooking basics"", ""Washer"", ""Pets allowed"", ""Oven"", ""Pool"", ""Wifi"", ""Refrigerator"", ""Hammock"", ""Dishes and silverware"", ""Carbon monoxide alarm"", ""Hot water kettle"", ""Long term stays allowed"", ""Cleaning available during stay"", ""First aid kit"", ""Baking sheet"", ""Patio or balcony"", ""Private backyard"", ""Blender"", ""Shared beach access"", ""Sound system with Bluetooth and aux"", ""Coffee"", ""Bread maker"", ""Free parking on premises"", ""Self check-in"", ""Fire extinguisher"", ""Building staff"", ""Smoke alarm"", ""Dining table"", ""Clothing storage: dresser"", ""Drying rack for clothing"", ""Outdoor furniture"", ""Private living room"", ""Coffee maker"", ""Harbor view""]",$51.00,31,31,t,30,60,90,179,2025-03-23,0,0,0,179,0,0,0.0,,,,,,,,,,,f,1
2282,2282,city scrape,Belize Airport Gateway Studio,"The Airport Gateway Studio is located in a safe and quiet residential area, with easy access to public transportation, shops, restaurants, and other amenities.",496239198,2023-01-15,within an hour,100%,t,['phone'],t,t,Belize Mainland,Belize,17.54800627863835,-88.28974239528179,Entire home,Entire home/apt,2,1.0,1.0,1.0,"[""Extra pillows and blankets"", ""Air conditioning"", ""Bed linens"", ""Mini fridge"", ""Kitchen"", ""Wine glasses"", ""Luggage dropoff allowed"", ""Hair dryer"", ""Cleaning products"", ""Cooking basics"", ""Pets allowed"", ""Hangers"", ""Hot water"", ""Electric stove"", ""Room-darkening shades"", ""Shampoo"", ""Iron"", ""Paid dryer \u2013 In building"", ""Dishes and silverware"", ""Essentials"", ""Long term stays allowed"", ""Shower gel"", ""Private patio or balcony"", ""Coffee maker: drip coffee maker"", ""43 inch HDTV with Fire TV, Netflix"", ""Backyard - Fully fenced"", ""Microwave"", ""Coffee"", ""Lockbox"", ""Free parking on premises"", ""Self check-in"", ""Conditioner"", ""Wifi \u2013 47 Mbps"", ""Dining table"", ""Paid washer \u2013 In building"", ""Housekeeping - available at extra cost"", ""Body soap"", ""Private entrance"", ""Ceiling fan"", ""Clothing storage: closet""]",$111.00,1,1125,t,20,47,77,342,2025-03-23,168,89,11,262,82,255,28305.0,2023-04-05,2025-03-08,4.82,4.88,4.9,4.73,4.94,4.58,4.8,,t,1
2284,2284,city scrape,Better Relaxing spot 2,,450501804,2022-03-20,,,f,"['email', 'phone']",f,t,Toledo Mainland,Toledo,16.09775,-88.80746,Entire home,Entire home/apt,1,1.0,2.0,2.0,"[""BBQ grill"", ""Dedicated workspace"", ""Building staff"", ""Pets allowed"", ""Smoking allowed"", ""Self check-in""]",$100.00,1,365,t,30,60,90,365,2025-03-23,0,0,0,284,0,0,0.0,,,,,,,,,,,t,2
2285,2285,city scrape,"Fully AC 3 Bedroom Villa, with great Mountain View","The neighborhood is quiet, although there are times of the year where you can feel rockets and fireworks noise. Also our best and most famous friend, the neighbor's rooster who makes sure you won't be missing any fun. But they're all really friendly, and the neighborhood is really calm.",498450270,2023-01-28,within an hour,100%,,"['email', 'phone']",t,t,Cayo,Cayo,17.1522786,-89.0800227,Entire home,Entire home/apt,6,3.0,3.0,5.0,"[""Piano"", ""Dedicated workspace"", ""Extra pillows and blankets"", ""Bed linens"", ""Kitchen"", ""Wine glasses"", ""Hair dryer"", ""Cleaning products"", ""Cooking basics"", ""Washer"", ""Smart lock"", ""Hangers"", ""Hot water"", ""V5 shampoo"", ""Portable fans"", ""Wifi"", ""Room-darkening shades"", ""Iron"", ""Dishes and silverware"", ""Rice maker"", ""Essentials"", ""Long term stays allowed"", ""Gas stove"", ""Private patio or balcony"", ""Private backyard \u2013 Not fully fenced"", ""Books and reading material"", ""TV"", ""Mabe refrigerator"", ""Blender"", ""Microwave"", ""Coffee"", ""Courtyard view"", ""Clothing storage: closet, wardrobe, and dresser"", ""Free parking on premises"", ""Self check-in"", ""Fire extinguisher"", ""Freezer"", ""Coffee maker: drip coffee maker, espresso machine"", ""Smoke alarm"", ""Dining table"", ""AC - split type ductless system"", ""Drying rack for clothing"", ""Exterior security cameras on property"", ""Mabe stainless steel oven"", ""Mountain view"", ""Garden view""]",$223.00,2,365,t,5,23,40,304,2025-03-23,15,10,1,224,8,60,13380.0,2023-06-12,2025-03-19,4.93,4.93,5.0,5.0,4.93,4.87,5.0,,f,2
2286,2286,city scrape,Fully AC Villa 2 Bedrooms with great Mountain View,,498450270,2023-01-28,within an hour,100%,,"['email', 'phone']",t,t,Cayo,Cayo,17.15413,-89.0783,Entire home,Entire home/apt,4,2.0,2.0,3.0,"[""Piano"", ""Dedicated workspace"", ""Backyard"", ""Extra pillows and blankets"", ""Air conditioning"", ""Bed linens"", ""Kitchen"", ""Wine glasses"", ""Hair dryer"", ""Cleaning products"", ""Stove"", ""Cooking basics"", ""Washer"", ""Smart lock"", ""Hangers"", ""Hot water"", ""Oven"", ""Portable fans"", ""Wifi"", ""Coffee maker"", ""Room-darkening shades"", ""Shampoo"", ""Iron"", ""Refrigerator"", ""Dishes and silverware"", ""Rice maker"", ""Essentials"", ""Long term stays allowed"", ""Books and reading material"", ""TV"", ""Patio or balcony"", ""Blender"", ""Microwave"", ""Coffee"", ""Courtyard view"", ""Free parking on premises"", ""Self check-in"", ""Fire extinguisher"", ""Freezer"", ""Smoke alarm"", ""Dining table"", ""Drying rack for clothing"", ""Clothing storage"", ""Exterior security cameras on property"", ""Mountain view"", ""Garden view""]",$172.00,2,1125,t,4,22,39,304,2025-03-23,31,20,4,223,20,120,20640.0,2023-04-30,2025-03-12,5.0,4.9,5.0,4.77,4.97,4.77,4.9,,t,2
2287,2287,previous scrape,Gentles Cool Spot,i love living here because it is so piece full and quiet and every one is so friendly.,501131390,2023-02-14,,,f,"['email', 'phone']",t,t,Belize Mainland,Belize,17.17437,-88.32899,Private room in bed and breakfast,Private room,10,,4.0,,"[""High chair"", ""Lake access"", ""Dedicated workspace"", ""Backyard"", ""Washer"", ""First aid kit"", ""Shared patio or balcony"", ""Children\u2019s dinnerware"", ""Free parking on premises"", ""TV"", ""Smoking allowed"", ""Wifi"", ""Kitchen"", ""Refrigerator"", ""Iron"", ""Dishes and silverware"", ""Coffee maker"", ""Outdoor dining area""]",,365,365,t,30,60,90,365,2025-03-23,0,0,0,284,0,0,,,,,,,,,,,,f,1
2289,2289,city scrape,Tropical View,"It is currently the safest part of Belize. We are an advancing Mennonite town. Currently, we speak 4 languages English, Spanish, German, and low German and we are a vey friendly people and culture. We are Very Excited to have you.",506875335,2023-03-24,a few days or more,0%,f,['phone'],t,t,Cayo,Cayo,17.24566,-89.00239,Room in hotel,Private room,2,1.0,0.0,2.0,"[""Dedicated workspace"", ""Bathtub"", ""Park view"", ""Patio or balcony"", ""Air conditioning"", ""Free parking on premises"", ""City skyline view"", ""Bed linens"", ""Safe"", ""Valley view"", ""Exterior security cameras on property"", ""Wifi"", ""Mountain view"", ""Ceiling fan"", ""Garden view"", ""Outdoor dining area""]",$148.00,2,365,t,28,58,88,178,2025-03-23,1,0,0,178,1,0,0.0,2024-03-11,2024-03-11,4.0,4.0,5.0,4.0,5.0,5.0,4.0,,f,1
2291,2291,city scrape,Luxury Sunscape Condo Caye Caulker,,507018447,2023-03-25,within an hour,100%,t,"['email', 'phone']",t,t,Belize Islands,Belize,17.76013,-88.0285,Entire condo,Entire home/apt,4,2.0,2.0,3.0,"[""Boat slip"", ""Extra pillows and blankets"", ""Babysitter recommendations"", ""Bed linens"", ""Kitchen"", ""Wine glasses"", ""Kayak"", ""Luggage dropoff allowed"", ""Hair dryer"", ""Toaster"", ""Waterfront"", ""Board games"", ""Cooking basics"", ""Shared gym in building"", ""Shared beach access \u2013 Beachfront"", ""Free dryer \u2013 In unit"", ""Hangers"", ""Hot water"", ""Wifi"", ""Coffee maker: Keurig coffee machine"", ""Room-darkening shades"", ""Shampoo"", ""Iron"", ""Carbon monoxide alarm"", ""Dishes and silverware"", ""LG refrigerator"", ""Essentials"", ""Hot water kettle"", ""Long term stays allowed"", ""Shower gel"", ""Cleaning available during stay"", ""Private patio or balcony"", ""First aid kit"", ""Private outdoor pool - available all year, lap pool, saltwater"", ""Samsung stainless steel oven"", ""Free washer \u2013 In unit"", ""Bikes"", ""Books and reading material"", ""Single level home"", ""Safe"", ""Blender"", ""Pool view"", ""Microwave"", ""Coffee"", ""Dishwasher"", ""Sun loungers"", ""Fire extinguisher"", ""Samsung electric stove"", ""Freezer"", ""Beach view"", ""Conditioner"", ""Smoke alarm"", ""Dining table"", ""Clothing storage: walk-in closet, closet, and dresser"", ""AC - split type ductless system"", ""55 inch HDTV"", ""Outdoor furniture"", ""Body soap"", ""Private entrance""]",$627.00,2,30,t,9,24,39,270,2025-03-23,22,12,1,193,11,72,45144.0,2023-06-17,2025-02-22,4.95,4.95,5.0,5.0,5.0,4.91,4.91,,f,1
2292,2292,city scrape,The Bohemian Caye Caulker,,507636278,2023-03-29,within an hour,100%,t,"['email', 'phone']",t,t,Belize Islands,Belize,17.74136,-88.02725,Entire home,Entire home/apt,12,4.5,4.0,6.0,"[""Private pool"", ""Dedicated workspace"", ""Air conditioning"", ""Kitchen"", ""Hair dryer"", ""Outdoor dining area"", ""Dryer"", ""Washer"", ""Hot water"", ""Wifi"", ""Shampoo"", ""Iron"", ""Refrigerator"", ""Carbon monoxide alarm"", ""Dishes and silverware"", ""Shower gel"", ""First aid kit"", ""Outdoor shower"", ""TV"", ""Patio or balcony"", ""Beach access \u2013 Beachfront"", ""Free parking on premises"", ""Fire extinguisher"", ""Conditioner"", ""Smoke alarm"", ""Exterior security cameras on property"", ""Outdoor furniture"", ""Body soap"", ""Coffee maker""]","$2,144.00",2,365,t,0,2,3,116,2025-03-23,13,5,0,71,6,30,64320.0,2023-04-03,2025-01-25,5.0,5.0,5.0,5.0,4.92,5.0,5.0,,f,5
2294,2294,previous scrape,Paradise Hill Guesthouse: Suite 3,,470733865,2022-07-21,a few days or more,44%,f,"['email', 'phone']",f,t,Cayo,Cayo,17.16334,-89.05258,Entire rental unit,Entire home/apt,2,,1.0,,"[""Fire extinguisher"", ""Dryer"", ""Dedicated workspace"", ""Backyard"", ""Washer"", ""Smoke alarm"", ""First aid kit"", ""Free parking on premises"", ""Air conditioning"", ""TV"", ""Exterior security cameras on property"", ""Wifi"", ""Kitchen"", ""Refrigerator"", ""Dishes and silverware"", ""Carbon monoxide alarm"", ""Coffee maker"", ""Outdoor dining area""]",,1,365,t,30,60,90,365,2025-03-23,0,0,0,284,0,0,,,,,,,,,,,,t,4
2295,2295,previous scrape,Paradise Hill Guesthouse: Suite9,,470733865,2022-07-21,a few days or more,44%,f,"['email', 'phone']",f,t,Cayo,Cayo,17.16442,-89.05114,Room in boutique hotel,Private room,2,,1.0,,"[""Fire extinguisher"", ""Dedicated workspace"", ""Washer"", ""Smoke alarm"", ""First aid kit"", ""Air conditioning"", ""TV"", ""Exterior security cameras on property"", ""Wifi"", ""Kitchen"", ""Carbon monoxide alarm"", ""Free parking on premises"", ""Outdoor dining area""]",,1,365,t,30,60,90,365,2025-03-23,0,0,0,284,0,0,,,,,,,,,,,,f,4
2296,2296,city scrape,Cascada Maya Caye Caulker Belize,,425629722,2021-10-02,within an hour,100%,t,"['email', 'phone']",t,t,Belize Islands,Belize,17.73559,-88.02768,Room in hotel,Private room,2,1.0,1.0,1.0,"[""BBQ grill"", ""Fire extinguisher"", ""Smart lock"", ""Shared pool"", ""First aid kit"", ""Free parking on premises"", ""Outdoor shower"", ""Air conditioning"", ""Wifi"", ""Kitchen"", ""Fire pit"", ""Refrigerator"", ""Dishes and silverware"", ""Coffee maker"", ""Self check-in""]",$225.00,1,365,t,26,49,79,259,2025-03-23,27,17,5,259,15,102,22950.0,2024-01-28,2025-03-11,4.93,4.93,5.0,4.96,4.89,4.81,4.89,,t,4
2298,2298,city scrape,The Bohemian Caye Caulker Villa1,,507636278,2023-03-29,within an hour,100%,t,"['email', 'phone']",t,t,Belize Islands,Belize,17.74027,-88.02734,Room in hotel,Private room,4,1.0,1.0,2.0,"[""Dedicated workspace"", ""Air conditioning"", ""Bed linens"", ""Mini fridge"", ""Kayak"", ""Hair dryer"", ""Outdoor dining area"", ""Dryer"", ""Washer"", ""Hangers"", ""Hot water"", ""Wifi"", ""Shampoo"", ""Iron"", ""Refrigerator"", ""Carbon monoxide alarm"", ""Dishes and silverware"", ""Essentials"", ""Shower gel"", ""Private patio or balcony"", ""First aid kit"", ""Bikes"", ""Outdoor shower"", ""TV"", ""Safe"", ""Beach access \u2013 Beachfront"", ""Microwave"", ""Free parking on premises"", ""Sun loungers"", ""Fire extinguisher"", ""Conditioner"", ""Smoke alarm"", ""Shared pool"", ""Kitchenette"", ""Exterior security cameras on property"", ""Outdoor furniture"", ""Body soap"", ""Ceiling fan"", ""Coffee maker"", ""Clothing storage: closet""]",$569.00,1,365,t,5,16,35,237,2025-03-23,115,62,5,179,63,255,145095.0,2023-04-09,2025-03-19,4.98,4.99,4.97,4.99,4.99,4.94,4.94,,f,5
2299,2299,city scrape,The Bohemian Caye Caulker Villa3,,507636278,2023-03-29,within an hour,100%,t,"['email', 'phone']",t,t,Belize Islands,Belize,17.7398,-88.02834,Room in hotel,Private room,2,1.0,1.0,1.0,"[""Dedicated workspace"", ""Air conditioning"", ""Bed linens"", ""Mini fridge"", ""Wine glasses"", ""Kayak"", ""Hair dryer"", ""Outdoor dining area"", ""Dryer"", ""Washer"", ""Hangers"", ""Hot water"", ""Wifi"", ""Shampoo"", ""Iron"", ""Refrigerator"", ""Carbon monoxide alarm"", ""Dishes and silverware"", ""Essentials"", ""Shower gel"", ""Baby bath"", ""First aid kit"", ""Private patio or balcony"", ""Bikes"", ""Outdoor shower"", ""TV"", ""Safe"", ""Beach access \u2013 Beachfront"", ""Microwave"", ""Free parking on premises"", ""Fire extinguisher"", ""Conditioner"", ""Smoke alarm"", ""Shared pool"", ""Kitchenette"", ""Sea view"", ""Exterior security cameras on property"", ""Body soap"", ""Ceiling fan"", ""Coffee maker""]",$569.00,1,365,t,7,13,26,179,2025-03-23,114,63,5,124,62,255,145095.0,2023-04-12,2025-03-10,5.0,5.0,4.99,4.99,4.98,4.97,4.96,,f,5
2300,2300,city scrape,The Bohemian Caye Caulker Villa4,,507636278,2023-03-29,within an hour,100%,t,"['email', 'phone']",t,t,Belize Islands,Belize,17.7398,-88.02835,Room in hotel,Private room,4,1.0,1.0,2.0,"[""Dedicated workspace"", ""Air conditioning"", ""Mini fridge"", ""Wine glasses"", ""Kayak"", ""Hair dryer"", ""Outdoor dining area"", ""Dryer"", ""Washer"", ""Hangers"", ""Hot water"", ""Wifi"", ""Shampoo"", ""Iron"", ""Refrigerator"", ""Carbon monoxide alarm"", ""Dishes and silverware"", ""Hot water kettle"", ""Essentials"", ""Shower gel"", ""Private patio or balcony"", ""First aid kit"", ""Bikes"", ""Outdoor shower"", ""TV"", ""Safe"", ""Beach access \u2013 Beachfront"", ""Microwave"", ""Free parking on premises"", ""Fire extinguisher"", ""Conditioner"", ""Smoke alarm"", ""Shared pool"", ""Kitchenette"", ""Clothing storage"", ""Exterior security cameras on property"", ""Outdoor furniture"", ""Body soap"", ""Ceiling fan"", ""Coffee maker""]",$569.00,1,365,t,6,18,35,255,2025-03-23,115,58,4,185,61,255,145095.0,2023-04-29,2025-03-10,4.98,4.97,4.99,5.0,5.0,4.94,4.91,,f,5
2301,2301,city scrape,The Bohemian Caye Caulker Villa2,,507636278,2023-03-29,within an hour,100%,t,"['email', 'phone']",t,t,Belize Islands,Belize,17.73983,-88.02827,Room in hotel,Private room,2,1.0,1.0,1.0,"[""Dedicated workspace"", ""Air conditioning"", ""Mini fridge"", ""Wine glasses"", ""Kayak"", ""Hair dryer"", ""Outdoor dining area"", ""Dryer"", ""Washer"", ""Hangers"", ""Hot water"", ""Wifi"", ""Shampoo"", ""Iron"", ""Dishes and silverware"", ""Carbon monoxide alarm"", ""Essentials"", ""Shower gel"", ""First aid kit"", ""Bikes"", ""Outdoor shower"", ""TV"", ""Patio or balcony"", ""Safe"", ""Beach access \u2013 Beachfront"", ""Microwave"", ""Free parking on premises"", ""Fire extinguisher"", ""Conditioner"", ""Smoke alarm"", ""Shared pool"", ""Kitchenette"", ""Clothing storage"", ""Exterior security cameras on property"", ""Outdoor furniture"", ""Body soap"", ""Ceiling fan"", ""Coffee maker""]",$569.00,1,365,t,7,13,28,206,2025-03-23,119,61,4,147,61,255,145095.0,2023-04-09,2025-03-19,5.0,5.0,4.99,4.99,4.98,4.95,4.96,,f,5
2308,2308,city scrape,"Las Haciendas, Villa 4",,507947573,2023-03-31,within an hour,100%,t,"['email', 'phone']",t,t,Cayo,Cayo,17.15048,-89.08164,Entire home,Entire home/apt,6,2.5,2.0,2.0,"[""High chair"", ""Dedicated workspace"", ""Kitchen"", ""Wine glasses"", ""Pack \u2019n play/Travel crib"", ""Hair dryer"", ""Stove"", ""Toaster"", ""Outdoor dining area"", ""Private pool - available all year, open 24 hours"", ""Crib"", ""Cooking basics"", ""Keypad"", ""Free dryer \u2013 In unit"", ""Hangers"", ""Hot water"", ""Oven"", ""Wifi"", ""Room-darkening shades"", ""Shampoo"", ""Iron"", ""Carbon monoxide alarm"", ""Refrigerator"", ""Dishes and silverware"", ""Essentials"", ""Hot water kettle"", ""Shower gel"", ""First aid kit"", ""Free washer \u2013 In unit"", ""Outdoor shower"", ""TV"", ""Safe"", ""Blender"", ""Microwave"", ""Coffee"", ""Free parking on premises"", ""Self check-in"", ""Fire extinguisher"", ""Conditioner"", ""Smoke alarm"", ""Dining table"", ""AC - split type ductless system"", ""Exterior security cameras on property"", ""Outdoor furniture"", ""Mountain view"", ""Coffee maker""]",$484.00,1,365,t,4,17,32,258,2025-03-23,60,30,2,178,41,180,87120.0,2023-06-22,2025-03-11,5.0,5.0,4.98,4.93,4.98,4.73,4.95,,t,7
2309,2309,city scrape,Belmopan Royal Villa,"The neighborhood features 24 hour security. There is a convenience store located just outside of the The cul de sac. Downtown belmopan is a short drive away which features the Marketplace on certain days of the week, there you can find fresh fruits, clothing and apparel, as well as a variety of other items to buy from the locals.",508192694,2023-04-02,within a few hours,100%,f,"['email', 'phone']",t,t,Cayo,Cayo,17.25935,-88.7809,Entire home,Entire home/apt,2,1.0,1.0,1.0,"[""Air conditioning"", ""Bed linens"", ""Cleaning products"", ""Hot water"", ""Portable fans"", ""Wifi"", ""Host greets you"", ""Refrigerator"", ""Iron"", ""Dishes and silverware"", ""Hot water kettle"", ""Essentials"", ""TV"", ""Backyard - Fully fenced"", ""Free parking on premises"", ""Freezer"", ""Exterior security cameras on property"", ""Body soap"", ""Private entrance"", ""Coffee maker""]",$102.00,2,730,t,27,57,87,361,2025-03-23,10,3,0,281,5,18,1836.0,2023-06-11,2024-07-07,4.7,4.8,4.6,4.6,4.5,4.6,4.6,,t,1
2310,2310,city scrape,Yellow Bird Getaway,,508338553,2023-04-03,within an hour,100%,t,"['email', 'phone']",t,t,Belize Mainland,Belize,17.51153,-88.22951,Entire home,Entire home/apt,6,1.0,2.0,2.0,"[""Mabe stainless steel gas stove"", ""Ethernet connection"", ""Dedicated workspace"", ""Extra pillows and blankets"", ""Air conditioning"", ""Bed linens"", ""Kitchen"", ""Wine glasses"", ""Laundromat nearby"", ""Whirlpool  refrigerator"", ""Hair dryer"", ""Cleaning products"", ""Toaster"", ""Outdoor dining area"", ""Waterfront"", ""Board games"", ""Cooking basics"", ""Hangers"", ""Hot water"", ""Oven"", ""Portable fans"", ""Wifi"", ""Private entrance"", ""Iron"", ""Herbal essence  shampoo"", ""Carbon monoxide alarm"", ""Herbal essence  conditioner"", ""Dishes and silverware"", ""Essentials"", ""Hot water kettle"", ""Rice maker"", ""Shower gel"", ""Free street parking"", ""Private patio or balcony"", ""First aid kit"", ""Ivory body soap"", ""Baking sheet"", ""Children\u2019s dinnerware"", ""Books and reading material"", ""TV"", ""Blender"", ""Microwave"", ""Coffee"", ""Lockbox"", ""Free parking on premises"", ""Self check-in"", ""Fire extinguisher"", ""Smoke alarm"", ""Dining table"", ""Clothing storage: dresser"", ""Outdoor furniture"", ""Children\u2019s books and toys"", ""Ceiling fan"", ""Coffee maker""]",$182.00,2,30,t,25,55,78,353,2025-03-23,11,7,0,272,7,42,7644.0,2023-04-21,2025-01-19,5.0,5.0,5.0,4.73,5.0,5.0,5.0,,f,1
2311,2311,city scrape,Oasis Guest House,,508382276,2023-04-03,within an hour,90%,f,"['email', 'phone']",t,t,Orange Walk,Orange Walk,18.068995374773017,-88.56726154742036,Entire home,Entire home/apt,4,1.0,2.0,2.0,"[""High chair"", ""Ethernet connection"", ""Dedicated workspace"", ""Extra pillows and blankets"", ""Bed linens"", ""Kitchen"", ""Wine glasses"", ""Luggage dropoff allowed"", ""Hair dryer"", ""Cleaning products"", ""Window guards"", ""Cooking basics"", ""Keypad"", ""Pets allowed"", ""Central air conditioning"", ""Oven"", ""Window AC unit"", ""Portable fans"", ""Wifi"", ""Iron"", ""Dishes and silverware"", ""Hot water kettle"", ""Essentials"", ""Long term stays allowed"", ""Free street parking"", ""Mabe refrigerator"", ""Coffee"", ""Free driveway parking on premises \u2013 1 space"", ""Self check-in"", ""Freezer"", ""Conditioner"", ""Mosquito net"", ""Dining table"", ""Head and Shoulders shampoo"", ""30 inch HDTV with Disney+, Fire TV, Netflix"", ""Body soap"", ""Children\u2019s books and toys"", ""Stainless steel gas stove"", ""Coffee maker""]",$88.00,2,730,t,27,57,87,362,2025-03-23,27,10,0,281,15,60,5280.0,2023-05-21,2025-01-17,4.7,4.52,4.67,4.63,4.85,4.19,4.7,,t,1
2323,2323,city scrape,Cozy House 3 min Belize Airport,"Safe, Quiet, serene",507635394,2023-03-29,within an hour,100%,t,"['email', 'phone']",t,t,Belize Mainland,Belize,17.555916447877923,-88.30950578231808,Entire home,Entire home/apt,5,2.0,3.0,3.0,"[""Ethernet connection"", ""Dedicated workspace"", ""Extra pillows and blankets"", ""Babysitter recommendations"", ""Air conditioning"", ""Bed linens"", ""Kitchen"", ""Wine glasses"", ""Cleaning products"", ""65 inch HDTV"", ""Toaster"", ""Cooking basics"", ""Washer"", ""Keypad"", ""Free dryer \u2013 In unit"", ""Hangers"", ""Hot water"", ""Portable fans"", ""Echo Show 5 sound system"", ""Wifi"", ""Room-darkening shades"", ""Iron"", ""Bergman Kelly shampoo"", ""Dishes and silverware"", ""Coffee maker: Keurig coffee machine"", ""Hot water kettle"", ""Essentials"", ""Private backyard \u2013 Fully fenced"", ""Gas stove"", ""Shower gel"", ""Long term stays allowed"", ""Bergman Kelly conditioner"", ""Cleaning available during stay"", ""Private patio or balcony"", ""Bathtub"", ""First aid kit"", ""Baking sheet"", ""Children\u2019s dinnerware"", ""Stainless steel oven"", ""Safe"", ""Argan Magic- The Moroccan beauty secret body soap"", ""Microwave"", ""Coffee"", ""Free parking on premises"", ""GE refrigerator"", ""Self check-in"", ""Freezer"", ""Dining table"", ""Drying rack for clothing"", ""Outdoor furniture"", ""Ceiling fan"", ""Clothing storage: closet""]",$319.00,3,30,t,26,53,83,152,2025-03-23,16,8,1,152,8,48,15312.0,2023-05-19,2025-03-01,5.0,5.0,5.0,4.88,5.0,4.81,4.81,,f,1
2335,2335,city scrape,Beach Front Unit at Blu Zen,,463207263,2022-06-08,within an hour,100%,f,"['email', 'phone']",t,t,Belize Islands,Belize,17.75354,-88.02535,Entire rental unit,Entire home/apt,4,2.0,2.0,2.0,"[""Fire extinguisher"", ""Cooking basics"", ""Washer"", ""Smoke alarm"", ""Air conditioning"", ""TV"", ""Pool"", ""Wifi"", ""Kitchen"", ""Host greets you"", ""Beach access \u2013 Beachfront"", ""Carbon monoxide alarm"", ""Free parking on premises""]",$661.00,2,365,t,12,38,61,335,2025-03-23,22,12,3,255,12,72,47592.0,2023-05-01,2025-03-15,4.91,4.91,4.91,4.82,4.91,4.77,4.73,,f,4
2337,2337,city scrape,Entire Oceanfront Villa with Window Porch & Beach,"Located in an exclusive neighborhood known as Sittee Point, the Villa is on an affluent strip of homes surrounded by the resorts. A 5-minute drive by car or golf cart to the main village of Hopkins.<br />Video Surveillance provides security.<br />The neighbors are extremely friendly and look out for each other. Yet, please respect their privacy by directing your questions to the Property Manager.",511930947,2023-04-26,within an hour,100%,t,"['email', 'phone']",t,t,Stann Creek Mainland,Stann Creek,16.82718100739794,-88.26676399053798,Entire villa,Entire home/apt,6,2.0,2.0,4.0,"[""BBQ grill"", ""Free dryer \u2013 In building"", ""Ethernet connection"", ""Dedicated workspace"", ""Extra pillows and blankets"", ""Bay view"", ""Air conditioning"", ""Bed linens"", ""Kitchen"", ""Wine glasses"", ""Hair dryer"", ""Cleaning products"", ""Folding or convertible high chair - always at the listing"", ""Toaster"", ""Outdoor dining area"", ""Waterfront"", ""Board games"", ""Washer"", ""Cooking basics"", ""Ocean view"", ""Hangers"", ""Hot water"", ""Wifi"", ""Host greets you"", ""Shampoo"", ""Iron"", ""Refrigerator"", ""Carbon monoxide alarm"", ""Pack \u2019n play/Travel crib - always at the listing"", ""Dishes and silverware"", ""Essentials"", ""Hot water kettle"", ""Gas stove"", ""Shower gel"", ""Free street parking"", ""Long term stays allowed"", ""Cleaning available during stay"", ""Barbecue utensils"", ""Private patio or balcony"", ""First aid kit"", ""Stainless steel single oven"", ""Baking sheet"", ""Coffee maker: drip coffee maker"", ""Clothing storage: wardrobe"", ""TV"", ""Books and reading material"", ""Safe"", ""Private backyard"", ""Blender"", ""Beach access \u2013 Beachfront"", ""Microwave"", ""Coffee"", ""Free parking on premises"", ""Beach essentials"", ""Sun loungers"", ""Fire extinguisher"", ""Freezer"", ""Beach view"", ""Conditioner"", ""Smoke alarm"", ""Dining table"", ""Sea view"", ""Exterior security cameras on property"", ""Outdoor furniture"", ""Body soap"", ""Private entrance"", ""Ceiling fan"", ""Garden view""]",$441.00,2,30,t,11,36,49,225,2025-03-23,36,23,1,225,24,138,60858.0,2023-09-24,2025-03-07,4.97,4.94,5.0,4.97,4.97,4.86,4.97,,f,1
2341,2341,city scrape,Unique Beachfront Suite,"We sre on the quiet north end of Hopkins, just by all the fancy resorts, about a 10 minute walk from the center of Hopkins.<br />There are more small places to eat with local entertainment in walking distance as well as riding our bikes entertainment on the North End of Hopkins. Close to the lagoon",493050072,2022-12-27,within an hour,100%,t,['phone'],t,f,Stann Creek Mainland,Stann Creek,16.87406,-88.28722,Private room in guesthouse,Private room,3,0.0,1.0,2.0,"[""Fire extinguisher"", ""Beach view"", ""Dedicated workspace"", ""Cooking basics"", ""First aid kit"", ""Ocean view"", ""Pets allowed"", ""Free parking on premises"", ""Outdoor shower"", ""Bay view"", ""Smoking allowed"", ""Wifi"", ""Fire pit"", ""Beach access \u2013 Beachfront"", ""Garden view"", ""Outdoor dining area""]",$75.00,1,365,t,22,52,82,357,2025-03-23,13,11,0,276,5,66,4950.0,2023-07-05,2025-02-12,5.0,4.85,4.77,5.0,4.85,5.0,5.0,,t,9
2345,2345,city scrape,Sea Front Penthouse at Blu Zen,,463207263,2022-06-08,within an hour,100%,f,"['email', 'phone']",t,t,Belize Islands,Belize,17.7611578,-88.02774869999999,Entire rental unit,Entire home/apt,4,2.0,2.0,3.0,"[""Air conditioning"", ""Bed linens"", ""Kitchen"", ""Hair dryer"", ""Waterfront"", ""Cooking basics"", ""Washer"", ""Ocean view"", ""Free resort access"", ""Free dryer \u2013 In unit"", ""Hangers"", ""Hot water"", ""Pool"", ""Wifi"", ""Coffee maker: Keurig coffee machine"", ""Room-darkening shades"", ""Shampoo"", ""Iron"", ""Carbon monoxide alarm"", ""Dishes and silverware"", ""LG refrigerator"", ""Essentials"", ""Shower gel"", ""Stainless steel single oven"", ""Baking sheet"", ""TV"", ""Safe"", ""Blender"", ""Pool view"", ""Beach access \u2013 Beachfront"", ""Microwave"", ""Coffee"", ""Free parking on premises"", ""Dishwasher"", ""Stainless steel induction stove"", ""Fire extinguisher"", ""Freezer"", ""Beach view"", ""Clothing storage: wardrobe and dresser"", ""Smoke alarm"", ""Ceiling fan""]","$1,190.00",2,365,t,30,60,90,365,2025-03-23,4,3,0,284,2,18,21420.0,2024-03-10,2025-01-18,4.75,4.75,4.75,5.0,5.0,4.5,4.75,,f,4
2346,2346,city scrape,Cobia Beach Guest House Cabanas - Teal,"You are in the middle of a Garifuna fishing village. If you like quiet all inclusive resorts....this is NOT the place for you. If you want to be part of a small village where they welcome you, then you will love it.",513025278,2023-05-03,within a few hours,100%,t,"['email', 'phone']",t,t,Stann Creek Mainland,Stann Creek,16.857108676855365,-88.28098339198156,Entire guesthouse,Entire home/apt,4,2.0,2.0,2.0,"[""BBQ grill"", ""Backyard"", ""Mini golf"", ""Wine glasses"", ""Toaster"", ""Outdoor dining area"", ""Waterfront"", ""Board games"", ""Ocean view"", ""Pets allowed"", ""Window AC unit"", ""Wifi"", ""Refrigerator"", ""Hammock"", ""Dishes and silverware"", ""Free street parking"", ""First aid kit"", ""Outdoor shower"", ""Blender"", ""Beach access \u2013 Beachfront"", ""Microwave"", ""Free parking on premises"", ""Beach essentials"", ""Free washer"", ""Fire extinguisher"", ""Beach view"", ""Smoke alarm"", ""Dining table"", ""Kitchenette"", ""Sea view"", ""Exterior security cameras on property"", ""Free dryer"", ""Outdoor furniture"", ""Ceiling fan"", ""Coffee maker""]",$340.00,2,21,t,4,15,44,44,2025-03-23,12,6,0,44,9,36,12240.0,2023-08-10,2024-12-02,4.92,4.92,4.92,4.92,4.83,5.0,5.0,,f,2
2349,2349,city scrape,Private Island Glamping,,514031092,2023-05-10,,,f,['phone'],f,t,Belize Mainland,Belize,17.7158,-88.45548,Tent,Entire home/apt,8,2.0,3.0,6.0,"[""Fire extinguisher"", ""First aid kit"", ""Outdoor shower"", ""Kitchen"", ""Beach access \u2013 Beachfront"", ""Outdoor dining area""]","$1,500.00",1,365,t,30,60,90,364,2025-03-23,0,0,0,284,0,0,0.0,,,,,,,,,,,t,1
2353,2353,city scrape,The White House in Placencia,,513462437,2023-05-06,,,f,['phone'],t,t,Stann Creek Mainland,Stann Creek,16.5228284,-88.3689112,Entire home,Entire home/apt,6,2.0,3.0,3.0,"[""Dedicated workspace"", ""Air conditioning"", ""Bed linens"", ""Kitchen"", ""Wine glasses"", ""Hair dryer"", ""Cleaning products"", ""Stove"", ""Toaster"", ""Outdoor dining area"", ""Waterfront"", ""Dryer"", ""Cooking basics"", ""Washer"", ""Ocean view"", ""Hot water"", ""Wifi"", ""Host greets you"", ""Shampoo"", ""Refrigerator"", ""Dishes and silverware"", ""Hammock"", ""Heating"", ""Essentials"", ""Long term stays allowed"", ""Cleaning available during stay"", ""Private patio or balcony"", ""Bathtub"", ""Outdoor shower"", ""TV"", ""Stainless steel oven"", ""Blender"", ""Beach access \u2013 Beachfront"", ""Microwave"", ""Coffee"", ""Free parking on premises"", ""Beach essentials"", ""Dishwasher"", ""Sun loungers"", ""Conditioner"", ""Smoke alarm"", ""Dining table"", ""Exterior security cameras on property"", ""Outdoor furniture"", ""Body soap"", ""Private entrance"", ""Ceiling fan"", ""Coffee maker"", ""Clothing storage: closet""]","$1,130.00",1,365,t,11,21,48,295,2025-03-23,4,2,0,214,4,12,13560.0,2024-01-19,2024-04-06,5.0,5.0,5.0,5.0,5.0,5.0,4.75,,f,1
2369,2369,city scrape,Casa CatalinaTropical Oasis! 1st floor. 2nd is ava,San Pedro is a very friendly town. Most people speak English and are willing to give directions and suggestions if needed.,516221442,2023-05-23,within an hour,100%,t,"['email', 'phone']",t,t,Belize Islands,Belize,17.914472907385576,-87.9679349809885,Entire home,Entire home/apt,2,1.0,1.0,1.0,"[""Ethernet connection"", ""Dedicated workspace"", ""Extra pillows and blankets"", ""Coffee maker: pour-over coffee"", ""Bed linens"", ""Mini fridge"", ""Kitchen"", ""Laundromat nearby"", ""Hair dryer"", ""Cleaning products"", ""Cooking basics"", ""HDTV"", ""Housekeeping available 7 days a week - included with your stay"", ""Pets allowed"", ""Hangers"", ""Hot water"", ""Central air conditioning"", ""Wifi"", ""Host greets you"", ""Room-darkening shades"", ""Iron"", ""Refrigerator"", ""Carbon monoxide alarm"", ""Dishes and silverware"", ""Outlet covers"", ""Essentials"", ""Hot water kettle"", ""Gas stove"", ""Free street parking"", ""Long term stays allowed"", ""Private patio or balcony"", ""First aid kit"", ""Free driveway parking on premises \u2013 3 spaces"", ""Safe"", ""Shared beach access"", ""Microwave"", ""Coffee"", ""Fire extinguisher"", ""Smoke alarm"", ""Dining table"", ""Clothing storage: dresser"", ""Exterior security cameras on property"", ""Outdoor furniture"", ""Private entrance"", ""Ceiling fan"", ""Garden view""]",$267.00,1,365,t,29,59,89,130,2025-03-23,5,3,1,130,3,18,4806.0,2024-02-10,2025-02-27,4.8,5.0,4.4,5.0,5.0,4.4,4.6,,f,2
2372,2372,city scrape,Casa CatalinaTropical Oasis! 2nd floor. 1st is ava,,516221442,2023-05-23,within an hour,100%,t,"['email', 'phone']",t,t,Belize Islands,Belize,17.91479,-87.96901,Entire home,Entire home/apt,4,1.0,1.0,3.0,"[""Ethernet connection"", ""Dedicated workspace"", ""Air conditioning"", ""Bed linens"", ""Kitchen"", ""Laundromat nearby"", ""Hair dryer"", ""Cleaning products"", ""Cooking basics"", ""Pets allowed"", ""Hangers"", ""Hot water"", ""Wifi"", ""Host greets you"", ""Hammock"", ""Iron"", ""Dishes and silverware"", ""Carbon monoxide alarm"", ""Essentials"", ""Gas stove"", ""Free street parking"", ""Private patio or balcony"", ""First aid kit"", ""Coffee maker: drip coffee maker"", ""TV"", ""Blender"", ""Shared beach access"", ""Microwave"", ""Coffee"", ""Free parking on premises"", ""Fire extinguisher"", ""Freezer"", ""Frigidaire  refrigerator"", ""Smoke alarm"", ""Clothing storage: dresser"", ""Exterior security cameras on property"", ""Private entrance"", ""Ceiling fan"", ""Garden view""]",$517.00,1,365,t,29,59,89,252,2025-03-23,6,2,0,252,5,12,6204.0,2024-01-02,2025-01-02,4.83,4.83,4.83,4.67,4.83,4.83,4.67,,f,2
2374,2374,city scrape,"COZY HIDE AWAY, mark your destination it’s here!",Southside Belize City,516710189,2023-05-26,,,f,"['email', 'phone']",t,t,Belize Mainland,Belize,17.49277608982299,-88.19856880932494,Private room in rental unit,Private room,2,1.0,1.0,1.0,"[""BBQ grill"", ""Dedicated workspace"", ""Backyard"", ""Extra pillows and blankets"", ""Smoking allowed"", ""Bed linens"", ""Kitchen"", ""Wine glasses"", ""Luggage dropoff allowed"", ""Hair dryer"", ""Cleaning products"", ""Stove"", ""Lock on bedroom door"", ""Cooking basics"", ""Washer"", ""Keypad"", ""Pets allowed"", ""Hangers"", ""Oven"", ""Wifi"", ""Shampoo"", ""Iron"", ""Refrigerator"", ""Dishes and silverware"", ""Essentials"", ""Long term stays allowed"", ""Free street parking"", ""Cleaning available during stay"", ""Barbecue utensils"", ""Private patio or balcony"", ""Bathtub"", ""Baking sheet"", ""TV"", ""Blender"", ""Shared beach access"", ""Microwave"", ""Coffee"", ""Self check-in"", ""Conditioner"", ""Smoke alarm"", ""Dining table"", ""Exterior security cameras on property"", ""Free dryer"", ""Private living room"", ""Body soap"", ""Private entrance"", ""Ceiling fan"", ""Coffee maker""]",$98.00,1,1125,t,30,60,90,365,2025-03-23,0,0,0,284,0,0,0.0,,,,,,,,,,,f,1
2378,2378,city scrape,Horizon Del Mar2/airport/hammock/canalview/grill,,484321767,2022-10-19,within an hour,100%,f,"['email', 'phone']",t,t,Belize Mainland,Belize,17.5519882,-88.2826103,Entire home,Entire home/apt,4,1.0,2.0,2.0,"[""BBQ grill"", ""Ethernet connection"", ""Backyard"", ""Extra pillows and blankets"", ""Air conditioning"", ""Bed linens"", ""Kitchen"", ""Wine glasses"", ""Luggage dropoff allowed"", ""Hair dryer"", ""Cleaning products"", ""Stove"", ""Toaster"", ""Lake access"", ""Waterfront"", ""Dryer"", ""Cooking basics"", ""Washer"", ""Ocean view"", ""Keypad"", ""Gym"", ""Hangers"", ""Oven"", ""Portable fans"", ""Wifi"", ""Refrigerator"", ""Iron"", ""Dishes and silverware"", ""Hammock"", ""Essentials"", ""Long term stays allowed"", ""Free street parking"", ""Single level home"", ""Children\u2019s dinnerware"", ""Books and reading material"", ""TV"", ""Patio or balcony"", ""Canal view"", ""Safe"", ""Blender"", ""Microwave"", ""Coffee"", ""Free parking on premises"", ""Self check-in"", ""Dining table"", ""Clothing storage"", ""Exterior security cameras on property"", ""Outdoor furniture"", ""Body soap"", ""Ceiling fan"", ""Coffee maker""]",$313.00,1,1125,t,29,59,86,361,2025-03-23,7,2,1,280,1,12,3756.0,2023-08-22,2025-02-21,4.86,4.57,4.57,4.71,5.0,4.57,4.57,,f,3
2379,2379,city scrape,Horizon Del Mar3/airport/seaview,,484321767,2022-10-19,within an hour,100%,f,"['email', 'phone']",t,t,Belize Mainland,Belize,17.5488128,-88.3199113,Entire home,Entire home/apt,6,2.0,3.0,3.0,"[""BBQ grill"", ""Ethernet connection"", ""Backyard"", ""Extra pillows and blankets"", ""Air conditioning"", ""Bed linens"", ""Kitchen"", ""Wine glasses"", ""Luggage dropoff allowed"", ""Hair dryer"", ""Cleaning products"", ""Stove"", ""Toaster"", ""Lake access"", ""Waterfront"", ""Dryer"", ""Cooking basics"", ""Washer"", ""Ocean view"", ""Keypad"", ""Gym"", ""Hangers"", ""Oven"", ""Portable fans"", ""Wifi"", ""Refrigerator"", ""Iron"", ""Dishes and silverware"", ""Hammock"", ""Essentials"", ""Long term stays allowed"", ""Free street parking"", ""Single level home"", ""Children\u2019s dinnerware"", ""Books and reading material"", ""TV"", ""Patio or balcony"", ""Canal view"", ""Safe"", ""Blender"", ""Microwave"", ""Coffee"", ""Free parking on premises"", ""Self check-in"", ""Dining table"", ""Clothing storage"", ""Exterior security cameras on property"", ""Outdoor furniture"", ""Body soap"", ""Ceiling fan"", ""Coffee maker""]",$363.00,1,1125,t,29,59,89,364,2025-03-23,20,5,0,283,11,30,10890.0,2023-07-21,2025-01-26,4.2,4.3,4.0,4.45,4.9,3.8,4.2,,f,3
2380,2380,previous scrape,"Waterfront Villa, w/Boat, 40ft Pool & Rooftop Bar","Conveniently but privately located just 3 minutes drive from Placencia airport and 5 minutes (vehicle or boat) from Placencia Village where you will find lovely restaurants, bars and supermarkets, fresh fruit and vegetable stands and pharmacies.",513824690,2023-05-08,within an hour,100%,f,"['email', 'phone']",t,t,Stann Creek Mainland,Stann Creek,16.53978073779661,-88.36644516988814,Entire villa,Entire home/apt,8,,4.0,,"[""Dedicated workspace"", ""Waterfront"", ""Board games"", ""Cooking basics"", ""Hangers"", ""Exercise equipment: yoga mat, workout bench"", ""Dishes and silverware"", ""Hot water kettle"", ""Shower gel"", ""Private BBQ grill: wood-burning"", ""First aid kit"", ""Pool table"", ""65 inch HDTV with Fire TV, Netflix"", ""Shared beach access"", ""Fire pit"", ""Beach essentials"", ""Dishwasher"", ""Coffee maker: espresso machine"", ""Drying rack for clothing"", ""Private entrance"", ""Ceiling fan"", ""Private outdoor pool - available all year, open 24 hours, lap pool"", ""Other gas stove"", ""Bay view"", ""Lake access"", ""Hammock"", ""Sonos sound system"", ""Private backyard \u2013 Fully fenced"", ""Outdoor shower"", ""Stainless steel oven"", ""Housekeeping - included with your stay"", ""Pool view"", ""High chair - available upon request"", ""Self check-in"", ""Freezer"", ""Body soap"", ""Garden view"", ""Ethernet connection"", ""Extra pillows and blankets"", ""Ping pong table"", ""Kitchen"", ""Cleaning products"", ""Outdoor dining area"", ""Free resort access"", ""Free dryer \u2013 In unit"", ""Wifi"", ""Shampoo"", ""Refrigerator"", ""Essentials"", ""Baking sheet"", ""Lockbox"", ""Free parking on premises"", ""Conditioner"", ""Dining table"", ""Sea view"", ""AC - split type ductless system"", ""Outdoor furniture"", ""Boat slip"", ""Bed linens"", ""Wine glasses"", ""Laundromat nearby"", ""Kayak"", ""Luggage dropoff allowed"", ""Hair dryer"", ""Crib - available upon request"", ""Pets allowed"", ""Hot water"", ""Iron"", ""Long term stays allowed"", ""Barbecue utensils"", ""Private patio or balcony"", ""Bikes"", ""Free washer \u2013 In unit"", ""Books and reading material"", ""Blender"", ""Coffee"", ""Clothing storage: walk-in closet"", ""Sun loungers"", ""Fire extinguisher"", ""Smoke alarm"", ""Mountain view""]",,3,730,t,22,48,78,324,2025-03-23,2,1,1,244,1,6,,2024-01-06,2025-02-22,5.0,5.0,5.0,5.0,5.0,5.0,4.5,,t,1
2381,2381,city scrape,Villa Savannah Bamboo -Luxury Villa,Across the street from Jaguar Reef Lodge,503041967,2023-02-27,within an hour,100%,t,['phone'],t,t,Stann Creek Mainland,Stann Creek,16.839391507102235,-88.27130583558198,Entire villa,Entire home/apt,4,1.0,1.0,2.0,"[""BBQ grill"", ""Extra pillows and blankets"", ""Air conditioning"", ""Bed linens"", ""Kitchen"", ""Wine glasses"", ""Laundromat nearby"", ""Hair dryer"", ""Cleaning products"", ""Toaster"", ""Outdoor dining area"", ""52 inch HDTV with premium cable"", ""Board games"", ""Cooking basics"", ""Free resort access"", ""Hangers"", ""Hot water"", ""Oven"", ""Wifi"", ""Room-darkening shades"", ""Shampoo"", ""Iron"", ""Carbon monoxide alarm"", ""Refrigerator"", ""Dishes and silverware"", ""Private backyard \u2013 Fully fenced"", ""Hammock"", ""Gas stove"", ""Free street parking"", ""Long term stays allowed"", ""Cleaning available during stay"", ""Barbecue utensils"", ""First aid kit"", ""Baking sheet"", ""Shared patio or balcony"", ""Children\u2019s dinnerware"", ""Outdoor shower"", ""Books and reading material"", ""Coffee maker: drip coffee maker"", ""Bikes"", ""Safe"", ""Blender"", ""Beach access \u2013 Beachfront"", ""Microwave"", ""Coffee"", ""Lockbox"", ""Free parking on premises"", ""Clothing storage: closet and dresser"", ""Beach essentials"", ""Self check-in"", ""Fire extinguisher"", ""Conditioner"", ""Smoke alarm"", ""Exterior security cameras on property"", ""Outdoor furniture"", ""Body soap"", ""Private entrance"", ""Ceiling fan""]",$404.00,2,365,t,8,36,66,333,2025-03-23,51,36,1,253,39,216,87264.0,2023-11-14,2025-02-28,4.96,4.96,5.0,4.98,5.0,4.94,5.0,,t,3
2382,2382,city scrape,Villa Beach Bamboo - Luxury Beach Villa,We are located right across from Jaguar Reef Resort.,503041967,2023-02-27,within an hour,100%,t,['phone'],t,t,Stann Creek Mainland,Stann Creek,16.8391964,-88.27131120000001,Entire villa,Entire home/apt,4,1.0,1.0,2.0,"[""BBQ grill"", ""Extra pillows and blankets"", ""Air conditioning"", ""Bed linens"", ""Kitchen"", ""Wine glasses"", ""Laundromat nearby"", ""Hair dryer"", ""Cleaning products"", ""Toaster"", ""Outdoor dining area"", ""Cooking basics"", ""Free resort access"", ""Hangers"", ""Hot water"", ""Oven"", ""Wifi"", ""Room-darkening shades"", ""Shampoo"", ""Iron"", ""Carbon monoxide alarm"", ""Refrigerator"", ""Dishes and silverware"", ""Essentials"", ""Private backyard \u2013 Fully fenced"", ""Gas stove"", ""Hammock"", ""Free street parking"", ""Long term stays allowed"", ""Barbecue utensils"", ""Private patio or balcony"", ""First aid kit"", ""Baking sheet"", ""Bikes"", ""Children\u2019s dinnerware"", ""Books and reading material"", ""TV"", ""Coffee maker: drip coffee maker"", ""Safe"", ""Blender"", ""Beach access \u2013 Beachfront"", ""Microwave"", ""Coffee"", ""Lockbox"", ""Free parking on premises"", ""Clothing storage: closet and dresser"", ""Beach essentials"", ""Self check-in"", ""Fire extinguisher"", ""Conditioner"", ""Smoke alarm"", ""Drying rack for clothing"", ""Exterior security cameras on property"", ""Outdoor furniture"", ""Body soap"", ""Private entrance"", ""Ceiling fan""]",$404.00,2,365,t,27,57,87,362,2025-03-23,27,17,2,281,22,102,41208.0,2023-11-21,2025-03-18,4.93,5.0,5.0,4.93,5.0,4.96,4.93,,t,3
2385,2385,city scrape,"Sunset Retreat at Secret Beach, Ambergris Caye","A must-visit while on Ambergris Caye, Secret Beach is the spot to go. Don’t let the name fool you, this place is no secret, several beach bars and restaurants are spread across the island's best beach with crystal clear waters. At the secret beach, there is something for the whole family!",473525368,2022-08-05,within an hour,100%,t,"['email', 'phone']",t,t,Belize Islands,Belize,17.97556,-87.95757,Entire home,Entire home/apt,4,1.0,2.0,2.0,"[""Air conditioning"", ""Bed linens"", ""Kitchen"", ""Wine glasses"", ""Hair dryer"", ""Paid washer"", ""Hangers"", ""Hot water"", ""Single oven"", ""Wifi"", ""Host greets you"", ""Shampoo"", ""Iron"", ""Refrigerator"", ""Carbon monoxide alarm"", ""Dishes and silverware"", ""Essentials"", ""Long term stays allowed"", ""Shower gel"", ""Private patio or balcony"", ""First aid kit"", ""Bikes"", ""Single level home"", ""TV"", ""Microwave"", ""Free parking on premises"", ""Clothing storage: walk-in closet"", ""Fire extinguisher"", ""Mosquito net"", ""Smoke alarm"", ""Noise decibel monitors on property"", ""Exterior security cameras on property"", ""Outdoor furniture"", ""Private entrance""]",$297.00,3,365,t,30,59,87,361,2025-03-23,42,20,0,281,27,120,35640.0,2023-06-27,2025-02-20,4.95,4.98,5.0,4.98,4.98,4.81,4.93,,t,13
2387,2387,previous scrape,3 Bed/3 Bath Top Floor Condo!,"Situated in the peaceful Caribeville Community, Sunset Caribe lies north of the island of Ambergris Caye. Cafes, delis and restaurants offer family friendly entertainment. And parking is never an issue as all venues offer their own parking. There are also grocery stores and vegetable markets minutes away by golf cart.",519894686,2023-06-13,,,f,"['email', 'phone']",t,t,Belize Islands,Belize,17.94718,-87.94561,Entire condo,Entire home/apt,6,,2.0,,"[""Elevator"", ""Extra pillows and blankets"", ""Bay view"", ""GE stainless steel single oven"", ""Bed linens"", ""Kitchen"", ""Wine glasses"", ""Hair dryer"", ""Toaster"", ""Outdoor dining area"", ""Waterfront"", ""Cooking basics"", ""GE electric stove"", ""Shared pool - available all year"", ""Hangers"", ""Hot water"", ""Central air conditioning"", ""Wifi"", ""Room-darkening shades"", ""Shampoo"", ""Iron"", ""Dishes and silverware"", ""Essentials"", ""Shower gel"", ""Private patio or balcony"", ""Bathtub"", ""Coffee maker: drip coffee maker"", ""TV"", ""Safe"", ""Blender"", ""Pool view"", ""Beach access \u2013 Beachfront"", ""Microwave"", ""Coffee"", ""Free parking on premises"", ""GE refrigerator"", ""Dishwasher"", ""Self check-in"", ""Fire extinguisher"", ""Freezer"", ""Building staff"", ""Conditioner"", ""Dining table"", ""Sea view"", ""Outdoor furniture"", ""Body soap"", ""Private entrance"", ""Ceiling fan"", ""Clothing storage: closet""]",,1,30,t,18,41,66,262,2025-03-23,2,0,0,260,1,0,,2023-08-27,2024-01-11,5.0,5.0,5.0,5.0,5.0,5.0,5.0,,f,1
2388,2388,city scrape,"Las Haciendas, Villa 2",,507947573,2023-03-31,within an hour,100%,t,"['email', 'phone']",t,t,Cayo,Cayo,17.15031,-89.08264,Entire rental unit,Entire home/apt,4,1.0,1.0,2.0,"[""Private pool"", ""High chair"", ""Dedicated workspace"", ""Air conditioning"", ""Bed linens"", ""Kitchen"", ""Pack \u2019n play/Travel crib"", ""Hair dryer"", ""Outdoor dining area"", ""Crib"", ""Cooking basics"", ""Keypad"", ""Free dryer \u2013 In unit"", ""Hangers"", ""Hot water"", ""Wifi"", ""Shampoo"", ""Iron"", ""Refrigerator"", ""Carbon monoxide alarm"", ""Dishes and silverware"", ""Essentials"", ""Shower gel"", ""First aid kit"", ""Free washer \u2013 In unit"", ""Outdoor shower"", ""TV"", ""Mountain view"", ""Safe"", ""Free parking on premises"", ""Self check-in"", ""Fire extinguisher"", ""Smoke alarm"", ""Exterior security cameras on property"", ""Body soap"", ""Coffee maker""]",$353.00,1,365,t,6,25,42,288,2025-03-23,47,26,2,208,33,156,55068.0,2023-06-19,2025-03-04,4.98,4.94,4.96,5.0,5.0,4.85,4.94,,t,7
2389,2389,city scrape,"Las Haciendas, Villa 3",,507947573,2023-03-31,within an hour,100%,t,"['email', 'phone']",t,t,Cayo,Cayo,17.15099,-89.08122,Entire rental unit,Entire home/apt,2,1.0,1.0,1.0,"[""High chair"", ""Dedicated workspace"", ""Bed linens"", ""Kitchen"", ""Wine glasses"", ""Pack \u2019n play/Travel crib"", ""Hair dryer"", ""Stove"", ""Toaster"", ""Crib"", ""Cooking basics"", ""Washer"", ""Keypad"", ""Free dryer \u2013 In unit"", ""Hangers"", ""Hot water"", ""Oven"", ""Wifi"", ""Shampoo"", ""Iron"", ""Refrigerator"", ""Carbon monoxide alarm"", ""Dishes and silverware"", ""Essentials"", ""Shower gel"", ""Baby bath"", ""First aid kit"", ""Outdoor shower"", ""TV"", ""Mountain view"", ""Safe"", ""Blender"", ""Microwave"", ""Coffee"", ""Free parking on premises"", ""Self check-in"", ""Fire extinguisher"", ""Conditioner"", ""Smoke alarm"", ""Private outdoor pool - available all year, open 24 hours"", ""AC - split type ductless system"", ""Exterior security cameras on property"", ""Outdoor furniture"", ""Body soap"", ""Coffee maker""]",$353.00,1,365,t,5,22,46,297,2025-03-23,91,52,3,221,58,255,90015.0,2023-06-20,2025-03-20,4.99,4.98,4.93,4.9,5.0,4.8,4.9,,t,7
2403,2403,previous scrape,"Las Haciendas, Villa 5",,507947573,2023-03-31,within an hour,100%,t,"['email', 'phone']",t,t,Cayo,Cayo,17.15068,-89.08186,Entire home,Entire home/apt,6,,2.0,,"[""Private pool"", ""High chair"", ""Dedicated workspace"", ""Air conditioning"", ""Kitchen"", ""Wine glasses"", ""Pack \u2019n play/Travel crib"", ""Hair dryer"", ""Outdoor dining area"", ""Crib"", ""Dryer"", ""Cooking basics"", ""Washer"", ""Keypad"", ""Hangers"", ""Hot water"", ""Wifi"", ""Room-darkening shades"", ""Shampoo"", ""Iron"", ""Carbon monoxide alarm"", ""Refrigerator"", ""Dishes and silverware"", ""Essentials"", ""Shower gel"", ""Baby bath"", ""First aid kit"", ""Outdoor shower"", ""TV"", ""Books and reading material"", ""Mountain view"", ""Safe"", ""Free parking on premises"", ""Self check-in"", ""Fire extinguisher"", ""Conditioner"", ""Smoke alarm"", ""Dining table"", ""Exterior security cameras on property"", ""Outdoor furniture"", ""Body soap"", ""Coffee maker""]",,1,365,t,7,22,37,273,2025-03-23,71,45,3,192,46,255,,2023-07-25,2025-03-21,4.99,4.99,4.99,4.99,5.0,4.8,4.93,,t,7
2405,2405,city scrape,Southern Sunshine,,513324917,2023-05-05,within an hour,100%,t,"['email', 'phone']",f,f,Belize Islands,Belize,17.89045210636823,-87.98137660709945,Entire home,Entire home/apt,6,1.0,3.0,3.0,"[""BBQ grill"", ""Boat slip"", ""Dedicated workspace"", ""Extra pillows and blankets"", ""Air conditioning"", ""Bed linens"", ""Kitchen"", ""Wine glasses"", ""Laundromat nearby"", ""Toaster"", ""Outdoor dining area"", ""Board games"", ""Cooking basics"", ""LG stainless steel oven"", ""Hangers"", ""Free dryer \u2013 In unit"", ""Hot water"", ""LG electric stove"", ""Portable fans"", ""Wifi"", ""Private entrance"", ""Iron"", ""Dishes and silverware"", ""Carbon monoxide alarm"", ""Private backyard \u2013 Fully fenced"", ""Essentials"", ""Private pool - available all year"", ""Private patio or balcony"", ""First aid kit"", ""Baking sheet"", ""Free washer \u2013 In unit"", ""Coffee maker: drip coffee maker"", ""Books and reading material"", ""TV"", ""Mabe refrigerator"", ""Safe"", ""Fire pit"", ""Beach access \u2013 Beachfront"", ""Microwave"", ""Free parking on premises"", ""Fire extinguisher"", ""Freezer"", ""Smoke alarm"", ""Dining table"", ""Exterior security cameras on property"", ""Outdoor furniture"", ""Children\u2019s books and toys"", ""Clothing storage: closet""]",$531.00,3,90,t,26,51,75,153,2025-03-23,27,18,0,153,19,108,57348.0,2023-11-19,2025-02-15,4.93,4.96,4.96,5.0,4.96,4.78,4.81,,f,1
2431,2431,city scrape,Las Haciendas,,507947573,2023-03-31,within an hour,100%,t,"['email', 'phone']",t,t,Cayo,Cayo,17.15198,-89.08247,Entire home,Entire home/apt,16,9.5,9.0,13.0,"[""Private pool"", ""High chair"", ""Dedicated workspace"", ""Air conditioning"", ""Kitchen"", ""Hair dryer"", ""Outdoor dining area"", ""Cooking basics"", ""Washer"", ""Pack \u2019n play/Travel crib - available upon request"", ""Hangers"", ""Hot water"", ""Oven"", ""Wifi"", ""Refrigerator"", ""Iron"", ""Dishes and silverware"", ""Carbon monoxide alarm"", ""Cleaning available during stay"", ""Baby bath"", ""First aid kit"", ""Outdoor shower"", ""TV"", ""Safe"", ""Blender"", ""Microwave"", ""Coffee"", ""Free parking on premises"", ""Fire extinguisher"", ""Conditioner"", ""Smoke alarm"", ""Exterior security cameras on property"", ""Free dryer"", ""Coffee maker""]","$1,506.00",1,365,t,0,5,8,204,2025-03-23,4,4,0,127,4,24,36144.0,2024-04-27,2024-12-02,5.0,5.0,5.0,5.0,5.0,5.0,5.0,,t,7
2432,2432,city scrape,Joan's Beachfront Escape -2,,521600332,2023-06-23,within an hour,100%,f,"['email', 'phone']",t,t,Belize Islands,Belize,17.74568697497463,-88.02353766164,Entire condo,Entire home/apt,3,1.0,1.0,2.0,"[""Extra pillows and blankets"", ""Bed linens"", ""Luggage dropoff allowed"", ""Hair dryer"", ""Waterfront"", ""Shared beach access \u2013 Beachfront"", ""Hangers"", ""Hot water"", ""Wifi"", ""Refrigerator"", ""Room-darkening shades"", ""Dishes and silverware"", ""Essentials"", ""Long term stays allowed"", ""Coffee maker: drip coffee maker"", ""Books and reading material"", ""Safe"", ""Microwave"", ""Shared outdoor pool - available all year, open specific hours"", ""Clothing storage: wardrobe and dresser"", ""Dining table"", ""Kitchenette"", ""AC - split type ductless system"", ""Outdoor furniture""]",$210.00,1,30,t,29,55,85,300,2025-03-23,16,8,0,279,14,48,10080.0,2023-07-16,2024-12-24,4.56,4.88,4.63,4.94,4.94,4.81,4.69,,t,2
2434,2434,city scrape,House with a View,,503687219,2023-03-03,within an hour,100%,f,"['email', 'phone']",t,t,Corozal,Corozal,18.4030802,-88.3967536,Entire home,Entire home/apt,2,1.0,1.0,1.0,"[""BBQ grill"", ""Extra pillows and blankets"", ""Air conditioning"", ""Smoking allowed"", ""Bed linens"", ""Mini fridge"", ""Kitchen"", ""Laundromat nearby"", ""Host greets you"", ""Indoor fireplace"", ""Luggage dropoff allowed"", ""Cleaning products"", ""Outdoor dining area"", ""Window guards"", ""Cooking basics"", ""Pets allowed"", ""Hangers"", ""Shared outdoor pool - available all year, open 24 hours, pool toys"", ""Hot water"", ""Portable fans"", ""Wifi"", ""Coffee maker"", ""Shampoo"", ""Iron"", ""Refrigerator"", ""Carbon monoxide alarm"", ""Dishes and silverware"", ""Outlet covers"", ""Private backyard \u2013 Fully fenced"", ""Long term stays allowed"", ""Free street parking"", ""Shower gel"", ""Barbecue utensils"", ""First aid kit"", ""Bikes"", ""Single level home"", ""Children\u2019s dinnerware"", ""Outdoor shower"", ""TV"", ""Books and reading material"", ""Patio or balcony"", ""Safe"", ""Fire pit"", ""Beach access \u2013 Beachfront"", ""Microwave"", ""Coffee"", ""Free parking on premises"", ""Fire extinguisher"", ""Freezer"", ""Conditioner"", ""Smoke alarm"", ""Drying rack for clothing"", ""Clothing storage"", ""Exterior security cameras on property"", ""Outdoor furniture"", ""Body soap"", ""Private entrance"", ""Ceiling fan"", ""Garden view""]",$153.00,2,1125,t,29,59,89,269,2025-03-23,22,7,0,269,12,42,6426.0,2023-07-15,2024-12-28,4.64,4.68,4.41,4.55,5.0,4.73,4.73,,f,1
2435,2435,city scrape,"Villa Castello, Private, Amenities, Walk to Beach","Located on the stunning eastern coast of Belize on the uber exclusive peninsula of Placencia which is a hidden gem full of virgin beaches, local cuisine, culture and seclusion from the noise of large tourism. The Stann Creek District is a captivating destination that showcases the country's natural beauty and rich cultural heritage. This region offers a diverse range of attractions, from pristine beaches and lush rainforests to vibrant coastal towns and charming villages serving fresh local cuisine. The property gets access to the stunning Placencia hotel amenities as a bonus. From fishing, hiking, boating -this is the perfect destination for your most memorable vacation yet.",503459845,2023-03-01,within an hour,100%,f,"['email', 'phone']",t,t,Stann Creek Mainland,Stann Creek,16.63829,-88.33072,Entire home,Entire home/apt,6,3.5,3.0,3.0,"[""BBQ grill"", ""Dedicated workspace"", ""Extra pillows and blankets"", ""Bed linens"", ""Kitchen"", ""Luggage dropoff allowed"", ""Hair dryer"", ""Stove"", ""Toaster"", ""Outdoor dining area"", ""Lake access"", ""Waterfront"", ""Cooking basics"", ""Free dryer \u2013 In unit"", ""Hangers"", ""Hot water"", ""Oven"", ""Wifi"", ""Shampoo"", ""Iron"", ""Refrigerator"", ""Carbon monoxide alarm"", ""Dishes and silverware"", ""Hot water kettle"", ""Heating"", ""Essentials"", ""Free street parking"", ""Long term stays allowed"", ""Bathtub"", ""First aid kit"", ""Outdoor pool"", ""Free washer \u2013 In unit"", ""Private backyard \u2013 Not fully fenced"", ""Patio or balcony"", ""TV"", ""Microwave"", ""Free parking on premises"", ""Beach essentials"", ""Dishwasher"", ""Self check-in"", ""Shared gym nearby"", ""Building staff"", ""Smoke alarm"", ""AC - split type ductless system"", ""Private entrance"", ""Coffee maker""]",$788.00,3,365,t,19,38,60,305,2025-03-23,10,6,0,225,5,36,28368.0,2023-07-31,2025-01-11,4.8,4.8,4.7,4.2,4.9,4.8,5.0,,t,1
2438,2438,city scrape,Villa 99-Beachfront Villa-Pool-6 bedroom-Luxury,,477673831,2022-09-01,within an hour,100%,,"['email', 'phone']",t,t,Stann Creek Mainland,Stann Creek,16.64639438,-88.31838654,Entire villa,Entire home/apt,12,6.0,6.0,6.0,"[""BBQ grill"", ""Backyard"", ""Extra pillows and blankets"", ""Air conditioning"", ""Bed linens"", ""Kitchen"", ""Wine glasses"", ""Kayak"", ""Hair dryer"", ""Stove"", ""Outdoor dining area"", ""Waterfront"", ""Dryer"", ""Washer"", ""Ocean view"", ""Shared beach access \u2013 Beachfront"", ""Hangers"", ""Hot water"", ""Pool"", ""Wifi"", ""Host greets you"", ""Shampoo"", ""Iron"", ""Refrigerator"", ""Dishes and silverware"", ""Hammock"", ""Hot water kettle"", ""Essentials"", ""Long term stays allowed"", ""Barbecue utensils"", ""First aid kit"", ""Patio or balcony"", ""TV"", ""Safe"", ""Blender"", ""Pool view"", ""Microwave"", ""Free parking on premises"", ""Dishwasher"", ""Fire extinguisher"", ""Freezer"", ""Beach view"", ""Conditioner"", ""Smoke alarm"", ""Dining table"", ""Clothing storage"", ""Exterior security cameras on property"", ""Outdoor furniture"", ""Mountain view"", ""Private entrance"", ""Coffee maker""]","$1,728.00",2,90,t,11,32,45,261,2025-03-23,12,10,1,182,7,60,103680.0,2023-07-31,2025-03-01,4.92,5.0,5.0,4.75,4.83,4.75,5.0,,t,4
2439,2439,city scrape,Villa 99-Octopus Studio-Beachfront-Pool-Luxury,,477673831,2022-09-01,within an hour,100%,,"['email', 'phone']",t,t,Stann Creek Mainland,Stann Creek,16.64643954,-88.3183593,Entire rental unit,Entire home/apt,2,1.0,0.0,1.0,"[""BBQ grill"", ""Backyard"", ""Extra pillows and blankets"", ""Air conditioning"", ""Bed linens"", ""Kitchen"", ""Wine glasses"", ""Kayak"", ""Hair dryer"", ""Stove"", ""Outdoor dining area"", ""Waterfront"", ""Dryer"", ""Washer"", ""Ocean view"", ""Shared beach access \u2013 Beachfront"", ""Hangers"", ""Hot water"", ""Pool"", ""Wifi"", ""Host greets you"", ""Shampoo"", ""Iron"", ""Refrigerator"", ""Dishes and silverware"", ""Hammock"", ""Essentials"", ""Long term stays allowed"", ""First aid kit"", ""Patio or balcony"", ""TV"", ""Safe"", ""Blender"", ""Pool view"", ""Microwave"", ""Free parking on premises"", ""Fire extinguisher"", ""Freezer"", ""Beach view"", ""Conditioner"", ""Smoke alarm"", ""Dining table"", ""Clothing storage"", ""Exterior security cameras on property"", ""Outdoor furniture"", ""Private entrance"", ""Ceiling fan"", ""Coffee maker""]",$329.00,2,90,t,24,54,67,314,2025-03-23,4,1,0,235,3,6,1974.0,2023-11-02,2024-07-20,4.75,4.75,5.0,5.0,5.0,4.75,4.75,,t,4
2440,2440,city scrape,Villa 99-Seahorse-Beachfront Villa-Pool-2 Bedroom,,477673831,2022-09-01,within an hour,100%,,"['email', 'phone']",t,t,Stann Creek Mainland,Stann Creek,16.64639438,-88.31838654,Entire villa,Entire home/apt,4,2.0,2.0,2.0,"[""BBQ grill"", ""Extra pillows and blankets"", ""Air conditioning"", ""Bed linens"", ""Kitchen"", ""Wine glasses"", ""Kayak"", ""Hair dryer"", ""Stove"", ""Toaster"", ""Outdoor dining area"", ""Waterfront"", ""Dryer"", ""Washer"", ""Ocean view"", ""Shared beach access \u2013 Beachfront"", ""Hangers"", ""Hot water"", ""Pool"", ""Wifi"", ""Host greets you"", ""Shampoo"", ""Iron"", ""Refrigerator"", ""Dishes and silverware"", ""Hammock"", ""Essentials"", ""Long term stays allowed"", ""Barbecue utensils"", ""First aid kit"", ""Patio or balcony"", ""TV"", ""Safe"", ""Blender"", ""Pool view"", ""Microwave"", ""Free parking on premises"", ""Fire extinguisher"", ""Freezer"", ""Beach view"", ""Conditioner"", ""Smoke alarm"", ""Dining table"", ""Clothing storage"", ""Exterior security cameras on property"", ""Outdoor furniture"", ""Mountain view"", ""Private entrance"", ""Ceiling fan"", ""Coffee maker""]",$632.00,2,90,t,11,32,45,261,2025-03-23,2,0,0,182,2,0,0.0,2024-01-05,2024-01-17,5.0,5.0,5.0,4.5,5.0,4.5,5.0,,t,4
2441,2441,city scrape,Villa 99-Stunning 4BR Townhouse-Beachfront-w/ Pool,,477673831,2022-09-01,within an hour,100%,,"['email', 'phone']",t,t,Stann Creek Mainland,Stann Creek,16.64639438,-88.31838654,Entire villa,Entire home/apt,8,4.0,4.0,4.0,"[""BBQ grill"", ""Extra pillows and blankets"", ""Air conditioning"", ""Bed linens"", ""Kitchen"", ""Wine glasses"", ""Kayak"", ""Hair dryer"", ""Stove"", ""Toaster"", ""Outdoor dining area"", ""Waterfront"", ""Dryer"", ""Washer"", ""Ocean view"", ""Shared beach access \u2013 Beachfront"", ""Hangers"", ""Hot water"", ""Pool"", ""Wifi"", ""Host greets you"", ""Shampoo"", ""Iron"", ""Refrigerator"", ""Dishes and silverware"", ""Hammock"", ""Essentials"", ""Long term stays allowed"", ""Barbecue utensils"", ""First aid kit"", ""Patio or balcony"", ""TV"", ""Safe"", ""Blender"", ""Pool view"", ""Microwave"", ""Free parking on premises"", ""Dishwasher"", ""Fire extinguisher"", ""Freezer"", ""Beach view"", ""Conditioner"", ""Smoke alarm"", ""Dining table"", ""Clothing storage"", ""Exterior security cameras on property"", ""Outdoor furniture"", ""Mountain view"", ""Private entrance"", ""Ceiling fan"", ""Coffee maker""]","$1,138.00",2,90,t,11,32,45,261,2025-03-23,7,4,0,182,5,24,27312.0,2023-09-12,2024-10-14,5.0,5.0,5.0,5.0,5.0,5.0,5.0,,t,4
2458,2458,city scrape,Luxury 6 Person Villa Apartment-Beachfront-Pool,,477698500,2022-09-01,within an hour,100%,t,"['email', 'phone']",t,t,Stann Creek Mainland,Stann Creek,16.64129849,-88.32571614,Entire villa,Entire home/apt,6,2.0,2.0,4.0,"[""BBQ grill"", ""Dedicated workspace"", ""Backyard"", ""Air conditioning"", ""Bed linens"", ""Kitchen"", ""Wine glasses"", ""Kayak"", ""Hair dryer"", ""Cleaning products"", ""Stove"", ""Toaster"", ""Outdoor dining area"", ""Waterfront"", ""Dryer"", ""Washer"", ""Ocean view"", ""Shared beach access \u2013 Beachfront"", ""Hangers"", ""Hot water"", ""Pool"", ""Wifi"", ""Host greets you"", ""Shampoo"", ""Iron"", ""Refrigerator"", ""Dishes and silverware"", ""Hammock"", ""Hot water kettle"", ""Essentials"", ""Long term stays allowed"", ""Barbecue utensils"", ""First aid kit"", ""Baking sheet"", ""Outdoor shower"", ""TV"", ""Patio or balcony"", ""Safe"", ""Blender"", ""Pool view"", ""Microwave"", ""Free parking on premises"", ""Beach essentials"", ""Dishwasher"", ""Fire extinguisher"", ""Freezer"", ""Beach view"", ""Conditioner"", ""Smoke alarm"", ""Dining table"", ""Clothing storage"", ""Exterior security cameras on property"", ""Outdoor furniture"", ""Mountain view"", ""Private entrance"", ""Ceiling fan"", ""Coffee maker""]",$847.00,2,90,t,7,37,67,328,2025-03-23,7,4,1,247,2,24,20328.0,2023-07-31,2025-03-08,5.0,4.86,4.86,4.86,5.0,5.0,4.86,,t,2
2459,2459,city scrape,"Honeymoon suite: King Bed- Garden View ""Lions Den""",,523905732,2023-07-05,within a day,100%,f,"['email', 'phone']",t,f,Belize Islands,Belize,17.940826014908126,-87.94892372695311,Entire rental unit,Entire home/apt,2,1.0,1.0,1.0,"[""Fire extinguisher"", ""Dedicated workspace"", ""Washer"", ""Smoke alarm"", ""First aid kit"", ""Air conditioning"", ""TV"", ""Exterior security cameras on property"", ""Pool"", ""Wifi"", ""Iron"", ""Hair dryer"", ""Free parking on premises"", ""Outdoor dining area""]",$389.00,1,365,t,28,58,83,358,2025-03-23,0,0,0,277,0,0,0.0,,,,,,,,,,,t,7
2460,2460,previous scrape,"Honeymoon suite: King Bed - Garden View-"" Panther""",,523905732,2023-07-05,within a day,100%,f,"['email', 'phone']",t,f,Belize Islands,Belize,17.940744357704652,-87.94897458365396,Entire rental unit,Entire home/apt,2,,1.0,,"[""BBQ grill"", ""Fire extinguisher"", ""Dedicated workspace"", ""Washer"", ""Smoke alarm"", ""First aid kit"", ""Air conditioning"", ""TV"", ""Exterior security cameras on property"", ""Pool"", ""Wifi"", ""Iron"", ""Hair dryer"", ""Free parking on premises"", ""Outdoor dining area""]",,1,365,t,22,49,74,349,2025-03-23,0,0,0,268,0,0,,,,,,,,,,,,t,7
2461,2461,previous scrape,"Honeymoon suite: King Bed - Garden View - ""Ocelot""",,523905732,2023-07-05,within a day,100%,f,"['email', 'phone']",t,f,Belize Islands,Belize,17.94092808635946,-87.94883789626464,Private room in bed and breakfast,Private room,2,,1.0,,"[""BBQ grill"", ""Fire extinguisher"", ""Dedicated workspace"", ""Washer"", ""Smoke alarm"", ""First aid kit"", ""Shared pool"", ""Air conditioning"", ""TV"", ""Exterior security cameras on property"", ""Wifi"", ""Outdoor furniture"", ""Hammock"", ""Iron"", ""Hair dryer"", ""Free parking on premises"", ""Outdoor dining area""]",,1,365,t,30,60,85,360,2025-03-23,0,0,0,279,0,0,,,,,,,,,,,,t,7
2462,2462,city scrape,"Jaguar House: Kitchen, Garden View, 3 bedroom",,523905732,2023-07-05,within a day,100%,f,"['email', 'phone']",t,f,Belize Islands,Belize,17.941119562271076,-87.94759335128172,Entire guesthouse,Entire home/apt,6,2.0,3.0,5.0,"[""BBQ grill"", ""High chair"", ""Outdoor playground"", ""Dedicated workspace"", ""Air conditioning"", ""Smoking allowed"", ""Kitchen"", ""Pack \u2019n play/Travel crib"", ""Hair dryer"", ""Outdoor dining area"", ""Shared backyard \u2013 Fully fenced"", ""Dryer"", ""Board games"", ""Washer"", ""Pets allowed"", ""Resort view"", ""Wifi"", ""Coffee maker"", ""Refrigerator"", ""Iron"", ""Dishes and silverware"", ""Hammock"", ""First aid kit"", ""Changing table"", ""TV"", ""Pool view"", ""Beach access \u2013 Beachfront"", ""Courtyard view"", ""Free parking on premises"", ""Fire extinguisher"", ""Shared pool"", ""Smoke alarm"", ""Exterior security cameras on property"", ""Outdoor furniture"", ""Garden view""]",$860.00,1,365,t,8,31,61,329,2025-03-23,2,0,0,250,0,0,0.0,2023-07-09,2023-08-14,5.0,5.0,5.0,5.0,5.0,4.5,5.0,,t,7
2463,2463,previous scrape,"Honeymoon suite: King Bed - Garden View - ""Parrot""",,523905732,2023-07-05,within a day,100%,f,"['email', 'phone']",t,f,Belize Islands,Belize,17.940866843495726,-87.94881643859252,Entire rental unit,Entire home/apt,2,,1.0,,"[""BBQ grill"", ""Fire extinguisher"", ""Dedicated workspace"", ""Washer"", ""Smoke alarm"", ""First aid kit"", ""Shared pool"", ""Air conditioning"", ""TV"", ""Exterior security cameras on property"", ""Wifi"", ""Outdoor furniture"", ""Hammock"", ""Iron"", ""Hair dryer"", ""Free parking on premises"", ""Outdoor dining area""]",,1,365,t,24,45,70,345,2025-03-23,0,0,0,264,0,0,,,,,,,,,,,,t,7
2464,2464,previous scrape,Honeymoon suite: King Bed  Garden View -,,523905732,2023-07-05,within a day,100%,f,"['email', 'phone']",t,f,Belize Islands,Belize,17.94094708475202,-87.94886020315725,Entire rental unit,Entire home/apt,2,,1.0,,"[""BBQ grill"", ""Fire extinguisher"", ""Dedicated workspace"", ""Washer"", ""Smoke alarm"", ""First aid kit"", ""Shared pool"", ""Air conditioning"", ""TV"", ""Exterior security cameras on property"", ""Wifi"", ""Outdoor furniture"", ""Hammock"", ""Iron"", ""Hair dryer"", ""Free parking on premises"", ""Outdoor dining area""]",,1,365,t,25,51,70,345,2025-03-23,0,0,0,264,0,0,,,,,,,,,,,,t,7
2465,2465,previous scrape,"Honeymoon suite: King Bed - Garden View - ""Toucan""",,523905732,2023-07-05,within a day,100%,f,"['email', 'phone']",t,f,Belize Islands,Belize,17.940744357704652,-87.94890226928099,Entire rental unit,Entire home/apt,2,,1.0,,"[""Fire extinguisher"", ""Dedicated workspace"", ""Washer"", ""Smoke alarm"", ""First aid kit"", ""Shared pool"", ""Air conditioning"", ""TV"", ""Exterior security cameras on property"", ""Wifi"", ""Outdoor furniture"", ""Hammock"", ""Iron"", ""Hair dryer"", ""Free parking on premises"", ""Outdoor dining area""]",,1,365,t,30,60,85,355,2025-03-23,0,0,0,279,0,0,,,,,,,,,,,,t,7
2471,2471,city scrape,"Island Apt Near Sea w pool, bikes, canoe,breakfast",,524162400,2023-07-06,within an hour,100%,t,"['email', 'phone']",t,t,Belize Islands,Belize,17.74878140658172,-88.0244928862818,Entire rental unit,Entire home/apt,4,1.0,1.0,2.0,"[""Boat slip"", ""Extra pillows and blankets"", ""Air conditioning"", ""Bed linens"", ""Kitchen"", ""Wine glasses"", ""Luggage dropoff allowed"", ""Hair dryer"", ""Stove"", ""Toaster"", ""Shared BBQ grill: charcoal"", ""Shared backyard \u2013 Fully fenced"", ""Board games"", ""Cooking basics"", ""Breakfast"", ""42 inch TV with Netflix"", ""Free resort access"", ""Pack \u2019n play/Travel crib - available upon request"", ""Hangers"", ""Hot water"", ""Oven"", ""Wifi"", ""Shampoo"", ""Iron"", ""Refrigerator"", ""Carbon monoxide alarm"", ""Dishes and silverware"", ""Hammock"", ""Essentials"", ""Free street parking"", ""Shower gel"", ""Cleaning available during stay"", ""Barbecue utensils"", ""Private patio or balcony"", ""First aid kit"", ""Baking sheet"", ""Bikes"", ""Coffee maker: drip coffee maker"", ""Books and reading material"", ""Safe"", ""Blender"", ""Beach access \u2013 Beachfront"", ""Microwave"", ""Coffee"", ""Free parking on premises"", ""Fire extinguisher"", ""Freezer"", ""Conditioner"", ""Smoke alarm"", ""Dining table"", ""Shared pool"", ""Clothing storage"", ""Outdoor furniture"", ""Body soap"", ""Private entrance"", ""Ceiling fan""]",$545.00,1,30,t,7,36,46,263,2025-03-23,20,18,2,199,11,108,58860.0,2023-11-14,2025-03-16,5.0,5.0,5.0,4.95,4.9,5.0,4.85,,f,2
2481,2481,city scrape,"BNB on Triggerfish, close to the airport 4",Quiet and sereen area,449685949,2022-03-15,within an hour,100%,f,"['email', 'phone']",t,t,Belize Mainland,Belize,17.557908018572352,-88.28575621163938,Private room in bed and breakfast,Private room,2,1.0,1.0,1.0,"[""Backyard"", ""Extra pillows and blankets"", ""Air conditioning"", ""Bed linens"", ""Mini fridge"", ""Wine glasses"", ""Laundromat nearby"", ""Luggage dropoff allowed"", ""Hair dryer"", ""Outdoor dining area"", ""Waterfront"", ""Dryer"", ""Washer"", ""Breakfast"", ""Hangers"", ""Hot water"", ""Pool"", ""Wifi"", ""Coffee maker"", ""Room-darkening shades"", ""Shampoo"", ""Iron"", ""Hammock"", ""Hot water kettle"", ""Essentials"", ""Long term stays allowed"", ""Free street parking"", ""Shower gel"", ""Cleaning available during stay"", ""First aid kit"", ""Single level home"", ""Patio or balcony"", ""Safe"", ""Coffee"", ""Sun loungers"", ""Fire extinguisher"", ""Conditioner"", ""Smoke alarm"", ""Dining table"", ""Clothing storage"", ""Outdoor furniture"", ""Body soap"", ""Private entrance"", ""TV with standard cable""]",$250.00,365,365,t,30,60,90,364,2025-03-23,0,0,0,284,0,0,0.0,,,,,,,,,,,t,3
2483,2483,previous scrape,Marissa’s Guest House,,524678831,2023-07-09,within an hour,100%,t,['phone'],t,t,Cayo,Cayo,17.1492539,-89.0796312,Private room in guesthouse,Private room,6,,3.0,,"[""Backyard"", ""Air conditioning"", ""Bed linens"", ""Outdoor dining area"", ""Body soap"", ""Cooking basics"", ""Hot water"", ""Wifi"", ""Electric stove"", ""Host greets you"", ""Room-darkening shades"", ""Shampoo"", ""Dishes and silverware"", ""Carbon monoxide alarm"", ""Essentials"", ""Shower gel"", ""First aid kit"", ""Safe"", ""Coffee"", ""Bread maker"", ""Courtyard view"", ""Free parking on premises"", ""Fire extinguisher"", ""Conditioner"", ""Smoke alarm"", ""Dining table"", ""Clothing storage"", ""Exterior security cameras on property"", ""Mountain view"", ""Ceiling fan"", ""Coffee maker""]",,1,365,t,30,60,90,365,2025-03-23,9,3,1,284,5,18,,2023-09-15,2025-03-16,4.56,4.44,4.89,4.44,4.67,4.33,4.22,,f,1
2484,2484,city scrape,Modern Escape To A Beach Getaway -  Bottom Unit,,517189447,2023-05-29,within an hour,100%,f,"['email', 'phone']",t,t,Stann Creek Mainland,Stann Creek,16.863200437421582,-88.28379493895626,Tiny home,Entire home/apt,2,1.0,1.0,1.0,"[""First aid kit"", ""TV"", ""Air conditioning"", ""Exterior security cameras on property"", ""Wifi"", ""Kitchen"", ""Host greets you"", ""Beach access \u2013 Beachfront"", ""Free parking on premises""]",$182.00,2,365,t,30,60,90,270,2025-03-23,6,1,0,270,3,6,1092.0,2023-09-21,2025-01-22,4.67,4.5,5.0,4.83,4.67,4.83,4.17,,t,1
2485,2485,city scrape,Villa Big Bamboo - Luxury Beach Villa,,503041967,2023-02-27,within an hour,100%,t,['phone'],t,t,Stann Creek Mainland,Stann Creek,16.8391978,-88.27130969999999,Entire villa,Entire home/apt,6,2.0,2.0,3.0,"[""BBQ grill"", ""Extra pillows and blankets"", ""Bed linens"", ""Kitchen"", ""Wine glasses"", ""Laundromat nearby"", ""Hair dryer"", ""Cleaning products"", ""Toaster"", ""Outdoor dining area"", ""Shared backyard \u2013 Fully fenced"", ""Board games"", ""Cooking basics"", ""Free resort access"", ""Hangers"", ""Hot water"", ""Oven"", ""Wifi"", ""Room-darkening shades"", ""Shampoo"", ""Iron"", ""Carbon monoxide alarm"", ""Refrigerator"", ""Dishes and silverware"", ""Essentials"", ""Hammock"", ""Gas stove"", ""Free street parking"", ""Long term stays allowed"", ""Barbecue utensils"", ""First aid kit"", ""Baking sheet"", ""Shared patio or balcony"", ""Coffee maker: drip coffee maker"", ""Books and reading material"", ""TV"", ""Bikes"", ""Safe"", ""Blender"", ""Beach access \u2013 Beachfront"", ""Microwave"", ""Coffee"", ""Lockbox"", ""Free parking on premises"", ""Clothing storage: closet and dresser"", ""Beach essentials"", ""Self check-in"", ""Fire extinguisher"", ""Conditioner"", ""Smoke alarm"", ""AC - split type ductless system"", ""Exterior security cameras on property"", ""Outdoor furniture"", ""Body soap"", ""Private entrance"", ""Ceiling fan""]",$605.00,2,365,t,20,48,78,352,2025-03-23,24,19,3,272,16,114,68970.0,2024-01-01,2025-03-15,5.0,5.0,5.0,5.0,5.0,5.0,4.75,,f,3
2486,2486,city scrape,4 Bedroom Villa W/private pool,,525327659,2023-07-12,within an hour,100%,f,"['email', 'phone']",t,t,Belize Islands,Belize,17.92409,-87.98227,Entire home,Entire home/apt,10,4.5,4.0,5.0,"[""BBQ grill"", ""Boat slip"", ""Dedicated workspace"", ""Extra pillows and blankets"", ""Babysitter recommendations"", ""Air conditioning"", ""Bed linens"", ""Kitchen"", ""Wine glasses"", ""Laundromat nearby"", ""Luggage dropoff allowed"", ""Hair dryer"", ""Crib - available upon request"", ""Toaster"", ""Outdoor dining area"", ""Waterfront"", ""Cooking basics"", ""Washer"", ""Pets allowed"", ""GE stainless steel electric stove"", ""Free dryer \u2013 In unit"", ""Hot water"", ""Pool"", ""Wifi"", ""General Electric stainless steel single oven"", ""Host greets you"", ""Shampoo"", ""Iron"", ""General Electric refrigerator"", ""Carbon monoxide alarm"", ""Dishes and silverware"", ""Barbecue utensils"", ""First aid kit"", ""Coffee maker: drip coffee maker"", ""Outdoor shower"", ""TV"", ""Patio or balcony"", ""Housekeeping available 24 hours, 4 days a week - included with your stay"", ""Safe"", ""Private backyard"", ""Blender"", ""Beach access \u2013 Beachfront"", ""Microwave"", ""Coffee"", ""Free parking on premises"", ""Dishwasher"", ""Fire extinguisher"", ""Smoke alarm"", ""Dining table"", ""Outdoor furniture"", ""Body soap"", ""Ceiling fan""]","$1,056.00",2,1125,t,15,41,71,339,2025-03-23,19,15,1,259,13,90,95040.0,2023-10-06,2025-03-01,4.74,4.68,4.74,5.0,5.0,4.68,4.74,,f,1
2487,2487,city scrape,8 guest room tropical eco-jungle resort near ATM,"Central location, close to San Ignacio, Belmopan, Spanish Lookout.",525451317,2023-07-13,,,f,"['email', 'phone']",t,t,Cayo,Cayo,17.22659,-88.87654,Private room in nature lodge,Private room,16,8.0,5.0,10.0,"[""Dedicated workspace"", ""Extra pillows and blankets"", ""Air conditioning"", ""Bed linens"", ""Kitchen"", ""Wine glasses"", ""Luggage dropoff allowed"", ""Hair dryer"", ""Shared backyard \u2013 Not fully fenced"", ""Stove"", ""Toaster"", ""Outdoor dining area"", ""Cooking basics"", ""Pets allowed"", ""Hangers"", ""Hot water"", ""Oven"", ""Resort view"", ""Wifi"", ""Host greets you"", ""Room-darkening shades"", ""Shampoo"", ""Iron"", ""Paid dryer \u2013 In building"", ""Refrigerator"", ""Dishes and silverware"", ""Essentials"", ""Hot water kettle"", ""Cleaning available during stay"", ""First aid kit"", ""Single level home"", ""Patio or balcony"", ""TV"", ""Standalone high chair - available upon request"", ""Microwave"", ""Coffee"", ""Free parking on premises"", ""Sun loungers"", ""Fire extinguisher"", ""Smoke alarm"", ""Dining table"", ""Exterior security cameras on property"", ""Outdoor furniture"", ""Paid washer \u2013 In building"", ""Body soap"", ""Ceiling fan"", ""Coffee maker""]","$2,737.00",1,365,t,0,0,0,38,2025-03-23,1,1,0,38,1,6,16422.0,2024-08-27,2024-08-27,5.0,5.0,5.0,5.0,5.0,5.0,5.0,,f,2
2488,2488,city scrape,Enjoy small apartment,Very quiet and friendly neighborhood,450475791,2022-03-20,within an hour,100%,t,"['email', 'phone']",t,t,Orange Walk,Orange Walk,18.09812345282708,-88.56981564313173,Private room in rental unit,Private room,2,1.0,1.0,1.0,"[""Free dryer \u2013 In building"", ""Dedicated workspace"", ""Extra pillows and blankets"", ""Air conditioning"", ""Bed linens"", ""Luggage dropoff allowed"", ""Hair dryer"", ""Cleaning products"", ""Toaster"", ""Shared BBQ grill: charcoal"", ""Shared backyard \u2013 Fully fenced"", ""Lock on bedroom door"", ""Washer"", ""Pets allowed"", ""Hangers"", ""Hot water"", ""Portable fans"", ""Wifi"", ""Clothing storage: walk-in closet and closet"", ""Refrigerator"", ""Iron"", ""Essentials"", ""Long term stays allowed"", ""Gas stove"", ""Shower gel"", ""Bikes"", ""Coffee maker: drip coffee maker"", ""TV"", ""Safe"", ""Fire pit"", ""Coffee"", ""Lockbox"", ""Free parking on premises"", ""Self check-in"", ""Smoke alarm"", ""Sedal shampoo"", ""Drying rack for clothing"", ""Exterior security cameras on property"", ""Bath and body works body soap""]",$72.00,1,1125,t,30,60,84,263,2025-03-23,18,8,0,263,9,48,3456.0,2023-07-24,2025-02-16,4.89,4.83,4.89,4.67,4.94,4.56,4.83,,t,3
2490,2490,city scrape,Sunrise View with A/C,,432194135,2021-11-16,within an hour,88%,f,"['email', 'phone']",t,t,Belize Islands,Belize,17.733059452997765,-88.02816197276115,Entire rental unit,Entire home/apt,2,1.0,1.0,1.0,"[""BBQ grill"", ""Air conditioning"", ""Bed linens"", ""Mini fridge"", ""Luggage dropoff allowed"", ""Outdoor dining area"", ""Waterfront"", ""Dove body soap"", ""Hangers"", ""Hot water"", ""Pool"", ""Portable fans"", ""Wifi"", ""Host greets you"", ""Room-darkening shades"", ""Hammock"", ""Essentials"", ""Long term stays allowed"", ""Cleaning available during stay"", ""Private patio or balcony"", ""First aid kit"", ""Bikes"", ""Coffee maker: drip coffee maker"", ""Outdoor shower"", ""Books and reading material"", ""Free parking on premises"", ""Sun loungers"", ""Fire extinguisher"", ""Smoke alarm"", ""Drying rack for clothing"", ""Outdoor furniture"", ""Private entrance""]",$260.00,1,365,t,25,51,81,259,2025-03-23,11,4,1,259,6,24,6240.0,2023-07-30,2025-02-25,4.73,4.82,4.91,4.73,4.82,4.55,4.82,,t,3
2491,2491,city scrape,"Las Haciendas, Villa 6",,507947573,2023-03-31,within an hour,100%,t,"['email', 'phone']",t,t,Cayo,Cayo,17.152869776349057,-89.08285116807455,Entire home,Entire home/apt,6,2.5,2.0,3.0,"[""High chair"", ""Dedicated workspace"", ""Kitchen"", ""Wine glasses"", ""Pack \u2019n play/Travel crib"", ""Hair dryer"", ""Stove"", ""Toaster"", ""Outdoor dining area"", ""Crib"", ""Cooking basics"", ""Keypad"", ""Free dryer \u2013 In unit"", ""Hangers"", ""Hot water"", ""Oven"", ""Wifi"", ""Room-darkening shades"", ""Shampoo"", ""Iron"", ""Carbon monoxide alarm"", ""Refrigerator"", ""Dishes and silverware"", ""Essentials"", ""Hot water kettle"", ""Shower gel"", ""Private outdoor pool - available all year, open 24 hours, rooftop, saltwater"", ""Baby bath"", ""First aid kit"", ""Free washer \u2013 In unit"", ""Outdoor shower"", ""TV"", ""Safe"", ""Blender"", ""Microwave"", ""Coffee"", ""Courtyard view"", ""Free parking on premises"", ""Self check-in"", ""Fire extinguisher"", ""Smoke alarm"", ""AC - split type ductless system"", ""City skyline view"", ""Exterior security cameras on property"", ""Outdoor furniture"", ""Mountain view"", ""Coffee maker""]",$493.00,1,365,t,7,17,29,265,2025-03-23,71,40,4,185,50,240,118320.0,2023-07-30,2025-03-17,4.99,5.0,4.99,4.96,4.99,4.77,4.94,,t,7
2493,2493,city scrape,Your home away from home,,527469418,2023-07-23,within an hour,83%,f,"['email', 'phone']",f,t,Stann Creek Mainland,Stann Creek,16.96611,-88.22013,Entire home,Entire home/apt,6,2.0,3.0,3.0,"[""Washer"", ""Smoke alarm"", ""Pets allowed"", ""Air conditioning"", ""TV"", ""Exterior security cameras on property"", ""Wifi"", ""Kitchen"", ""Refrigerator"", ""Beach access \u2013 Beachfront"", ""Carbon monoxide alarm"", ""Free parking on premises""]",$247.00,1,365,t,9,30,60,240,2025-03-23,4,3,1,240,2,18,4446.0,2023-10-04,2025-03-07,4.75,4.75,4.75,4.75,5.0,5.0,4.5,,t,1
2498,2498,city scrape,"The Myrtle, convenient and homey",,528855297,2023-07-30,within a few hours,100%,f,"['email', 'phone']",f,t,Belize Mainland,Belize,17.50445,-88.19202,Entire rental unit,Entire home/apt,4,1.0,2.0,2.0,"[""Washer"", ""Smoke alarm"", ""Pets allowed"", ""Air conditioning"", ""TV"", ""Wifi"", ""Kitchen"", ""Iron"", ""Free parking on premises""]",$149.00,2,365,t,0,13,31,179,2025-03-23,0,0,0,179,0,0,0.0,,,,,,,,,,,f,1
2499,2499,city scrape,Coastal Bay Suite,,528824957,2023-07-30,within a few hours,100%,f,"['email', 'phone']",f,t,Belize Islands,Belize,17.92040150009222,-87.96202225058185,Room in hotel,Private room,4,1.0,2.0,1.0,"[""Fire extinguisher"", ""Dedicated workspace"", ""Smoke alarm"", ""First aid kit"", ""TV"", ""Air conditioning"", ""Exterior security cameras on property"", ""Wifi"", ""Kitchen"", ""Free parking on premises""]",$350.00,1,365,t,30,60,90,365,2025-03-23,1,1,1,284,0,6,2100.0,2025-03-09,2025-03-09,4.0,3.0,5.0,3.0,4.0,4.0,4.0,,f,1
2506,2506,city scrape,Nouveau condo 5 p front de mer et plage,"Central village neighborhood with a beach located in front of the apartment and many shops:<br /> restaurants, bars, supermarkets and shops.",530870495,2023-08-09,a few days or more,33%,f,"['email', 'phone']",f,t,Belize Islands,Belize,17.7459,-88.02498,Entire rental unit,Entire home/apt,5,1.0,2.0,3.0,"[""Free dryer \u2013 In building"", ""Ethernet connection"", ""Dedicated workspace"", ""Extra pillows and blankets"", ""Air conditioning"", ""Bed linens"", ""Kitchen"", ""Wine glasses"", ""Luggage dropoff allowed"", ""Hair dryer"", ""Cleaning products"", ""Toaster"", ""Shared BBQ grill: charcoal"", ""Shared backyard \u2013 Fully fenced"", ""Waterfront"", ""Cooking basics"", ""Shared beach access \u2013 Beachfront"", ""Free washer \u2013 In building"", ""Hangers"", ""Hot water"", ""Oven"", ""Wifi"", ""Shampoo"", ""Iron"", ""Refrigerator"", ""Carbon monoxide alarm"", ""Dishes and silverware"", ""Hammock"", ""Essentials"", ""Long term stays allowed"", ""Free street parking"", ""Shower gel"", ""Cleaning available during stay"", ""Private patio or balcony"", ""First aid kit"", ""Baking sheet"", ""Coffee maker: drip coffee maker"", ""TV"", ""Blender"", ""Free parking on premises"", ""Fire extinguisher"", ""Freezer"", ""Conditioner"", ""Smoke alarm"", ""Dining table"", ""Clothing storage: walk-in closet, closet, and dresser"", ""Body soap"", ""Private entrance"", ""Ceiling fan""]",$625.00,6,30,t,29,59,89,179,2025-03-23,0,0,0,179,0,0,0.0,,,,,,,,,,,f,1
2508,2508,city scrape,"Las Haciendas, Villa 1",,507947573,2023-03-31,within an hour,100%,t,"['email', 'phone']",t,t,Cayo,Cayo,17.15207,-89.08386,Entire rental unit,Entire home/apt,2,1.0,1.0,1.0,"[""Private pool"", ""Dedicated workspace"", ""Air conditioning"", ""Bed linens"", ""Kitchen"", ""Wine glasses"", ""Pack \u2019n play/Travel crib"", ""Hair dryer"", ""Stove"", ""Toaster"", ""Crib"", ""Dryer"", ""Cooking basics"", ""Washer"", ""Keypad"", ""Hangers"", ""Hot water"", ""Oven"", ""Wifi"", ""Refrigerator"", ""Iron"", ""Dishes and silverware"", ""Carbon monoxide alarm"", ""Essentials"", ""First aid kit"", ""Outdoor shower"", ""TV"", ""Safe"", ""Blender"", ""Microwave"", ""Coffee"", ""Free parking on premises"", ""Self check-in"", ""Fire extinguisher"", ""Smoke alarm"", ""Exterior security cameras on property"", ""Coffee maker""]",$353.00,1,365,t,8,26,47,294,2025-03-23,61,33,0,213,45,198,69894.0,2023-08-17,2025-02-12,4.97,5.0,4.98,4.93,4.98,4.85,4.92,,t,7
2514,2514,previous scrape,Arnold's Guesthouse Family Room,,524463442,2023-07-08,within a day,75%,t,"['email', 'phone']",t,t,Cayo,Cayo,17.1560955,-89.0715228,Private room in guesthouse,Private room,4,,1.0,,"[""Fire extinguisher"", ""Smoke alarm"", ""Pets allowed"", ""Air conditioning"", ""Exterior security cameras on property"", ""Wifi"", ""Carbon monoxide alarm""]",,1,60,t,13,41,68,245,2025-03-23,6,4,0,245,5,24,,2023-09-27,2024-10-30,5.0,4.83,5.0,5.0,5.0,4.83,5.0,,f,4
2515,2515,city scrape,Arnolds Guesthouse Deluxe Double,,524463442,2023-07-08,within a day,75%,t,"['email', 'phone']",t,t,Cayo,Cayo,17.1560955,-89.0715228,Private room in home,Private room,2,1.0,1.0,1.0,"[""Luggage dropoff allowed"", ""Conditioner"", ""Smoke alarm"", ""Clothing storage: dresser"", ""Refrigerator"", ""Air conditioning"", ""Bed linens"", ""Hot water"", ""Exterior security cameras on property"", ""Laundromat nearby"", ""Wifi"", ""Housekeeping available 6 hours a day, every day - included with your stay"", ""Private entrance"", ""Shampoo"", ""Body soap"", ""Carbon monoxide alarm"", ""Long term stays allowed""]",$118.00,1,365,t,12,41,71,251,2025-03-23,32,10,0,251,26,60,7080.0,2023-11-21,2025-02-09,4.81,4.91,4.81,4.84,4.91,4.94,4.91,,f,4
2516,2516,previous scrape,Arnolds Guesthouse Family Room 2,,524463442,2023-07-08,within a day,75%,t,"['email', 'phone']",t,t,Cayo,Cayo,17.15567,-89.07221,Private room in guesthouse,Private room,4,,1.0,,"[""Dedicated workspace"", ""Air conditioning"", ""Bed linens"", ""Mini fridge"", ""Laundromat nearby"", ""Luggage dropoff allowed"", ""Window guards"", ""Hangers"", ""Hot water"", ""Wifi"", ""Shampoo"", ""Iron"", ""Dishes and silverware"", ""Carbon monoxide alarm"", ""Hammock"", ""Essentials"", ""Long term stays allowed"", ""Free street parking"", ""Cleaning available during stay"", ""Bathtub"", ""First aid kit"", ""Coffee"", ""Fire extinguisher"", ""Conditioner"", ""Smoke alarm"", ""Dining table"", ""Clothing storage: dresser"", ""Exterior security cameras on property"", ""Outdoor furniture"", ""Body soap""]",,1,365,t,11,36,63,237,2025-03-23,5,1,0,237,4,6,,2023-12-28,2024-12-30,5.0,4.8,5.0,5.0,5.0,5.0,5.0,,f,4
2517,2517,city scrape,Oceanview Pool & Beach Walkout Villa - Condo B1,"Tara Del Sol is located in a safe and quiet neighborhood, at the end of a ""cul-de-sac."" Very little traffic passes through this neighborhood, making it a perfect place for families and people looking for tranquillity.<br /><br />- Some Place South is a fantastic restaurant with an incredible mimosa bar just a short minute's walk from Tara Del Sol. <br />- There is a convenience store around the corner of the resort <br />- Island Wonder is a beach club located less than a 5-minute walk from the resort<br />- La Fonda De Nilo is an Argentinian Steak House located close to the resort<br /><br />There are many more restaurants, bars, stores, tour operators, and more located close to Tara Del Sol",402636567,2021-05-20,within an hour,100%,t,"['email', 'phone']",t,t,Belize Islands,Belize,17.8926,-87.98009,Entire condo,Entire home/apt,4,2.0,2.0,3.0,"[""Boat slip"", ""Extra pillows and blankets"", ""Babysitter recommendations"", ""Bed linens"", ""Eco Botanics shampoo"", ""Kitchen"", ""Wine glasses"", ""Laundromat nearby"", ""Kayak"", ""Luggage dropoff allowed"", ""Hair dryer"", ""Toaster"", ""Outdoor dining area"", ""Shared BBQ grill: charcoal"", ""Waterfront"", ""GE stainless steel double oven"", ""Board games"", ""Cooking basics"", ""Ocean view"", ""Shared outdoor pool - available all year, open specific hours, pool toys"", ""Free dryer \u2013 In unit"", ""Hangers"", ""Hot water"", ""Central air conditioning"", ""Resort view"", ""Wifi"", ""Room-darkening shades"", ""Iron"", ""Dishes and silverware"", ""Hammock"", ""Pack \u2019n play/Travel crib - always at the listing"", ""Essentials"", ""Long term stays allowed"", ""Free street parking"", ""Shower gel"", ""Private patio or balcony"", ""Bathtub"", ""First aid kit"", ""Baking sheet"", ""Free washer \u2013 In unit"", ""Coffee maker: drip coffee maker"", ""Books and reading material"", ""Eco Botanics conditioner"", ""TV"", ""Single level home"", ""Safe"", ""Blender"", ""Pool view"", ""Beach access \u2013 Beachfront"", ""Microwave"", ""Free parking on premises"", ""Clothing storage: closet, wardrobe, and dresser"", ""GE refrigerator"", ""Dishwasher"", ""Beach essentials"", ""Fire extinguisher"", ""Sun loungers"", ""Freezer"", ""Beach view"", ""Eco Botanics body soap"", ""Self check-in"", ""Smoke alarm"", ""Dining table"", ""Building staff"", ""Sea view"", ""Outdoor furniture"", ""GE stainless steel gas stove"", ""Private entrance"", ""Ceiling fan"", ""Garden view""]",$531.00,1,365,t,13,29,57,304,2025-03-23,21,14,1,223,15,84,44604.0,2023-10-18,2025-03-01,4.9,4.95,5.0,5.0,4.9,4.95,4.95,,t,23
2519,2519,city scrape,Sunset Del Mar1/airport/AC/Ocean,,484321767,2022-10-19,within an hour,100%,f,"['email', 'phone']",t,t,Belize Mainland,Belize,17.562654787107984,-88.28867746070499,Entire home,Entire home/apt,2,1.0,1.0,1.0,"[""Backyard"", ""Air conditioning"", ""Bed linens"", ""Mini fridge"", ""Wine glasses"", ""Luggage dropoff allowed"", ""Toaster"", ""Lake access"", ""Waterfront"", ""Hangers"", ""Hot water"", ""Wifi"", ""Hammock"", ""Iron"", ""Dishes and silverware"", ""Essentials"", ""Long term stays allowed"", ""Free street parking"", ""Patio or balcony"", ""TV"", ""Coffee"", ""Microwave"", ""Free parking on premises"", ""Kitchenette"", ""Clothing storage"", ""Exterior security cameras on property"", ""Outdoor furniture"", ""Private entrance"", ""Ceiling fan"", ""Coffee maker""]",$182.00,1,365,t,30,60,90,315,2025-03-23,2,1,0,284,1,6,1092.0,2024-02-01,2025-02-10,5.0,5.0,5.0,5.0,5.0,5.0,5.0,,f,3
2527,2527,city scrape,"Ceiba Beach Resort, 2 BR Condo",,465032252,2022-06-19,within an hour,100%,f,"['email', 'phone']",t,t,Stann Creek Mainland,Stann Creek,16.614180926618488,-88.35348542327881,Room in hotel,Private room,4,1.0,2.0,2.0,"[""Fire extinguisher"", ""Smoke alarm"", ""First aid kit"", ""TV"", ""Air conditioning"", ""Pool"", ""Wifi"", ""Beach access \u2013 Beachfront"", ""Free parking on premises"", ""Outdoor dining area""]",$533.00,1,365,t,28,58,88,277,2025-03-23,1,0,0,272,1,0,0.0,2024-02-13,2024-02-13,5.0,5.0,5.0,5.0,5.0,5.0,5.0,,t,7
2528,2528,city scrape,"Ceiba Beach Resort, 1 BR Condo",,465032252,2022-06-19,within an hour,100%,f,"['email', 'phone']",t,t,Stann Creek Mainland,Stann Creek,16.61433,-88.35371,Room in hotel,Private room,2,1.0,1.0,1.0,"[""Air conditioning"", ""Bed linens"", ""Wine glasses"", ""Cooking basics"", ""Hangers"", ""Hot water"", ""Pool"", ""Wifi"", ""Coffee maker"", ""Host greets you"", ""Refrigerator"", ""Shampoo"", ""Dishes and silverware"", ""Essentials"", ""Cleaning available during stay"", ""First aid kit"", ""Patio or balcony"", ""Beach access \u2013 Beachfront"", ""Free parking on premises"", ""Fire extinguisher"", ""Conditioner"", ""Smoke alarm"", ""Clothing storage"", ""Body soap"", ""Private entrance"", ""TV with standard cable""]",$433.00,1,365,t,30,60,90,279,2025-03-23,0,0,0,274,0,0,0.0,,,,,,,,,,,t,7
2533,2533,city scrape,Tuquil-HA,"We love living at Tuquil-HA, and here's why:<br /><br />Peaceful Serenity: Tuquil-HA offers a tranquil and serene environment that's perfect for unwinding and escaping the hustle and bustle of city life. The peaceful surroundings create a sense of calm and relaxation.<br /><br />Natural Beauty: The expansive grounds and beautiful water pond system make our location truly special. We take pride in the lush greenery and vibrant plants that adorn the property, creating a picturesque setting for our guests to enjoy.<br /><br />Safe and Secure: Tuquil-HA is known for its safety and security. We feel confident in the safety of our neighborhood, ensuring a worry-free and enjoyable experience for our guests.<br /><br />Proximity to Belize City: Being near the old capital, Belize City, allows our guests to easily explore its historical sites, cultural attractions, and vibrant atmosphere. It's a convenient gateway to experiencing Belize's rich heritage.<br /><br />Warm Hospitality: Our welcoming",535077272,2023-09-01,within an hour,100%,t,"['email', 'phone']",t,t,Belize Mainland,Belize,17.56103,-88.30954,Entire home,Entire home/apt,2,1.0,1.0,1.0,"[""BBQ grill"", ""High chair"", ""Free dryer \u2013 In building"", ""Dedicated workspace"", ""Backyard"", ""Extra pillows and blankets"", ""Bed linens"", ""Exercise equipment"", ""Mini fridge"", ""Kitchen"", ""Wine glasses"", ""Kayak"", ""Belizean hand made body soap"", ""Luggage dropoff allowed"", ""Hair dryer"", ""Cleaning products"", ""Toaster"", ""Outdoor dining area"", ""Lake access"", ""Waterfront"", ""Cooking basics"", ""Keypad"", ""Pets allowed"", ""Free washer \u2013 In building"", ""Hangers"", ""Hot water"", ""Wifi"", ""Coffee maker"", ""Refrigerator"", ""Iron"", ""Dishes and silverware"", ""Hammock"", ""Essentials"", ""Long term stays allowed"", ""Gas stove"", ""Cleaning available during stay"", ""Barbecue utensils"", ""First aid kit"", ""Single level home"", ""Shared patio or balcony"", ""Books and reading material"", ""TV"", ""Canal view"", ""Safe"", ""Shared outdoor pool - available all year, open 24 hours"", ""Microwave"", ""Coffee"", ""Free parking on premises"", ""Self check-in"", ""Fire extinguisher"", ""Smoke alarm"", ""Dining table"", ""AC - split type ductless system"", ""Exterior security cameras on property"", ""Mabe stainless steel oven"", ""Private entrance"", ""Ceiling fan"", ""Garden view""]",$176.00,1,1125,t,30,60,90,179,2025-03-23,53,30,3,179,36,180,31680.0,2023-09-28,2025-03-02,5.0,4.98,5.0,4.96,4.98,4.87,4.98,,f,3
2534,2534,city scrape,Reef Sunrise,,532582150,2023-08-18,within an hour,100%,f,"['email', 'phone']",t,t,Belize Islands,Belize,17.76835,-88.02552,Entire rental unit,Entire home/apt,4,2.0,2.0,2.0,"[""Air conditioning"", ""Bed linens"", ""Exercise equipment"", ""Shared BBQ grill: gas"", ""Kitchen"", ""Wine glasses"", ""Kayak"", ""Hair dryer"", ""Resort access"", ""Stove"", ""Toaster"", ""Waterfront"", ""Cooking basics"", ""Washer"", ""Free dryer \u2013 In unit"", ""Hangers"", ""Hot water"", ""Oven"", ""Wifi"", ""Coffee maker: Keurig coffee machine"", ""Room-darkening shades"", ""Shampoo"", ""Iron"", ""Refrigerator"", ""Dishes and silverware"", ""Essentials"", ""Heating"", ""Long term stays allowed"", ""Shower gel"", ""Cleaning available during stay"", ""Bikes"", ""Outdoor shower"", ""TV"", ""Patio or balcony"", ""Safe"", ""Blender"", ""Pool view"", ""Beach access \u2013 Beachfront"", ""Microwave"", ""Free parking on premises"", ""Self check-in"", ""Sun loungers"", ""Freezer"", ""Beach view"", ""Building staff"", ""Conditioner"", ""Smoke alarm"", ""Dining table"", ""Shared pool"", ""Sea view"", ""Clothing storage"", ""Body soap""]",$590.00,3,365,t,13,38,56,206,2025-03-23,10,8,1,206,8,48,28320.0,2024-01-23,2025-03-06,5.0,5.0,5.0,5.0,5.0,4.9,4.9,,f,1
2536,2536,city scrape,Explore Green Rock: Cabins & Nature Tours,,536128754,2023-09-08,within an hour,100%,f,"['email', 'phone']",t,t,Cayo,Cayo,17.2778,-88.63696,Private room in nature lodge,Private room,6,2.0,3.0,2.0,"[""BBQ grill"", ""Backyard"", ""Extra pillows and blankets"", ""Air conditioning"", ""Bed linens"", ""Mini fridge"", ""Kitchen"", ""Wine glasses"", ""Hair dryer"", ""Cleaning products"", ""Stove"", ""Toaster"", ""Outdoor dining area"", ""Board games"", ""Cooking basics"", ""Hangers"", ""Hot water"", ""Pool"", ""Wifi"", ""Shampoo"", ""Iron"", ""Dishes and silverware"", ""Rice maker"", ""Shower gel"", ""Barbecue utensils"", ""First aid kit"", ""Outdoor shower"", ""TV"", ""Books and reading material"", ""Safe"", ""Blender"", ""Fire pit"", ""Microwave"", ""Coffee"", ""Free parking on premises"", ""Self check-in"", ""Sun loungers"", ""Fire extinguisher"", ""Freezer"", ""Building staff"", ""Conditioner"", ""Smoke alarm"", ""Clothing storage"", ""Exterior security cameras on property"", ""Body soap"", ""Coffee maker""]",$245.00,1,365,t,29,59,89,89,2025-03-23,3,1,0,89,0,6,1470.0,2023-12-02,2025-01-28,4.67,4.33,4.67,4.67,5.0,5.0,5.0,,f,3
2541,2541,previous scrape,La Hacienda Belize   Jungle House,,536790603,2023-09-12,within an hour,100%,f,['phone'],t,t,Cayo,Cayo,16.959114819593648,-89.04844544827938,Entire home,Entire home/apt,6,,2.0,,"[""BBQ grill"", ""Dedicated workspace"", ""Extra pillows and blankets"", ""Babysitter recommendations"", ""Smoking allowed"", ""Bed linens"", ""Mini fridge"", ""Kitchen"", ""Wine glasses"", ""Laundromat nearby"", ""Luggage dropoff allowed"", ""Hair dryer"", ""Cleaning products"", ""Toaster"", ""Outdoor dining area"", ""Lake access"", ""Waterfront"", ""Dryer"", ""Board games"", ""Cooking basics"", ""Breakfast"", ""Hangers"", ""Hot water"", ""Skate ramp"", ""Portable fans"", ""Wifi"", ""Room-darkening shades"", ""Iron"", ""Dishes and silverware"", ""Hammock"", ""Hot water kettle"", ""Essentials"", ""Gas stove"", ""Mabe stainless steel double oven"", ""Barbecue utensils"", ""First aid kit"", ""Baking sheet"", ""Coffee maker: drip coffee maker"", ""Books and reading material"", ""Patio or balcony"", ""Mabe refrigerator"", ""Safe"", ""Blender"", ""Housekeeping - included with your stay"", ""Beach access \u2013 Beachfront"", ""Coffee"", ""Free parking on premises"", ""Self check-in"", ""Free washer"", ""Fire extinguisher"", ""Freezer"", ""Building staff"", ""Mosquito net"", ""Smoke alarm"", ""Dining table"", ""Drying rack for clothing"", ""Clothing storage"", ""Trash compactor"", ""Outdoor furniture"", ""Body soap"", ""Private entrance"", ""Ceiling fan""]",,2,365,t,24,54,84,351,2025-03-23,6,5,3,270,1,30,,2024-03-20,2025-03-13,5.0,5.0,5.0,4.5,5.0,4.83,5.0,,f,2
2543,2543,previous scrape,Sanctuary at Paslow Falls-Belize,,408053114,2021-06-19,within an hour,100%,t,"['email', 'phone']",t,t,Cayo,Cayo,17.15571492652082,-89.13306366849707,Entire home,Entire home/apt,6,,2.0,,"[""BBQ grill"", ""Free dryer \u2013 In building"", ""Dedicated workspace"", ""Extra pillows and blankets"", ""Bed linens"", ""Mini fridge"", ""Kitchen"", ""Wine glasses"", ""Kayak"", ""Hair dryer"", ""Cleaning products"", ""Toaster"", ""Outdoor dining area"", ""Waterfront"", ""Board games"", ""Cooking basics"", ""Free washer \u2013 In building"", ""Hangers"", ""Hot water"", ""Wifi"", ""Room-darkening shades"", ""Shampoo"", ""Iron"", ""Carbon monoxide alarm"", ""Refrigerator"", ""Dishes and silverware"", ""Essentials"", ""Hammock"", ""Gas stove"", ""Shower gel"", ""Long term stays allowed"", ""Cleaning available during stay"", ""Barbecue utensils"", ""Private patio or balcony"", ""Bathtub"", ""First aid kit"", ""Baking sheet"", ""Single level home"", ""50 inch HDTV with Disney+, Netflix, Roku"", ""Outdoor shower"", ""Children\u2019s dinnerware"", ""Stainless steel oven"", ""Coffee maker: drip coffee maker"", ""Safe"", ""Private backyard"", ""Blender"", ""Private outdoor pool - available all year, open 24 hours, infinity, pool toys, saltwater, water slide"", ""Microwave"", ""Free parking on premises"", ""Clothing storage: closet, wardrobe, and dresser"", ""Dishwasher"", ""Fire extinguisher"", ""Freezer"", ""Conditioner"", ""Smoke alarm"", ""Dining table"", ""AC - split type ductless system"", ""Exterior security cameras on property"", ""Outdoor furniture"", ""Body soap"", ""Ceiling fan""]",,1,1125,t,8,35,55,323,2025-03-23,11,9,0,242,10,54,,2023-11-05,2024-12-28,5.0,5.0,5.0,5.0,5.0,4.91,4.91,,t,1
2544,2544,city scrape,"Mountain View Family Home in Town, 5Star Food Near","Our home's location couldn't be more convenient. Situated within the town of San Ignacio Cayo, you're just a short walk from stores, restaurants serving authentic Belizean cuisine, and the vibrant heart of town. Nearby, discover attractions such as Mayan ruins, thrilling jungle zip-lining, and tranquil river cruises. Everything you need for a memorable Belizean adventure is right at your doorstep.",462323256,2022-06-03,within an hour,100%,t,"['email', 'phone']",t,t,Cayo,Cayo,17.154598443393542,-89.07801512628794,Entire home,Entire home/apt,7,2.0,3.0,4.0,"[""BBQ grill"", ""Ethernet connection"", ""Dedicated workspace"", ""Backyard"", ""Extra pillows and blankets"", ""Babysitter recommendations"", ""Air conditioning"", ""Bed linens"", ""Kitchen"", ""Wine glasses"", ""Laundromat nearby"", ""Luggage dropoff allowed"", ""Hair dryer"", ""Cleaning products"", ""Bluetooth sound system"", ""Stove"", ""Toaster"", ""Window guards"", ""Board games"", ""Washer"", ""Cooking basics"", ""Breakfast"", ""Free dryer \u2013 In unit"", ""Hangers"", ""Hot water"", ""Oven"", ""Portable fans"", ""Wifi"", ""Shampoo"", ""Iron"", ""Refrigerator"", ""Children\u2019s books and toys for ages 2-5 years old, 5-10 years old, and 10+ years old"", ""Dishes and silverware"", ""Hot water kettle"", ""Essentials"", ""Rice maker"", ""Hammock"", ""Shower gel"", ""Free street parking"", ""Long term stays allowed"", ""Barbecue utensils"", ""Private patio or balcony"", ""First aid kit"", ""Baking sheet"", ""Single level home"", ""Children\u2019s dinnerware"", ""Mountain view"", ""TV"", ""Books and reading material"", ""Coffee maker: drip coffee maker"", ""Blender"", ""Microwave"", ""Coffee"", ""Lockbox"", ""Free parking on premises"", ""Clothing storage: closet and dresser"", ""Self check-in"", ""Freezer"", ""Housekeeping available 4 hours a day, every day - available at extra cost"", ""Conditioner"", ""Dining table"", ""Drying rack for clothing"", ""Outdoor furniture"", ""Body soap"", ""Private entrance""]",$254.00,1,60,t,11,41,68,162,2025-03-23,32,20,0,162,18,120,30480.0,2023-10-08,2025-02-18,4.84,4.91,4.84,4.91,4.94,4.75,4.84,,t,3
2545,2545,city scrape,Nona's Place Belize City Apt 5,,539070196,2023-09-26,within an hour,100%,t,"['email', 'phone']",t,t,Belize Mainland,Belize,17.495223781192916,-88.18323550503234,Entire rental unit,Entire home/apt,3,1.0,1.0,3.0,"[""Fire extinguisher"", ""Dedicated workspace"", ""Smoke alarm"", ""First aid kit"", ""Air conditioning"", ""Hangers"", ""Exterior security cameras on property"", ""Mini fridge"", ""Wifi"", ""Free driveway parking on premises"", ""Host greets you"", ""Iron"", ""Microwave"", ""Paid washer"", ""Outdoor dining area""]",$215.00,1,365,t,29,56,86,266,2025-03-23,29,19,3,266,16,114,24510.0,2023-11-22,2025-03-17,4.79,4.76,4.86,4.83,5.0,4.59,4.66,,f,10
2547,2547,city scrape,"Cozy Apt, close to airport, A/C",,466051139,2022-06-25,within an hour,100%,t,"['email', 'phone']",t,t,Belize Mainland,Belize,17.55633,-88.31222,Entire rental unit,Entire home/apt,2,1.0,1.0,1.0,"[""BBQ grill"", ""Air conditioning"", ""Bed linens"", ""Kitchen"", ""Wine glasses"", ""Cleaning products"", ""Stove"", ""Dryer"", ""Cooking basics"", ""Washer"", ""Hangers"", ""Hot water"", ""Portable fans"", ""Wifi"", ""Host greets you"", ""Shampoo"", ""Iron"", ""Refrigerator"", ""Dishes and silverware"", ""Essentials"", ""Long term stays allowed"", ""Shower gel"", ""Bathtub"", ""First aid kit"", ""Patio or balcony"", ""TV"", ""Blender"", ""Microwave"", ""Coffee"", ""Free parking on premises"", ""Self check-in"", ""Fire extinguisher"", ""Building staff"", ""Conditioner"", ""Smoke alarm"", ""Dining table"", ""Clothing storage"", ""Exterior security cameras on property"", ""Outdoor furniture"", ""Body soap"", ""Private entrance"", ""Ceiling fan"", ""Coffee maker""]",$187.00,1,1125,t,16,45,75,254,2025-03-23,8,3,0,254,0,18,3366.0,2023-10-05,2025-02-09,5.0,5.0,5.0,5.0,5.0,4.63,5.0,,t,4
2548,2548,city scrape,Full Belizean Cabin,"This property is located in Duck Run 2, Cayo, just outside the thriving farming community of Spanish Lookout.<br /> <br />You will be within a 5 to 10 minute drive of all the major eateries and shopping in the area.  We provide more info about your restaurant choices in our guestbook.<br /><br />Located in the heart of Belize, most of the major tourist attractions are easily accessible within an hour's drive.  We are also close to Guatemala, should you decide to hop over the border for a day trip to the magnificent Tikal Maya ruins.  If you need assistance with information for booking tours, please feel free to reach out to us.  Adventure awaits!",539263081,2023-09-27,within an hour,100%,t,"['email', 'phone']",t,t,Cayo,Cayo,17.24229,-89.02733,Entire cabin,Entire home/apt,2,1.0,1.0,1.0,"[""Air conditioning"", ""Heating - split type ductless system"", ""Bed linens"", ""Kitchen"", ""Laundromat nearby"", ""Hair dryer"", ""Cooking basics"", ""Hangers"", ""Hot water"", ""Wifi"", ""Coffee maker: Keurig coffee machine"", ""Refrigerator"", ""Room-darkening shades"", ""Iron"", ""Dishes and silverware"", ""Host greets you"", ""Essentials"", ""Long term stays allowed"", ""Gas stove"", ""Free street parking"", ""First aid kit"", ""TV"", ""Courtyard view"", ""Free parking on premises"", ""Fire extinguisher"", ""Private entrance"", ""Ceiling fan"", ""Garden view"", ""Clothing storage: closet""]",$117.00,2,1125,t,20,50,80,259,2025-03-23,10,6,0,259,5,36,4212.0,2023-12-16,2025-02-16,4.9,4.9,4.8,4.9,4.8,4.9,4.9,,t,4
2552,2552,city scrape,Tuba Bini,,540092879,2023-10-02,within an hour,60%,f,['phone'],t,t,Stann Creek Mainland,Stann Creek,16.8534596,-88.2813944,Entire home,Entire home/apt,4,1.0,0.0,3.0,"[""BBQ grill"", ""Fire extinguisher"", ""Body soap"", ""Smoke alarm"", ""First aid kit"", ""Air conditioning"", ""Noise decibel monitors on property"", ""Exterior security cameras on property"", ""Hot water"", ""Wifi"", ""Kitchen"", ""Paid parking on premises"", ""Mountain view"", ""Outdoor dining area""]",$308.00,2,12,t,30,60,90,270,2025-03-23,4,2,0,270,1,12,3696.0,2023-11-18,2025-02-15,3.0,3.0,3.0,3.0,3.0,3.0,3.0,,t,1
2557,2557,city scrape,Sugar Coral Condo with Oceanfront Balcony and Pool,"San Pedro, is a tropical jewel that seamlessly combines stunning natural beauty with rich cultural experiences. Its pristine beaches, world-class diving at the Belize Barrier Reef, and diverse marine life draw adventure seekers, while the island's laid-back vibe, delicious cuisine, and welcoming locals provide a unique blend of relaxation and cultural immersion. Whether you're exploring underwater wonders, savoring local flavors, or simply basking in the sun, San Pedro offers an unforgettable Caribbean escape.",540538942,2023-10-05,within an hour,100%,t,"['email', 'phone']",t,t,Belize Islands,Belize,17.927098684122,-87.95819525396729,Entire rental unit,Entire home/apt,4,2.0,2.0,2.0,"[""Dedicated workspace"", ""Extra pillows and blankets"", ""Air conditioning"", ""Bed linens"", ""Shared outdoor pool - available all year"", ""Kitchen"", ""Hair dryer"", ""Stove"", ""Toaster"", ""Waterfront"", ""Cooking basics"", ""Smart lock"", ""Ocean view"", ""Free dryer \u2013 In unit"", ""Hangers"", ""Hot water"", ""Oven"", ""Shampoo"", ""Refrigerator"", ""Dishes and silverware"", ""Essentials"", ""Heating"", ""Shower gel"", ""Private patio or balcony"", ""Bathtub"", ""First aid kit"", ""Free washer \u2013 In unit"", ""Books and reading material"", ""TV"", ""Safe"", ""Blender"", ""Pool view"", ""Beach access \u2013 Beachfront"", ""Microwave"", ""Coffee"", ""Wifi \u2013 25 Mbps"", ""Free parking on premises"", ""Self check-in"", ""Fire extinguisher"", ""Freezer"", ""Beach view"", ""Smoke alarm"", ""Dining table"", ""Clothing storage"", ""Exterior security cameras on property"", ""Outdoor furniture"", ""Body soap"", ""Ceiling fan"", ""Coffee maker""]",$372.00,3,30,t,10,30,53,283,2025-03-23,38,30,4,203,26,180,66960.0,2023-12-20,2025-03-18,4.97,4.95,4.95,4.97,4.97,4.97,4.92,,t,1
2558,2558,previous scrape,"Eco Jungle Lodge: Lux, Fireplace, Waterfall Shower","Hidden Valley Wilderness Reserve: Luxurious eco-resort in Belize's Mountain Pine Ridge. Amidst lush forests, waterfalls, and hills, ideal for nature lovers and adventurers. 7200 private acres for hiking, bird watching, mountain biking, and waterfall swimming. Perfect for a rejuvenating Belize vacation.",540658612,2023-10-06,within an hour,100%,f,"['email', 'phone']",t,t,Cayo,Cayo,17.04789,-88.89868,Private room in nature lodge,Private room,2,,1.0,,"[""High chair"", ""Outdoor playground"", ""Dedicated workspace"", ""Extra pillows and blankets"", ""Babysitter recommendations"", ""Bed linens"", ""Indoor fireplace: wood-burning"", ""Wine glasses"", ""Laundromat nearby"", ""Host greets you"", ""Luggage dropoff allowed"", ""Cleaning products"", ""Fireplace guards"", ""Outdoor dining area"", ""Lake access"", ""Board games"", ""Breakfast"", ""Free resort access"", ""Pack \u2019n play/Travel crib - available upon request"", ""Hangers"", ""Hot water"", ""Resort view"", ""Portable fans"", ""Wifi"", ""Room-darkening shades"", ""Shampoo"", ""Dishes and silverware"", ""Carbon monoxide alarm"", ""Hammock"", ""Hot water kettle"", ""Essentials"", ""Heating"", ""Coffee maker: french press"", ""Shower gel"", ""Long term stays allowed"", ""Cleaning available during stay"", ""Private patio or balcony"", ""Bathtub"", ""First aid kit"", ""Bikes"", ""Single level home"", ""Outdoor shower"", ""Mountain view"", ""Books and reading material"", ""Safe"", ""Fire pit"", ""Coffee"", ""Shared hot tub - available all year, open specific hours"", ""Free parking on premises"", ""Sun loungers"", ""Fire extinguisher"", ""Shared outdoor pool - available all year, open specific hours"", ""Conditioner"", ""Mosquito net"", ""Smoke alarm"", ""Dining table"", ""Outdoor furniture"", ""Body soap"", ""Private entrance"", ""Ceiling fan"", ""Garden view"", ""Clothing storage: closet""]",,1,365,t,20,47,75,337,2025-03-23,0,0,0,259,0,0,,,,,,,,,,,,t,6
2560,2560,city scrape,Captain’s Suite Two stunning harbour view rooms,,480892285,2022-09-24,a few days or more,0%,f,"['email', 'phone']",t,t,Belize Mainland,Belize,17.49205,-88.18749,Room in hotel,Private room,5,4.0,7.0,3.0,"[""BBQ grill"", ""Dedicated workspace"", ""Extra pillows and blankets"", ""Babysitter recommendations"", ""Bed linens"", ""Mini fridge"", ""Dryer \u2013 In building"", ""Wine glasses"", ""Laundromat nearby"", ""Luggage dropoff allowed"", ""Hair dryer"", ""Dove conditioner"", ""Outdoor dining area"", ""Waterfront"", ""Dove body soap"", ""Hangers"", ""Hot water"", ""HDTV with HBO Max, premium cable"", ""Wifi"", ""Room-darkening shades"", ""Shampoo"", ""Iron"", ""Dishes and silverware"", ""Essentials"", ""Heating"", ""Standalone high chair - always at the listing"", ""Shower gel"", ""Free street parking"", ""Cleaning available during stay"", ""Barbecue utensils"", ""First aid kit"", ""Shared patio or balcony"", ""Coffee maker: drip coffee maker"", ""Books and reading material"", ""Safe"", ""Microwave"", ""Coffee"", ""Free parking on premises"", ""Self check-in"", ""Fire extinguisher"", ""Building staff"", ""Smoke alarm"", ""Kitchenette"", ""AC - split type ductless system"", ""Drying rack for clothing"", ""Exterior security cameras on property"", ""Outdoor furniture"", ""Paid washer \u2013 In building"", ""Children\u2019s books and toys for ages 2-5 years old and 5-10 years old"", ""Clothing storage: closet""]",$504.00,1,30,t,25,52,82,172,2025-03-23,14,10,0,172,13,60,30240.0,2023-12-20,2024-12-22,4.93,5.0,5.0,4.93,4.86,4.86,4.93,,f,2
2561,2561,previous scrape,Fire Tower (Adults Only),,540658612,2023-10-06,within an hour,100%,f,"['email', 'phone']",t,t,Cayo,Cayo,17.04845,-88.9003,Private room in nature lodge,Private room,2,,1.0,,"[""Extra pillows and blankets"", ""Bed linens"", ""Mini fridge"", ""Valley view"", ""Indoor fireplace: wood-burning"", ""Wine glasses"", ""Laundromat nearby"", ""Luggage dropoff allowed"", ""Outdoor dining area"", ""Lake access"", ""Breakfast"", ""Free resort access"", ""Hangers"", ""Hot water"", ""Resort view"", ""Portable fans"", ""Wifi"", ""Room-darkening shades"", ""Shampoo"", ""Dishes and silverware"", ""Carbon monoxide alarm"", ""Host greets you"", ""Hot water kettle"", ""Essentials"", ""Heating"", ""Coffee maker: french press"", ""Shower gel"", ""Long term stays allowed"", ""Cleaning available during stay"", ""Private patio or balcony"", ""Bathtub"", ""First aid kit"", ""Bikes"", ""Single level home"", ""Books and reading material"", ""Mountain view"", ""Safe"", ""Fire pit"", ""Microwave"", ""Coffee"", ""Shared hot tub - available all year, open specific hours"", ""Free parking on premises"", ""Sun loungers"", ""Fire extinguisher"", ""Shared outdoor pool - available all year, open specific hours"", ""Conditioner"", ""Mosquito net"", ""Smoke alarm"", ""Kitchenette"", ""AC - split type ductless system"", ""Outdoor furniture"", ""Body soap"", ""Private entrance"", ""Ceiling fan"", ""Clothing storage: closet""]",,1,365,t,22,49,74,344,2025-03-23,0,0,0,266,0,0,,,,,,,,,,,,t,6
2562,2562,city scrape,Coral Sunset Camp,"An island 14 miles from Dangriga, near the reef",541281595,2023-10-10,within a few hours,100%,f,['phone'],t,t,Stann Creek Islands,Stann Creek,17.0882,-88.03787,Entire cabin,Entire home/apt,5,1.0,1.0,3.0,"[""BBQ grill"", ""Ocean view"", ""Outdoor shower"", ""Air conditioning"", ""Exterior security cameras on property"", ""Mini fridge"", ""Wifi"", ""Kitchen"", ""Kayak"", ""Beach access \u2013 Beachfront"", ""Dishes and silverware"", ""Stove"", ""Outdoor dining area""]",$225.00,1,365,t,30,60,90,269,2025-03-23,0,0,0,269,0,0,0.0,,,,,,,,,,,f,1
2564,2564,city scrape,Nona’s Place Belize City Apt 2,,539070196,2023-09-26,within an hour,100%,t,"['email', 'phone']",t,t,Belize Mainland,Belize,17.49464,-88.18371,Entire rental unit,Entire home/apt,2,1.0,1.0,1.0,"[""Dedicated workspace"", ""Air conditioning"", ""Bed linens"", ""Mini fridge"", ""Hair dryer"", ""Hangers"", ""Hot water"", ""Wifi"", ""Host greets you"", ""Iron"", ""Dishes and silverware"", ""Paid dryer \u2013 In building"", ""Essentials"", ""Microwave"", ""Free parking on premises"", ""Fire extinguisher"", ""Smoke alarm"", ""Kitchenette"", ""Exterior security cameras on property"", ""Paid washer \u2013 In building"", ""Body soap""]",$190.00,1,1125,t,30,58,88,268,2025-03-23,35,19,2,268,26,114,21660.0,2023-10-19,2025-03-06,4.94,5.0,5.0,4.94,5.0,4.74,4.71,,t,10
2566,2566,city scrape,Tuquil-HA,"Our property is nestled in the scenic Lake Garden community on Lake View Drive. As you approach, you'll be greeted by a stunning row of majestic Royal Palm trees that line the perimeter, creating a serene and tropical ambiance. The entrance features a sleek black gate with our Airbnb sign clearly displayed at the front, making it easy to find. This peaceful retreat offers a beautiful natural setting, perfect for unwinding and enjoying the surrounding beauty.",535077272,2023-09-01,within an hour,100%,t,"['email', 'phone']",t,t,Belize Mainland,Belize,17.56142,-88.3104,Private room in home,Private room,2,1.0,1.0,1.0,"[""BBQ grill"", ""Free dryer \u2013 In building"", ""Boat slip"", ""Dedicated workspace"", ""Extra pillows and blankets"", ""Air conditioning"", ""Bed linens"", ""Exercise equipment"", ""Mini fridge"", ""Luggage dropoff allowed"", ""Hair dryer"", ""Cleaning products"", ""Outdoor dining area"", ""Lake access"", ""Waterfront"", ""Lock on bedroom door"", ""Board games"", ""Keypad"", ""Pets allowed"", ""Free washer \u2013 In building"", ""Hangers"", ""Hot water"", ""Wifi"", ""Iron"", ""Outlet covers"", ""Essentials"", ""Private backyard \u2013 Fully fenced"", ""Long term stays allowed"", ""Locally made  body soap"", ""Cleaning available during stay"", ""Barbecue utensils"", ""First aid kit"", ""Single level home"", ""Coffee maker: drip coffee maker"", ""Books and reading material"", ""TV"", ""Patio or balcony"", ""Canal view"", ""Safe"", ""Shared outdoor pool - available all year, open 24 hours"", ""Microwave"", ""Coffee"", ""Free parking on premises"", ""Self check-in"", ""Fire extinguisher"", ""Smoke alarm"", ""Exterior security cameras on property"", ""Outdoor furniture"", ""Private entrance"", ""Ceiling fan"", ""Garden view""]",$153.00,1,1125,t,30,60,90,269,2025-03-23,49,38,1,269,32,228,34884.0,2023-11-23,2025-03-04,4.98,5.0,5.0,4.92,5.0,4.78,4.94,,t,3
2567,2567,city scrape,Nona's Place Belize City Apt 3,,539070196,2023-09-26,within an hour,100%,t,"['email', 'phone']",t,t,Belize Mainland,Belize,17.495203316108313,-88.18323014061431,Entire rental unit,Entire home/apt,2,1.0,1.0,1.0,"[""Dedicated workspace"", ""Air conditioning"", ""Bed linens"", ""Mini fridge"", ""Paid dryer"", ""Hair dryer"", ""Luggage dropoff allowed"", ""Paid washer"", ""Hangers"", ""Hot water"", ""Wifi"", ""Host greets you"", ""Iron"", ""Dishes and silverware"", ""Essentials"", ""First aid kit"", ""Microwave"", ""Fire extinguisher"", ""Smoke alarm"", ""Kitchenette"", ""Exterior security cameras on property"", ""Free driveway parking on premises"", ""Body soap""]",$190.00,1,365,t,30,60,90,270,2025-03-23,13,4,0,270,13,24,4560.0,2024-01-13,2024-12-15,4.85,5.0,5.0,4.92,5.0,4.62,4.62,,t,10
2568,2568,city scrape,Nona's Place Belize City Apt 4,,539070196,2023-09-26,within an hour,100%,t,"['email', 'phone']",t,t,Belize Mainland,Belize,17.495193083565177,-88.18322477619628,Entire rental unit,Entire home/apt,2,1.0,1.0,1.0,"[""Dedicated workspace"", ""Air conditioning"", ""Bed linens"", ""Mini fridge"", ""Paid dryer"", ""Hair dryer"", ""Paid washer"", ""Hangers"", ""Hot water"", ""Wifi"", ""Host greets you"", ""Iron"", ""Dishes and silverware"", ""Essentials"", ""First aid kit"", ""Microwave"", ""Free parking on premises"", ""Fire extinguisher"", ""Smoke alarm"", ""Kitchenette"", ""Exterior security cameras on property"", ""Body soap""]",$190.00,1,365,t,30,60,90,270,2025-03-23,14,1,0,270,8,6,1140.0,2023-10-17,2024-06-22,4.79,4.86,4.79,5.0,5.0,4.5,4.57,,t,10
2569,2569,previous scrape,Valley View Villa,,540658612,2023-10-06,within an hour,100%,f,"['email', 'phone']",t,t,Cayo,Cayo,17.04978,-88.89971,Private room in nature lodge,Private room,4,,2.0,,"[""Outdoor playground"", ""Extra pillows and blankets"", ""Babysitter recommendations"", ""Bed linens"", ""Mini fridge"", ""Valley view"", ""Indoor fireplace: wood-burning"", ""Wine glasses"", ""Laundromat nearby"", ""Luggage dropoff allowed"", ""Cleaning products"", ""Fireplace guards"", ""Outdoor dining area"", ""Lake access"", ""Board games"", ""Breakfast"", ""Free resort access"", ""Pack \u2019n play/Travel crib - available upon request"", ""Hangers"", ""Hot water"", ""Portable fans"", ""Wifi"", ""Room-darkening shades"", ""Shampoo"", ""Dishes and silverware"", ""Hot water kettle"", ""Essentials"", ""Heating"", ""Coffee maker: french press"", ""Shower gel"", ""Long term stays allowed"", ""Cleaning available during stay"", ""Private patio or balcony"", ""First aid kit"", ""Bikes"", ""Single level home"", ""Outdoor shower"", ""Books and reading material"", ""Mountain view"", ""Safe"", ""Fire pit"", ""Microwave"", ""Coffee"", ""Shared hot tub - available all year, open specific hours"", ""Free parking on premises"", ""Sun loungers"", ""Fire extinguisher"", ""Private outdoor pool - available all year, open 24 hours, heated, infinity"", ""Conditioner"", ""Mosquito net"", ""Smoke alarm"", ""Dining table"", ""Kitchenette"", ""AC - split type ductless system"", ""Outdoor furniture"", ""Body soap"", ""Private entrance"", ""Ceiling fan"", ""Clothing storage: closet""]",,1,365,t,13,43,61,325,2025-03-23,0,0,0,247,0,0,,,,,,,,,,,,t,6
2570,2570,city scrape,Eco Jungle Lodge in Belize's Mountain Pine Ridge,"Hidden Valley Wilderness Lodge is a serene haven, a sprawling nature reserve with 7200 acres of private forest reserve, no neighbors. As you wind along the clay trail, the landscape transforms into a picturesque setting, revealing exotic flora, dreamy streams, heavenly natural pools, some of the most beautiful waterfalls in the region, and more.<br /><br />What truly sets our neighborhood apart is the vast 7,200 acre forest and 90+ miles (144+ km) of hiking trails, the largest private hiking network in the country. Our reserve is yours to explore both on your own or with passionate guides like Marvin or Vian. Wander along morning-dew-kissed botanical paths. Marvel at the Orange Breasted Falcon and the King Vultures nesting atop a waterfall during unique bird-watching experiences.<br /><br />Immerse yourself further by privatizing a waterfall for a romantic picnic or refreshing swim. Hidden Valley beckons you to connect intimately with nature, whether it's the lush setting of a sunset o",540658612,2023-10-06,within an hour,100%,f,"['email', 'phone']",t,t,Cayo,Cayo,17.0498,-88.89914,Private room in nature lodge,Private room,2,1.0,1.0,1.0,"[""High chair"", ""Outdoor playground"", ""Dedicated workspace"", ""Extra pillows and blankets"", ""Babysitter recommendations"", ""Bed linens"", ""Indoor fireplace: wood-burning"", ""Wine glasses"", ""Laundromat nearby"", ""Luggage dropoff allowed"", ""Hair dryer"", ""Cleaning products"", ""Crib - available upon request"", ""Shared hot tub"", ""Fireplace guards"", ""Outdoor dining area"", ""Lake access"", ""Hidden Valley's Custom All Natural & Organic Shampoo shampoo"", ""Board games"", ""Breakfast"", ""Hidden Valley's Custom All Natural & Organic Soap body soap"", ""Free resort access"", ""Pack \u2019n play/Travel crib - available upon request"", ""Hangers"", ""Hidden Valley's Custom All Natural & Organic Conditioner  conditioner"", ""Hot water"", ""Resort view"", ""Portable fans"", ""Wifi"", ""Room-darkening shades"", ""Iron"", ""Host greets you"", ""Carbon monoxide alarm"", ""Hot water kettle"", ""Essentials"", ""Coffee maker: french press"", ""Long term stays allowed"", ""Shower gel"", ""Cleaning available during stay"", ""First aid kit"", ""Bikes"", ""Single level home"", ""Children\u2019s dinnerware"", ""Books and reading material"", ""Changing table"", ""Safe"", ""Shared outdoor pool - available all year, open 24 hours"", ""Fire pit"", ""Coffee"", ""Free parking on premises"", ""Sun loungers"", ""Fire extinguisher"", ""Mosquito net"", ""Smoke alarm"", ""Dining table"", ""Children\u2019s books and toys for ages 0-2 years old, 2-5 years old, 5-10 years old, and 10+ years old"", ""Outdoor furniture"", ""Mountain view"", ""Private entrance"", ""Ceiling fan"", ""Garden view"", ""Clothing storage: closet""]",$383.00,1,365,t,29,59,89,359,2025-03-23,2,1,0,281,2,6,2298.0,2024-01-05,2024-04-23,5.0,5.0,5.0,5.0,5.0,5.0,5.0,,t,6
2571,2571,previous scrape,Valley View Villa Bedroom,,540658612,2023-10-06,within an hour,100%,f,"['email', 'phone']",t,t,Cayo,Cayo,17.04978,-88.89909,Private room in nature lodge,Private room,2,,1.0,,"[""Outdoor playground"", ""Extra pillows and blankets"", ""Babysitter recommendations"", ""Bed linens"", ""Mini fridge"", ""Valley view"", ""Indoor fireplace: wood-burning"", ""Laundromat nearby"", ""Luggage dropoff allowed"", ""Fireplace guards"", ""Lake access"", ""Board games"", ""Breakfast"", ""Free resort access"", ""Pack \u2019n play/Travel crib - available upon request"", ""Hangers"", ""Hot water"", ""Portable fans"", ""Wifi"", ""Room-darkening shades"", ""Shampoo"", ""Hot water kettle"", ""Essentials"", ""Heating"", ""Coffee maker: french press"", ""Shower gel"", ""Long term stays allowed"", ""Cleaning available during stay"", ""Private patio or balcony"", ""First aid kit"", ""Bikes"", ""Single level home"", ""Outdoor shower"", ""Books and reading material"", ""Mountain view"", ""Safe"", ""Fire pit"", ""Coffee"", ""Shared hot tub - available all year, open specific hours"", ""Free parking on premises"", ""Sun loungers"", ""Fire extinguisher"", ""Shared outdoor pool - available all year, open specific hours"", ""Conditioner"", ""Mosquito net"", ""Smoke alarm"", ""AC - split type ductless system"", ""Outdoor furniture"", ""Body soap"", ""Private entrance"", ""Ceiling fan"", ""Clothing storage: closet""]",,1,365,t,23,53,71,315,2025-03-23,0,0,0,243,0,0,,,,,,,,,,,,t,6
2572,2572,previous scrape,Valley View Villa Deluxe,,540658612,2023-10-06,within an hour,100%,f,"['email', 'phone']",t,t,Cayo,Cayo,17.04953,-88.89823,Private room in nature lodge,Private room,4,,1.0,,"[""Outdoor playground"", ""Extra pillows and blankets"", ""Babysitter recommendations"", ""Bed linens"", ""Mini fridge"", ""Valley view"", ""Indoor fireplace: wood-burning"", ""Wine glasses"", ""Luggage dropoff allowed"", ""Shared hot tub"", ""Cleaning products"", ""Outdoor dining area"", ""Lake access"", ""Board games"", ""Breakfast"", ""Free resort access"", ""Pack \u2019n play/Travel crib - available upon request"", ""Hangers"", ""Hot water"", ""Portable fans"", ""Wifi"", ""Room-darkening shades"", ""Shampoo"", ""Dishes and silverware"", ""Hot water kettle"", ""Essentials"", ""Heating"", ""Coffee maker: french press"", ""Shower gel"", ""Long term stays allowed"", ""Cleaning available during stay"", ""Private patio or balcony"", ""First aid kit"", ""Bikes"", ""Single level home"", ""Outdoor shower"", ""Books and reading material"", ""Mountain view"", ""Safe"", ""Fire pit"", ""Microwave"", ""Coffee"", ""Sun loungers"", ""Fire extinguisher"", ""Private outdoor pool - available all year, open 24 hours, heated, infinity"", ""Conditioner"", ""Mosquito net"", ""Smoke alarm"", ""Dining table"", ""Kitchenette"", ""AC - split type ductless system"", ""Outdoor furniture"", ""Body soap"", ""Private entrance"", ""Ceiling fan"", ""Clothing storage: closet""]",,1,365,t,13,43,62,306,2025-03-23,0,0,0,234,0,0,,,,,,,,,,,,t,6
2573,2573,city scrape,Gem of Dangriga,Benguche Area/Pelican Beach Resort,441900363,2022-01-24,,,f,"['email', 'phone']",t,f,Stann Creek Mainland,Stann Creek,16.97833,-88.22806,Entire rental unit,Entire home/apt,3,1.5,2.0,2.0,"[""Washer"", ""AC - split type ductless system"", ""TV"", ""Wifi"", ""Portable fans"", ""Kitchen""]",$304.00,1,365,t,30,60,90,270,2025-03-23,0,0,0,270,0,0,0.0,,,,,,,,,,,t,1
2577,2577,city scrape,Casa Redonda Spacious 8 bedroom Beach Villa,,542817605,2023-10-21,within an hour,100%,,"['email', 'phone']",t,t,Belize Islands,Belize,17.89369,-87.97684,Entire home,Entire home/apt,16,5.0,8.0,9.0,"[""BBQ grill"", ""High chair"", ""Extra pillows and blankets"", ""Air conditioning"", ""Bed linens"", ""Kitchen"", ""Wine glasses"", ""Pack \u2019n play/Travel crib"", ""Luggage dropoff allowed"", ""Stove"", ""Toaster"", ""Outdoor dining area"", ""Waterfront"", ""Dryer"", ""Board games"", ""Washer"", ""Cooking basics"", ""Hangers"", ""Oven"", ""Pool"", ""Wifi"", ""Refrigerator"", ""Iron"", ""Dishes and silverware"", ""Carbon monoxide alarm"", ""Hammock"", ""Hot water kettle"", ""Essentials"", ""Barbecue utensils"", ""First aid kit"", ""Baking sheet"", ""Coffee maker: drip coffee maker"", ""Outdoor shower"", ""TV"", ""Patio or balcony"", ""Safe"", ""Blender"", ""Housekeeping - included with your stay"", ""Beach access \u2013 Beachfront"", ""Microwave"", ""Coffee"", ""Free parking on premises"", ""Dishwasher"", ""Sun loungers"", ""Fire extinguisher"", ""Freezer"", ""Smoke alarm"", ""Dining table"", ""Drying rack for clothing"", ""Clothing storage"", ""Outdoor furniture"", ""Ceiling fan""]","$3,406.00",3,365,t,3,25,38,217,2025-03-23,3,3,0,182,2,18,61308.0,2024-06-29,2025-01-02,4.0,4.0,4.33,5.0,5.0,4.33,3.67,,f,2
2579,2579,previous scrape,Casa Redonda Upper Level Private  4 bdrm/3 bath,,542817605,2023-10-21,within an hour,100%,,"['email', 'phone']",t,t,Belize Islands,Belize,17.87993,-87.99723,Entire home,Entire home/apt,8,,4.0,,"[""BBQ grill"", ""High chair"", ""Ethernet connection"", ""Extra pillows and blankets"", ""Air conditioning"", ""Bed linens"", ""Kitchen"", ""Wine glasses"", ""Pack \u2019n play/Travel crib"", ""Luggage dropoff allowed"", ""Cleaning products"", ""Stove"", ""Toaster"", ""Outdoor dining area"", ""Waterfront"", ""Dryer"", ""Board games"", ""Washer"", ""Cooking basics"", ""Hangers"", ""Hot water"", ""Oven"", ""Pool"", ""Wifi"", ""Refrigerator"", ""Iron"", ""Dishes and silverware"", ""Carbon monoxide alarm"", ""Hammock"", ""Hot water kettle"", ""Essentials"", ""Barbecue utensils"", ""Bathtub"", ""First aid kit"", ""Baking sheet"", ""Coffee maker: drip coffee maker"", ""Outdoor shower"", ""TV"", ""Patio or balcony"", ""Safe"", ""Blender"", ""Beach access \u2013 Beachfront"", ""Microwave"", ""Coffee"", ""Free parking on premises"", ""Clothing storage: closet and dresser"", ""Dishwasher"", ""Housekeeping available 6 days a week - included with your stay"", ""Sun loungers"", ""Fire extinguisher"", ""Freezer"", ""Smoke alarm"", ""Dining table"", ""Drying rack for clothing"", ""Outdoor furniture"", ""Body soap"", ""Ceiling fan""]",,3,365,t,3,25,38,210,2025-03-23,0,0,0,175,0,0,,,,,,,,,,,,f,2
2582,2582,previous scrape,VLB Lux Apartment 1,the apartment is right through a short alleyway across from Pops bicycles repair shack.  James and Floralia buses can drop you off at the top of the alleyway. As you come off the bus you can see the apartment from the road.,457263628,2022-05-03,within an hour,100%,t,"['email', 'phone']",t,t,Toledo Mainland,Toledo,16.09413357999997,-88.8084688782692,Entire rental unit,Entire home/apt,2,,1.0,,"[""Dedicated workspace"", ""Bed linens"", ""Kitchen"", ""Laundromat nearby"", ""Luggage dropoff allowed"", ""Cleaning products"", ""Stove"", ""Shared backyard \u2013 Fully fenced"", ""Cooking basics"", ""Hangers"", ""Hot water"", ""Oven"", ""Portable fans"", ""Wifi"", ""Host greets you"", ""Refrigerator"", ""Dishes and silverware"", ""Hot water kettle"", ""Long term stays allowed"", ""Free street parking"", ""Shower gel"", ""Coffee"", ""Courtyard view"", ""Free parking on premises"", ""Dining table"", ""Clothing storage: dresser"", ""Body soap"", ""Private entrance""]",,1,365,t,0,0,0,0,2025-03-23,25,12,0,0,22,72,,2023-11-11,2024-09-01,4.88,4.96,5.0,4.84,5.0,4.64,4.92,,f,3
2585,2585,city scrape,Nona’s Place Belize City Upstairs Unit,,539070196,2023-09-26,within an hour,100%,t,"['email', 'phone']",t,t,Belize Mainland,Belize,17.495243136572636,-88.18321075290442,Entire home,Entire home/apt,6,2.5,3.0,3.0,"[""Fire extinguisher"", ""Dedicated workspace"", ""Washer"", ""Smoke alarm"", ""First aid kit"", ""Air conditioning"", ""TV"", ""Exterior security cameras on property"", ""Wifi"", ""Kitchen"", ""Host greets you"", ""Iron"", ""Hair dryer"", ""Free parking on premises"", ""Outdoor dining area""]",$585.00,1,365,t,0,0,5,185,2025-03-23,16,13,1,185,14,78,45630.0,2024-03-02,2025-02-22,4.94,5.0,5.0,5.0,5.0,4.75,5.0,,t,10
2586,2586,city scrape,"Luxurious and Affordable. Marage Road, Belize",,469134154,2022-07-12,within an hour,100%,f,['phone'],t,t,Belize Mainland,Belize,17.560991611359125,-88.30369289964437,Entire rental unit,Entire home/apt,4,1.0,1.0,3.0,"[""Dedicated workspace"", ""Air conditioning"", ""Kitchen"", ""Cleaning products"", ""Cooking basics"", ""Washer"", ""Pets allowed"", ""Free dryer \u2013 In unit"", ""Hangers"", ""Hot water"", ""Wifi"", ""Host greets you"", ""Refrigerator"", ""Dishes and silverware"", ""Essentials"", ""TV"", ""Free parking on premises"", ""Clothing storage: closet, wardrobe, and dresser"", ""Fire extinguisher"", ""Smoke alarm"", ""Exterior security cameras on property"", ""Coffee maker""]",$95.00,2,365,t,21,41,71,160,2025-03-23,16,15,2,160,10,90,8550.0,2024-03-19,2025-03-01,4.69,4.75,4.81,4.75,4.88,4.31,4.75,,f,1
2587,2587,city scrape,"A Minimalists Paradise-two bedroom, ocean views.","Quiet and peaceful.<br />The unit is located in a family owned 3 acre parcel with a handful of units and one permanent resident, Capt. Robby and Family. Neighboring us are high end resorts, restaurants and Airbnb's. Just a two minute walk down the beach is Tropical Escape they serve delicious meals all day and grant access to the pool to our guests upon consumption.",426910560,2021-10-11,within an hour,100%,t,"['email', 'phone']",t,t,Belize Islands,Belize,17.981125150885205,-87.92370336138876,Entire home,Entire home/apt,4,1.0,2.0,2.0,"[""BBQ grill"", ""Air conditioning"", ""Kitchen"", ""Wine glasses"", ""Resort access"", ""Stove"", ""Toaster"", ""Outdoor dining area"", ""Waterfront"", ""Cooking basics"", ""Washer"", ""Ocean view"", ""Free dryer \u2013 In unit"", ""Hangers"", ""Hot water"", ""Oven"", ""Wifi"", ""Host greets you"", ""Room-darkening shades"", ""Iron"", ""Refrigerator"", ""Dishes and silverware"", ""Hammock"", ""Essentials"", ""Long term stays allowed"", ""First aid kit"", ""Coffee maker: drip coffee maker"", ""TV"", ""Safe"", ""Blender"", ""Beach access \u2013 Beachfront"", ""Free parking on premises"", ""Clothing storage: walk-in closet"", ""Sun loungers"", ""Fire extinguisher"", ""Beach view"", ""Smoke alarm"", ""Dining table"", ""Sea view"", ""Outdoor furniture"", ""Private entrance""]",$361.00,4,90,t,6,26,36,218,2025-03-23,25,14,2,168,18,112,40432.0,2023-12-31,2025-03-12,4.92,4.96,5.0,4.84,4.96,4.96,4.88,,t,3
2588,2588,city scrape,One South Place Hotel,,480892285,2022-09-24,a few days or more,0%,f,"['email', 'phone']",t,t,Belize Mainland,Belize,17.4911625,-88.1888695,Room in hotel,Private room,4,2.0,2.0,3.0,"[""Fire extinguisher"", ""Dedicated workspace"", ""Smoke alarm"", ""First aid kit"", ""TV"", ""Air conditioning"", ""Exterior security cameras on property"", ""Wifi"", ""Iron"", ""Hair dryer"", ""Free parking on premises""]",$504.00,1,365,t,29,59,89,269,2025-03-23,2,0,0,269,2,0,0.0,2024-01-14,2024-02-16,5.0,4.5,5.0,5.0,4.5,3.5,4.5,,f,2
2589,2589,city scrape,Crystal Creek Lodge,,544932625,2023-11-04,within an hour,100%,f,"['email', 'phone']",f,t,Orange Walk,Orange Walk,17.81226,-88.89683,Entire cabin,Entire home/apt,3,1.0,1.0,1.0,"[""BBQ grill"", ""Air conditioning"", ""Bed linens"", ""Kitchen"", ""Kayak"", ""Stove"", ""Outdoor dining area"", ""Waterfront"", ""Cooking basics"", ""Breakfast"", ""Hangers"", ""Hot water"", ""Oven"", ""Wifi"", ""Room-darkening shades"", ""Refrigerator"", ""Shampoo"", ""Dishes and silverware"", ""Hammock"", ""Essentials"", ""Long term stays allowed"", ""Cleaning available during stay"", ""Barbecue utensils"", ""First aid kit"", ""Coffee maker: drip coffee maker"", ""Patio or balcony"", ""Safe"", ""Private backyard"", ""Fire pit"", ""Microwave"", ""Coffee"", ""Free parking on premises"", ""Sun loungers"", ""Fire extinguisher"", ""Conditioner"", ""Smoke alarm"", ""Dining table"", ""Outdoor furniture"", ""Body soap"", ""Private entrance"", ""Clothing storage: closet""]",$353.00,1,365,t,10,40,70,249,2025-03-23,5,4,0,249,3,24,8472.0,2024-01-29,2025-02-17,5.0,4.6,5.0,4.8,5.0,4.6,4.8,,f,1
2600,2600,city scrape,Hillside Cabaña,There is no neighborhood here. We are 5.5 miles off a paved road in the middle of the jungle! We are the neighborhood. You're about to enjoy a true rainforest experience with off-grid living.,545904918,2023-11-10,within an hour,100%,t,"['email', 'phone']",t,t,Cayo,Cayo,17.154020343241893,-88.85198188046712,Hut,Entire home/apt,2,1.0,1.0,1.0,"[""Locally Made Soaps body soap"", ""Babysitter recommendations"", ""Bed linens"", ""Valley view"", ""Wine glasses"", ""Shared backyard \u2013 Not fully fenced"", ""Outdoor dining area"", ""Crib"", ""Board games"", ""Breakfast"", ""Free resort access"", ""Hangers"", ""Hot water"", ""Resort view"", ""Portable fans"", ""Wifi"", ""Shampoo"", ""Coffee maker"", ""Hammock"", ""Hot water kettle"", ""Essentials"", ""Long term stays allowed"", ""Cleaning available during stay"", ""River view"", ""First aid kit"", ""Single level home"", ""Shared patio or balcony"", ""Clothing storage: wardrobe"", ""Books and reading material"", ""Safe"", ""Free parking on premises \u2013 30 spaces"", ""Coffee"", ""Fire extinguisher"", ""Conditioner"", ""Smoke alarm"", ""Kitchenette"", ""Exterior security cameras on property"", ""Outdoor furniture"", ""Private entrance"", ""Ceiling fan"", ""Garden view""]",$268.00,3,365,t,23,49,79,311,2025-03-23,3,2,0,244,3,12,3216.0,2024-03-15,2024-12-22,5.0,5.0,5.0,5.0,4.33,5.0,5.0,,t,4
2601,2601,city scrape,"Great view 4 bedroom Villa 03 /pool, Private Dock","Our villas on the waters of the Placencia Lagoon come complete with all the furnishings you'll need, including your own personal dock and dipping pool. Every rental includes a villa that includes two master suites and two bathrooms, as well as a kitchen and open living and dining space. Additional each villa features a detached casita with two additional guest rooms, sharing an interconnected Jack N Jill bathroom.  We have a Private Spa on property where you can indulge in the ultimate finishing touch to your villa stay with a private spa treatment.",546035747,2023-11-11,within an hour,100%,t,"['email', 'phone']",t,t,Stann Creek Mainland,Stann Creek,16.539372427385686,-88.36440779021301,Entire villa,Entire home/apt,8,3.0,4.0,6.0,"[""BBQ grill"", ""Boat slip"", ""Dedicated workspace"", ""Bay view"", ""Bed linens"", ""Kitchen"", ""Wine glasses"", ""Kayak"", ""Private outdoor pool - available all year, open 24 hours, saltwater"", ""Hair dryer"", ""Luggage dropoff allowed"", ""Toaster"", ""Outdoor dining area"", ""Waterfront"", ""Cooking basics"", ""Pets allowed"", ""Free dryer \u2013 In unit"", ""Hot water"", ""Oven"", ""Wifi"", ""Electric stove"", ""Room-darkening shades"", ""Shampoo"", ""Iron"", ""Refrigerator"", ""Dishes and silverware"", ""Hot water kettle"", ""Cleaning available during stay"", ""Barbecue utensils"", ""Private patio or balcony"", ""First aid kit"", ""Baking sheet"", ""Free washer \u2013 In unit"", ""Single level home"", ""Outdoor shower"", ""TV"", ""Mountain view"", ""Safe"", ""Blender"", ""Microwave"", ""Coffee"", ""Free parking on premises"", ""Self check-in"", ""Dishwasher"", ""Sun loungers"", ""Fire extinguisher"", ""Freezer"", ""Building staff"", ""Conditioner"", ""Smoke alarm"", ""Dining table"", ""AC - split type ductless system"", ""Clothing storage"", ""Outdoor furniture"", ""Body soap"", ""Private entrance"", ""Ceiling fan"", ""Coffee maker""]","$1,412.00",1,365,t,11,36,65,334,2025-03-23,8,8,0,253,7,48,67776.0,2024-04-14,2025-01-02,5.0,4.88,5.0,5.0,5.0,5.0,5.0,,t,15
2603,2603,city scrape,Tropical Oasis at Seabird Villa 12,"Discover the idyllic oasis of Seabird, just 1.5 miles away from the vibrant Village of Placencia. This peaceful and secure neighborhood offers a perfect retreat, featuring a range of amenities designed to enhance your experience.<br /><br />At Seabird, tranquility reigns supreme. Feel instantly at ease as you enter this quiet and secluded community, where 24-hour security ensures your peace of mind. Relax and unwind in the community pool, or take a leisurely paddle with the provided kayaks, giving you the opportunity to explore at your own pace.<br /><br />Seabird offers a truly luxurious experience with its private splash pools, available at select properties. Enjoy a refreshing dip or simply bask in the warm Belizean sunshine as you soak up the peaceful ambiance of your own secluded outdoor oasis.<br /><br />For the ultimate indulgence, The Nest Spa awaits you. Located within the neighborhood, this waterfront spa offers a range of rejuvenating services, from massage therapy to facial",546035747,2023-11-11,within an hour,100%,t,"['email', 'phone']",t,t,Stann Creek Mainland,Stann Creek,16.53993,-88.36591,Entire villa,Entire home/apt,8,3.0,4.0,6.0,"[""BBQ grill"", ""Boat slip"", ""Dedicated workspace"", ""Extra pillows and blankets"", ""Bay view"", ""Bed linens"", ""Kitchen"", ""Wine glasses"", ""Kayak"", ""Private outdoor pool - available all year, open 24 hours, saltwater"", ""Hair dryer"", ""Luggage dropoff allowed"", ""Toaster"", ""Outdoor dining area"", ""Waterfront"", ""Board games"", ""Cooking basics"", ""Pets allowed"", ""Free dryer \u2013 In unit"", ""Hangers"", ""Hot water"", ""LG electric stove"", ""Oven"", ""Wifi"", ""Room-darkening shades"", ""Shampoo"", ""Iron"", ""Refrigerator"", ""Dishes and silverware"", ""Hot water kettle"", ""Essentials"", ""Rice maker"", ""Long term stays allowed"", ""Cleaning available during stay"", ""Barbecue utensils"", ""Private patio or balcony"", ""First aid kit"", ""Baking sheet"", ""Free washer \u2013 In unit"", ""Private backyard \u2013 Not fully fenced"", ""Outdoor shower"", ""Clothing storage: wardrobe"", ""TV"", ""Single level home"", ""Safe"", ""Blender"", ""Microwave"", ""Coffee"", ""Free parking on premises"", ""Self check-in"", ""Dishwasher"", ""Sun loungers"", ""Fire extinguisher"", ""Freezer"", ""Building staff"", ""Conditioner"", ""Smoke alarm"", ""Dining table"", ""AC - split type ductless system"", ""Body soap"", ""Private entrance"", ""Ceiling fan"", ""Coffee maker""]","$1,412.00",1,365,t,13,43,73,348,2025-03-23,22,17,2,267,19,102,144024.0,2023-12-30,2025-03-08,4.91,4.91,4.86,4.82,4.95,4.82,4.86,,t,15
2604,2604,city scrape,Villa with Family Casita - Seabird Villa 9,,546035747,2023-11-11,within an hour,100%,t,"['email', 'phone']",t,t,Stann Creek Mainland,Stann Creek,16.53911,-88.36634,Entire villa,Entire home/apt,8,3.0,4.0,6.0,"[""BBQ grill"", ""Boat slip"", ""Dedicated workspace"", ""Coffee maker: pour-over coffee"", ""Bay view"", ""Bed linens"", ""Kitchen"", ""Wine glasses"", ""Private outdoor pool - available all year, open 24 hours, saltwater"", ""Hair dryer"", ""Cleaning products"", ""Luggage dropoff allowed"", ""Toaster"", ""Waterfront"", ""Board games"", ""Cooking basics"", ""Pets allowed"", ""Free dryer \u2013 In unit"", ""LG electric stove"", ""Hot water"", ""Wifi"", ""Room-darkening shades"", ""Shampoo"", ""Iron"", ""Refrigerator"", ""Dishes and silverware"", ""Hot water kettle"", ""Long term stays allowed"", ""Cleaning available during stay"", ""Barbecue utensils"", ""Private patio or balcony"", ""First aid kit"", ""Baking sheet"", ""Free washer \u2013 In unit"", ""Private backyard \u2013 Not fully fenced"", ""Outdoor shower"", ""TV"", ""Stainless steel oven"", ""Single level home"", ""Safe"", ""Blender"", ""Shared beach access"", ""Microwave"", ""Coffee"", ""Free parking on premises"", ""Self check-in"", ""Dishwasher"", ""Sun loungers"", ""Freezer"", ""Building staff"", ""Smoke alarm"", ""Dining table"", ""AC - split type ductless system"", ""Clothing storage"", ""Outdoor furniture"", ""Body soap"", ""Private entrance"", ""Ceiling fan""]","$1,412.00",1,365,t,19,49,79,354,2025-03-23,10,10,0,273,9,60,84720.0,2024-03-30,2025-01-10,5.0,5.0,5.0,4.9,5.0,4.6,4.9,,t,15
2614,2614,city scrape,Villa Ocean Retreat,,477203582,2022-08-29,within an hour,100%,f,"['email', 'phone']",t,t,Stann Creek Mainland,Stann Creek,16.60096,-88.35578,Entire rental unit,Entire home/apt,8,4.0,4.0,4.0,"[""Dedicated workspace"", ""Backyard"", ""Air conditioning"", ""Bed linens"", ""Kitchen"", ""Hair dryer"", ""Stove"", ""Toaster"", ""Waterfront"", ""Dryer"", ""Cooking basics"", ""Washer"", ""Hangers"", ""Pool"", ""Wifi"", ""Refrigerator"", ""Shampoo"", ""Iron"", ""Dishes and silverware"", ""Essentials"", ""Long term stays allowed"", ""Free street parking"", ""Shower gel"", ""Patio or balcony"", ""TV"", ""Beach access \u2013 Beachfront"", ""Microwave"", ""Lockbox"", ""Self check-in"", ""Dishwasher"", ""Sun loungers"", ""Smoke alarm"", ""Clothing storage"", ""Coffee maker""]","$3,384.00",2,365,t,5,25,38,201,2025-03-23,0,0,0,201,0,0,0.0,,,,,,,,,,,t,7
2615,2615,city scrape,Lion Fish Retreat,,477203582,2022-08-29,within an hour,100%,f,"['email', 'phone']",t,t,Stann Creek Mainland,Stann Creek,16.60203,-88.35627,Entire rental unit,Entire home/apt,4,2.0,2.0,2.0,"[""Dedicated workspace"", ""Backyard"", ""Air conditioning"", ""Bed linens"", ""Kitchen"", ""Hair dryer"", ""Stove"", ""Dryer"", ""Cooking basics"", ""Washer"", ""Pool"", ""Wifi"", ""Refrigerator"", ""Shampoo"", ""Iron"", ""Dishes and silverware"", ""Essentials"", ""Long term stays allowed"", ""Free street parking"", ""Shower gel"", ""Single level home"", ""Patio or balcony"", ""TV"", ""Beach access \u2013 Beachfront"", ""Microwave"", ""Lockbox"", ""Free parking on premises"", ""Self check-in"", ""Sun loungers"", ""Smoke alarm"", ""Clothing storage"", ""Coffee maker""]","$1,437.00",2,365,t,13,36,48,211,2025-03-23,7,4,0,211,5,24,34488.0,2024-01-21,2025-02-07,5.0,5.0,5.0,4.86,5.0,4.71,5.0,,t,7
2619,2619,city scrape,Casa Lama,,547087576,2023-11-18,within an hour,100%,f,"['email', 'phone']",t,t,Belize Islands,Belize,17.91081820441563,-87.97095749894122,Entire condo,Entire home/apt,10,5.0,,6.0,"[""Fire extinguisher"", ""Dedicated workspace"", ""Smoke alarm"", ""TV"", ""Air conditioning"", ""Pool"", ""Wifi"", ""Kitchen"", ""Hot tub"", ""Free parking on premises"", ""Outdoor dining area""]",$969.00,1,365,t,26,56,86,361,2025-03-23,2,2,1,280,1,12,11628.0,2024-07-23,2025-03-01,2.5,2.5,2.5,4.0,4.0,4.5,3.0,,t,3
2622,2622,city scrape,Humming Bird Room,,435105046,2021-12-07,within an hour,100%,t,"['email', 'phone', 'work_email']",t,t,Belize Mainland,Belize,17.64649,-88.3779,Private room in home,Private room,2,0.0,1.0,1.0,"[""BBQ grill"", ""Dedicated workspace"", ""Bed linens"", ""Luggage dropoff allowed"", ""Cleaning products"", ""Outdoor dining area"", ""Window guards"", ""Shared backyard \u2013 Fully fenced"", ""Lock on bedroom door"", ""Cooking basics"", ""Pets allowed"", ""Hangers"", ""Hot water"", ""Portable fans"", ""Wifi"", ""Host greets you"", ""Room-darkening shades"", ""Iron"", ""Paid dryer \u2013 In building"", ""Long term stays allowed"", ""Free street parking"", ""Coffee"", ""Free parking on premises"", ""Drying rack for clothing"", ""Outdoor furniture"", ""Paid washer \u2013 In building"", ""Body soap"", ""Private entrance"", ""Ceiling fan"", ""Clothing storage: closet""]",$38.00,1,365,t,30,44,68,247,2025-03-23,28,22,3,247,19,132,5016.0,2023-12-16,2025-03-18,4.75,4.68,4.75,4.75,4.82,4.36,4.79,,t,5
2626,2626,city scrape,Villas Del Caribe Sunshine Villa,,534345259,2023-08-28,within an hour,100%,f,['phone'],t,t,Stann Creek Mainland,Stann Creek,16.65274,-88.31266,Entire rental unit,Entire home/apt,2,1.0,1.0,1.0,"[""Free dryer \u2013 In building"", ""Dedicated workspace"", ""Extra pillows and blankets"", ""Air conditioning"", ""Bed linens"", ""Mini fridge"", ""Kitchen"", ""Wine glasses"", ""Cleaning products"", ""Toaster"", ""Lake access"", ""Cooking basics"", ""Washer"", ""Hangers"", ""Hot water"", ""Portable fans"", ""Wifi"", ""Refrigerator"", ""Iron"", ""Dishes and silverware"", ""Rice maker"", ""Hot water kettle"", ""Gas stove"", ""Private patio or balcony"", ""First aid kit"", ""Coffee maker: drip coffee maker"", ""Safe"", ""Private backyard"", ""Blender"", ""Beach access \u2013 Beachfront"", ""Coffee"", ""Free parking on premises"", ""Fire extinguisher"", ""Beach view"", ""Shared pool"", ""Smoke alarm"", ""Dining table"", ""Sea view"", ""Trash compactor"", ""Outdoor furniture""]",$490.00,3,20,t,30,60,89,89,2025-03-23,0,0,0,89,0,0,0.0,,,,,,,,,,,t,2
2628,2628,city scrape,Casa Luna,,547087576,2023-11-18,within an hour,100%,f,"['email', 'phone']",t,t,Belize Islands,Belize,17.910647046992473,-87.97087847594909,Entire rental unit,Entire home/apt,8,3.0,3.0,6.0,"[""Fire extinguisher"", ""Dedicated workspace"", ""Smoke alarm"", ""TV"", ""Air conditioning"", ""Exterior security cameras on property"", ""Pool"", ""Wifi"", ""Kitchen"", ""Free parking on premises"", ""Outdoor dining area""]",$757.00,1,365,t,25,55,85,360,2025-03-23,2,2,0,279,0,12,9084.0,2025-01-07,2025-02-03,5.0,5.0,5.0,4.0,4.5,5.0,5.0,,t,3
2629,2629,city scrape,Casa Elsa,,547087576,2023-11-18,within an hour,100%,f,"['email', 'phone']",t,t,Belize Islands,Belize,17.91056422109917,-87.97095897091674,Entire rental unit,Entire home/apt,5,2.0,2.0,2.0,"[""Fire extinguisher"", ""Dedicated workspace"", ""Smoke alarm"", ""TV"", ""Air conditioning"", ""Exterior security cameras on property"", ""Pool"", ""Wifi"", ""Kitchen"", ""Iron"", ""Hair dryer"", ""Free parking on premises"", ""Outdoor dining area""]",$454.00,1,365,t,25,55,79,354,2025-03-23,2,1,0,273,1,6,2724.0,2024-01-03,2025-02-20,5.0,5.0,5.0,5.0,5.0,5.0,5.0,,t,3
2630,2630,city scrape,Beach Cabana with kitchen,"Hopkins has a ATM, Satilight Clinic, police station all in the middle of the village . A local Hopkins bus. Leaves and returns twice a day. <br />Hopkins people are a garifuna culture. They drum all the time, a way of having fun and communicating to the people.  <br />I always say. ""Hopkins is a small drinking village, with a slight fishing problem"".",493050072,2022-12-27,within an hour,100%,t,['phone'],t,f,Stann Creek Mainland,Stann Creek,16.87632,-88.28931,Tiny home,Entire home/apt,2,0.5,0.0,1.0,"[""Dedicated workspace"", ""Backyard"", ""Extra pillows and blankets"", ""Bed linens"", ""Mini fridge"", ""Kayak"", ""Luggage dropoff allowed"", ""Bluetooth sound system"", ""Cleaning products"", ""Outdoor dining area"", ""Waterfront"", ""Cooking basics"", ""Pets allowed"", ""Free resort access"", ""Hot water"", ""Portable fans"", ""Wifi"", ""Shampoo"", ""Refrigerator"", ""Dishes and silverware"", ""Paid dryer \u2013 In building"", ""Hammock"", ""Coffee maker: french press"", ""Long term stays allowed"", ""Shower gel"", ""Liquid  body soap"", ""Cleaning available during stay"", ""First aid kit"", ""Bikes"", ""Shared patio or balcony"", ""Outdoor shower"", ""Books and reading material"", ""Safe"", ""Fire pit"", ""Beach access \u2013 Beachfront"", ""Coffee"", ""Free parking on premises"", ""Sun loungers"", ""Fire extinguisher"", ""Beach view"", ""Mosquito net"", ""Smoke alarm"", ""BBQ grill: wood-burning"", ""Exterior security cameras on property"", ""Outdoor furniture"", ""Paid washer \u2013 In building"", ""Garden view""]",$125.00,1,365,t,9,9,29,209,2025-03-23,12,9,1,209,4,54,6750.0,2023-12-21,2025-02-21,4.58,4.92,4.42,4.75,4.75,4.58,4.5,,t,9
2631,2631,city scrape,Waterfront Oasis: 4 Bedroom Villa 11,"With its dedication to luxurious amenities, Seabird Dwellings is an exclusive neighborhood that offers a combination of privacy, tranquility, security, and luxurious living. <br /><br />Individual private docks and splash pools are other notable features of Seabird Dwellings. Owners can take full advantage of the neighborhood's serene watefront location, with their private docks providing convenient access for aquatic adventures. Splash pools offer residents a chance to relax and soak up the sun in privacy, away from the public eye.<br /><br />After a day filled with exploration and adventure, treat yourself to the ultimate evening of relaxation at The Nest Spa. Nestled within this luxurious Seabird enclave, The Nest Spa offers an array of rejuvenating treatments, and topping off your day with a signature massage is the perfect way to unwind.",546035747,2023-11-11,within an hour,100%,t,"['email', 'phone']",t,t,Stann Creek Mainland,Stann Creek,16.5409,-88.36608,Entire home,Entire home/apt,8,3.0,4.0,6.0,"[""BBQ grill"", ""Boat slip"", ""Dedicated workspace"", ""Bay view"", ""Babysitter recommendations"", ""Bed linens"", ""Kitchen"", ""Wine glasses"", ""Private outdoor pool - available all year, open 24 hours, saltwater"", ""Hair dryer"", ""Toaster"", ""Waterfront"", ""Board games"", ""Cooking basics"", ""Pets allowed"", ""Free dryer \u2013 In unit"", ""LG electric stove"", ""Hot water"", ""Oven"", ""Wifi"", ""Room-darkening shades"", ""Iron"", ""Refrigerator"", ""Dishes and silverware"", ""Hot water kettle"", ""Essentials"", ""Long term stays allowed"", ""Cleaning available during stay"", ""Barbecue utensils"", ""Baking sheet"", ""Free washer \u2013 In unit"", ""Private backyard \u2013 Not fully fenced"", ""Outdoor shower"", ""TV"", ""Single level home"", ""Safe"", ""Blender"", ""Microwave"", ""Coffee"", ""Free parking on premises"", ""Self check-in"", ""Dishwasher"", ""Sun loungers"", ""Freezer"", ""Building staff"", ""Smoke alarm"", ""Dining table"", ""AC - split type ductless system"", ""Clothing storage"", ""Private entrance"", ""Ceiling fan"", ""Coffee maker""]","$1,240.00",1,365,t,16,46,76,351,2025-03-23,17,16,2,270,14,96,119040.0,2024-02-23,2025-03-05,4.76,4.88,4.94,4.82,4.82,4.65,4.59,,t,15
2634,2634,city scrape,Villa #1 4BR 3 bathrooms w/dock,,546035747,2023-11-11,within an hour,100%,t,"['email', 'phone']",t,t,Stann Creek Mainland,Stann Creek,16.5395339,-88.3630334,Entire home,Entire home/apt,8,3.0,4.0,6.0,"[""BBQ grill"", ""Dedicated workspace"", ""Air conditioning"", ""Kitchen"", ""Luggage dropoff allowed"", ""Hair dryer"", ""Waterfront"", ""Dryer"", ""Cooking basics"", ""Washer"", ""Pets allowed"", ""Hangers"", ""Hot water"", ""Wifi"", ""Shampoo"", ""Iron"", ""Essentials"", ""Long term stays allowed"", ""First aid kit"", ""TV"", ""Free parking on premises"", ""Self check-in"", ""Fire extinguisher"", ""Building staff"", ""Smoke alarm""]",$908.00,1,365,t,0,25,36,296,2025-03-23,9,9,0,215,9,54,49032.0,2024-06-02,2024-12-20,5.0,5.0,4.89,5.0,5.0,5.0,4.89,,t,15
2635,2635,city scrape,"Family size 4BR Villa 13 With Pool, Private Dock",,546035747,2023-11-11,within an hour,100%,t,"['email', 'phone']",t,t,Stann Creek Mainland,Stann Creek,16.539091924495338,-88.36594294827816,Entire home,Entire home/apt,8,3.0,4.0,6.0,"[""BBQ grill"", ""Boat slip"", ""Dedicated workspace"", ""Bay view"", ""Bed linens"", ""Kitchen"", ""Wine glasses"", ""Private outdoor pool - available all year, open 24 hours, saltwater"", ""Hair dryer"", ""Toaster"", ""Waterfront"", ""Board games"", ""Cooking basics"", ""Pets allowed"", ""Free dryer \u2013 In unit"", ""Hot water"", ""Oven"", ""Wifi"", ""Electric stove"", ""Room-darkening shades"", ""Iron"", ""Refrigerator"", ""Dishes and silverware"", ""Hot water kettle"", ""Long term stays allowed"", ""Cleaning available during stay"", ""Barbecue utensils"", ""Baking sheet"", ""Free washer \u2013 In unit"", ""Private backyard \u2013 Not fully fenced"", ""Outdoor shower"", ""TV"", ""Patio or balcony"", ""Single level home"", ""Safe"", ""Blender"", ""Beach access \u2013 Beachfront"", ""Microwave"", ""Coffee"", ""Free parking on premises"", ""Self check-in"", ""Dishwasher"", ""Sun loungers"", ""Freezer"", ""Building staff"", ""Smoke alarm"", ""Dining table"", ""AC - split type ductless system"", ""Clothing storage"", ""Outdoor furniture"", ""Mountain view"", ""Private entrance"", ""Ceiling fan"", ""Coffee maker""]","$1,355.00",1,365,t,23,53,83,353,2025-03-23,9,7,0,275,7,42,56910.0,2023-12-25,2025-01-04,4.89,5.0,5.0,4.78,4.89,5.0,4.67,,t,15
2636,2636,city scrape,Beach & Pool are at your front door   - Pool House,,472971521,2022-08-02,within an hour,100%,t,"['email', 'phone']",t,t,Stann Creek Mainland,Stann Creek,16.814981395473513,-88.26054827153624,Entire townhouse,Entire home/apt,4,1.5,2.0,2.0,"[""Backyard"", ""Air conditioning"", ""Bed linens"", ""Kitchen"", ""Wine glasses"", ""Hair dryer"", ""Stove"", ""Toaster"", ""Outdoor dining area"", ""Crib"", ""Waterfront"", ""Dryer"", ""Board games"", ""Washer"", ""Cooking basics"", ""Ocean view"", ""Hangers"", ""Hot water"", ""Oven"", ""Wifi"", ""Room-darkening shades"", ""Shampoo"", ""Iron"", ""Carbon monoxide alarm"", ""Refrigerator"", ""Dishes and silverware"", ""Essentials"", ""Heating"", ""Long term stays allowed"", ""First aid kit"", ""Baking sheet"", ""TV"", ""Safe"", ""Blender"", ""Pool view"", ""Beach access \u2013 Beachfront"", ""Lockbox"", ""Free parking on premises"", ""Self check-in"", ""Dishwasher"", ""Fire extinguisher"", ""Freezer"", ""Beach view"", ""Shared pool"", ""Smoke alarm"", ""Dining table"", ""Clothing storage"", ""Children\u2019s books and toys"", ""Coffee maker""]",$507.00,2,365,t,13,19,49,138,2025-03-23,3,3,0,138,3,18,9126.0,2024-03-23,2024-11-20,5.0,5.0,5.0,5.0,5.0,5.0,5.0,,f,4
2639,2639,city scrape,Beach & Pool at Your Front Door - Balcony House,Located on the beach in a high-end residential neighborhood that is very safe and has little crime.,472971521,2022-08-02,within an hour,100%,t,"['email', 'phone']",t,t,Stann Creek Mainland,Stann Creek,16.818627250448706,-88.26388493955076,Entire townhouse,Entire home/apt,4,2.5,2.0,2.0,"[""BBQ grill"", ""Boat slip"", ""Backyard"", ""Coffee maker: drip coffee maker, espresso machine, french press"", ""Children\u2019s books and toys for ages 5-10 years old"", ""Air conditioning"", ""Maytag stainless steel single oven"", ""Bed linens"", ""Kitchen"", ""Wine glasses"", ""Laundromat nearby"", ""Kayak"", ""High quality conditioner"", ""Hair dryer"", ""Cleaning products"", ""Crib - available upon request"", ""Toaster"", ""Outdoor dining area"", ""Waterfront"", ""Dryer"", ""Board games"", ""Washer"", ""Cooking basics"", ""Keypad"", ""Hangers"", ""Hot water"", ""Wifi"", ""Room-darkening shades"", ""Shampoo"", ""Iron"", ""Carbon monoxide alarm"", ""Refrigerator"", ""Dishes and silverware"", ""Essentials"", ""Hot water kettle"", ""Gas stove"", ""Shower gel"", ""Free street parking"", ""Long term stays allowed"", ""Cleaning available during stay"", ""Barbecue utensils"", ""Private patio or balcony"", ""Bathtub"", ""First aid kit"", ""Baking sheet"", ""Bikes"", ""Outdoor shower"", ""TV"", ""Books and reading material"", ""Safe"", ""Blender"", ""Pool view"", ""Beach access \u2013 Beachfront"", ""Microwave"", ""Coffee"", ""Free parking on premises"", ""Beach essentials"", ""Four kinds of body soap are available.  Three different bar soaps plus body wash. body soap"", ""Dishwasher"", ""Sun loungers"", ""Fire extinguisher"", ""Self check-in"", ""Freezer"", ""Beach view"", ""Shared pool"", ""Smoke alarm"", ""Sea view"", ""Outdoor furniture"", ""Hammock"", ""Private entrance"", ""Ceiling fan"", ""Clothing storage: closet""]",$597.00,2,365,t,27,57,87,176,2025-03-23,3,3,1,176,1,18,10746.0,2024-05-26,2025-03-08,5.0,5.0,5.0,5.0,5.0,5.0,5.0,,f,4
2643,2643,city scrape,Beachfront 3 Bedroom/Pool/Kitchen/Breakfast/1000SF,,549453338,2023-12-04,within an hour,100%,t,"['email', 'phone']",t,t,Belize Islands,Belize,17.96700082984816,-87.9732820090154,Entire villa,Entire home/apt,6,2.0,3.0,3.0,"[""Dedicated workspace"", ""Extra pillows and blankets"", ""Air conditioning"", ""Bed linens"", ""Hammock"", ""Kitchen"", ""Wine glasses"", ""Kayak"", ""Luggage dropoff allowed"", ""Hair dryer"", ""Cleaning products"", ""Crib - available upon request"", ""Stove"", ""Toaster"", ""Shared backyard"", ""Outdoor dining area"", ""Waterfront"", ""Board games"", ""Cooking basics"", ""Breakfast"", ""Hangers"", ""Hot water"", ""Oven"", ""Pool"", ""Wifi"", ""Room-darkening shades"", ""Shampoo"", ""Iron"", ""Paid dryer \u2013 In building"", ""Carbon monoxide alarm"", ""Refrigerator"", ""Essentials"", ""Dishes and silverware"", ""Hot water kettle"", ""Shower gel"", ""Cleaning available during stay"", ""Barbecue utensils"", ""First aid kit"", ""Baking sheet"", ""Bikes"", ""Single level home"", ""Outdoor shower"", ""TV"", ""Patio or balcony"", ""Safe"", ""Beach access \u2013 Beachfront"", ""Microwave"", ""Bidet"", ""Coffee"", ""Free parking on premises"", ""Beach essentials"", ""Sun loungers"", ""Fire extinguisher"", ""Conditioner"", ""Smoke alarm"", ""Dining table"", ""Drying rack for clothing"", ""Clothing storage"", ""Exterior security cameras on property"", ""Outdoor furniture"", ""Paid washer \u2013 In building"", ""Body soap"", ""Private entrance"", ""Ceiling fan"", ""Coffee maker""]",$690.00,2,30,t,13,30,53,308,2025-03-23,16,7,1,230,14,42,28980.0,2024-01-04,2025-03-01,4.69,4.56,4.69,4.38,4.75,4.63,4.63,,t,5
2644,2644,city scrape,Beachfront 1 Bedroom/Pool/Kitchen/Breakfast/550SF,,549453338,2023-12-04,within an hour,100%,t,"['email', 'phone']",t,t,Belize Islands,Belize,17.96779670223407,-87.97298794537701,Entire villa,Entire home/apt,3,1.0,1.0,1.0,"[""Dedicated workspace"", ""Extra pillows and blankets"", ""Air conditioning"", ""Coffee maker: pour-over coffee"", ""Bed linens"", ""Hammock"", ""Smoking allowed"", ""Kitchen"", ""Wine glasses"", ""Kayak"", ""Luggage dropoff allowed"", ""Hair dryer"", ""Cleaning products"", ""Crib - available upon request"", ""Stove"", ""Toaster"", ""Shared backyard"", ""Outdoor dining area"", ""Waterfront"", ""Board games"", ""Cooking basics"", ""Breakfast"", ""Pets allowed"", ""Hangers"", ""Hot water"", ""Oven"", ""Pool"", ""Wifi"", ""Room-darkening shades"", ""Shampoo"", ""Iron"", ""Paid dryer \u2013 In building"", ""Carbon monoxide alarm"", ""Refrigerator"", ""Essentials"", ""Heating"", ""Dishes and silverware"", ""Shower gel"", ""Hot water kettle"", ""Housekeeping available 24 hours - included with your stay"", ""Barbecue utensils"", ""First aid kit"", ""Baking sheet"", ""Bikes"", ""Single level home"", ""Outdoor shower"", ""TV"", ""Patio or balcony"", ""Safe"", ""Beach access \u2013 Beachfront"", ""Microwave"", ""Bidet"", ""Coffee"", ""Free parking on premises"", ""Beach essentials"", ""Sun loungers"", ""Fire extinguisher"", ""Conditioner"", ""Smoke alarm"", ""Dining table"", ""Drying rack for clothing"", ""Clothing storage"", ""Exterior security cameras on property"", ""Outdoor furniture"", ""Paid washer \u2013 In building"", ""Body soap"", ""Private entrance"", ""Ceiling fan""]",$483.00,1,30,t,26,56,86,360,2025-03-23,24,18,0,280,21,108,52164.0,2024-01-02,2025-02-16,4.75,4.83,4.71,4.75,4.88,4.92,4.63,,t,5
2645,2645,city scrape,Beachfront Studio/Pool/Kitchen/Breakfast/670SF,,549453338,2023-12-04,within an hour,100%,t,"['email', 'phone']",t,t,Belize Islands,Belize,17.96625108696055,-87.97420659335492,Entire cabin,Entire home/apt,3,1.0,1.0,1.0,"[""Dedicated workspace"", ""Extra pillows and blankets"", ""Air conditioning"", ""Coffee maker: pour-over coffee"", ""Bed linens"", ""Hammock"", ""Kitchen"", ""Wine glasses"", ""Kayak"", ""Luggage dropoff allowed"", ""Hair dryer"", ""Cleaning products"", ""Crib - available upon request"", ""Stove"", ""Toaster"", ""Outdoor dining area"", ""Waterfront"", ""Board games"", ""Cooking basics"", ""Breakfast"", ""Pets allowed"", ""Hangers"", ""Hot water"", ""Oven"", ""Pool"", ""Wifi"", ""Room-darkening shades"", ""Shampoo"", ""Iron"", ""Paid dryer \u2013 In building"", ""Carbon monoxide alarm"", ""Refrigerator"", ""Essentials"", ""Dishes and silverware"", ""Hot water kettle"", ""Shower gel"", ""Cleaning available during stay"", ""First aid kit"", ""Bikes"", ""Single level home"", ""Outdoor shower"", ""TV"", ""Patio or balcony"", ""Safe"", ""Beach access \u2013 Beachfront"", ""Microwave"", ""Bidet"", ""Coffee"", ""Free parking on premises"", ""Beach essentials"", ""Sun loungers"", ""Fire extinguisher"", ""Conditioner"", ""Smoke alarm"", ""Dining table"", ""Drying rack for clothing"", ""Clothing storage"", ""Exterior security cameras on property"", ""Outdoor furniture"", ""Paid washer \u2013 In building"", ""Body soap"", ""Private entrance"", ""Ceiling fan""]",$397.00,1,30,t,20,40,70,344,2025-03-23,15,8,0,264,10,48,19056.0,2023-12-29,2025-02-13,4.8,4.67,4.87,4.87,4.67,4.73,4.67,,t,5
2646,2646,city scrape,4 Bedroom Jungle Estate near Placencia Peninsula,"Live in a hacienda in the garden of Eden, in your private fruit orchard and rainforest, with pool, huge deck and hot tub.<br /><br />The 77 acre property provides a great area for walking, jogging, birding, exploring.  Lush tropical gardens and rainforest!<br /><br />You are only five miles away from the turnoff that takes you to the Placencia Peninsula, and from there you have the entire peninsula to explore, with all its resorts, restaurants, cafes, etc.",549548133,2023-12-05,within a few hours,100%,f,"['email', 'phone']",t,t,Stann Creek Mainland,Stann Creek,16.645539720142708,-88.49426405810546,Ranch,Entire home/apt,8,3.0,4.0,4.0,"[""GE gas stove"", ""Pocket wifi"", ""Outdoor playground"", ""Extra pillows and blankets"", ""Bed linens"", ""Mini fridge"", ""Hammock"", ""Kitchen"", ""Wine glasses"", ""Hair dryer"", ""Cleaning products"", ""Housekeeping available every day - available at extra cost"", ""Toaster"", ""Outdoor dining area"", ""Hamilton Beach oven"", ""Board games"", ""Cooking basics"", ""HDTV"", ""Free resort access"", ""Sankey refrigerator"", ""Free dryer \u2013 In unit"", ""Hangers"", ""Hot water"", ""Pool"", ""Window AC unit"", ""Portable fans"", ""Wifi"", ""Room-darkening shades"", ""Shampoo"", ""Iron"", ""Carbon monoxide alarm"", ""Dishes and silverware"", ""Outlet covers"", ""Essentials"", ""Hot water kettle"", ""Private backyard \u2013 Fully fenced"", ""Shower gel"", ""Free street parking"", ""Long term stays allowed"", ""River view"", ""Barbecue utensils"", ""First aid kit"", ""Free washer \u2013 In unit"", ""Coffee maker: drip coffee maker"", ""Outdoor shower"", ""Mountain view"", ""Books and reading material"", ""Patio or balcony"", ""Safe"", ""Private BBQ grill: gas"", ""Blender"", ""Shared beach access"", ""Pool view"", ""Microwave"", ""Free parking on premises"", ""Self check-in"", ""Dishwasher"", ""Sun loungers"", ""Fire extinguisher"", ""Freezer"", ""Building staff"", ""Smoke alarm"", ""Dining table"", ""Park view"", ""Private hot tub - available all year, open 24 hours"", ""Exterior security cameras on property"", ""Outdoor furniture"", ""Body soap"", ""Private entrance"", ""Ceiling fan"", ""Garden view"", ""Clothing storage: closet""]","$1,221.00",2,365,t,14,44,65,310,2025-03-23,1,0,0,229,1,0,0.0,2024-02-21,2024-02-21,5.0,5.0,5.0,5.0,5.0,5.0,5.0,,f,1
2647,2647,previous scrape,Maui's View,"You are in a Belizean home and a safe Belizean neighbourhood.  You wont experience the noise from the town, but you will get occassional dog barks and visits.",549604384,2023-12-05,within an hour,100%,t,"['email', 'phone']",t,t,Cayo,Cayo,17.159345437033043,-89.0604977578457,Entire home,Entire home/apt,5,,2.0,,"[""BBQ grill"", ""Dedicated workspace"", ""Extra pillows and blankets"", ""Air conditioning"", ""Smoking allowed"", ""Bed linens"", ""Kitchen"", ""Wine glasses"", ""Bluetooth sound system"", ""Hair dryer"", ""Cleaning products"", ""Toaster"", ""Outdoor dining area"", ""Board games"", ""Pets allowed"", ""Hangers"", ""Hot water"", ""Oven"", ""Portable fans"", ""Wifi"", ""Host greets you"", ""Room-darkening shades"", ""Shampoo"", ""Iron"", ""Refrigerator"", ""Hammock"", ""Hot water kettle"", ""Gas stove"", ""Shower gel"", ""Barbecue utensils"", ""Private patio or balcony"", ""First aid kit"", ""Free washer \u2013 In unit"", ""Coffee maker: drip coffee maker"", ""Books and reading material"", ""TV"", ""Mountain view"", ""Microwave"", ""Lockbox"", ""Free parking on premises"", ""Self check-in"", ""Exercise equipment: free weights"", ""Fire extinguisher"", ""Conditioner"", ""Housekeeping available 1 day a week - included with your stay"", ""Clothing storage"", ""Exterior security cameras on property"", ""Body soap""]",,1,1125,t,25,55,85,360,2025-03-23,15,15,2,279,9,90,,2024-04-22,2025-03-01,5.0,4.87,5.0,4.8,5.0,4.67,4.8,,t,1
2648,2648,city scrape,"4BedRooms Waterfront Villa 07 W/Pool, Private Dock","Seabird Neighborhood in Placencia:<br /><br />Welcome to the private and serene Seabird neighborhood in Placencia, where tranquility meets luxury. This exclusive area is nestled along the sparkling water.<br /><br />Seabird is known for its secluded and peaceful atmosphere, providing an idyllic escape from the hustle and bustle of everyday life. <br /><br />For those seeking a taste of local culture, the nearby Placencia Village offers a myriad of shops, restaurants, and bars where you can immerse yourself in the vibrant atmosphere and sample the local cuisine.<br /><br />Placencia Village:<br /><br />Experience the vibrant charm of Placencia Village, a bustling hub of culture and adventure located just minutes away from Seabird. This picturesque waterfront village boasts a colorful array of charming shops, galleries, and local eateries, allowing you to indulge in a true taste of Belizean culture.<br /><br />Stroll along the narrow, palm tree-lined streets of the village and discover a",546035747,2023-11-11,within an hour,100%,t,"['email', 'phone']",t,t,Stann Creek Mainland,Stann Creek,16.53828,-88.36652,Entire home,Entire home/apt,8,3.0,4.0,6.0,"[""BBQ grill"", ""Boat slip"", ""Dedicated workspace"", ""Bay view"", ""Bed linens"", ""Kitchen"", ""Wine glasses"", ""Private outdoor pool - available all year, open 24 hours, saltwater"", ""Hair dryer"", ""Shared backyard \u2013 Not fully fenced"", ""Toaster"", ""Waterfront"", ""Board games"", ""Cooking basics"", ""Pets allowed"", ""Free dryer \u2013 In unit"", ""LG electric stove"", ""Hot water"", ""Oven"", ""Wifi"", ""Room-darkening shades"", ""Iron"", ""Refrigerator"", ""Dishes and silverware"", ""Hot water kettle"", ""Long term stays allowed"", ""Cleaning available during stay"", ""Barbecue utensils"", ""Private patio or balcony"", ""Baking sheet"", ""Free washer \u2013 In unit"", ""Single level home"", ""Outdoor shower"", ""TV"", ""Safe"", ""Blender"", ""Microwave"", ""Coffee"", ""Free parking on premises"", ""Self check-in"", ""Dishwasher"", ""Sun loungers"", ""Fire extinguisher"", ""Freezer"", ""Building staff"", ""Smoke alarm"", ""Dining table"", ""AC - split type ductless system"", ""Clothing storage"", ""Outdoor furniture"", ""Private entrance"", ""Ceiling fan"", ""Coffee maker""]","$1,009.00",1,365,t,16,46,76,351,2025-03-23,15,11,1,270,13,66,66594.0,2024-01-03,2025-03-16,4.93,4.93,5.0,4.93,4.93,4.87,4.8,,t,15
2649,2649,city scrape,Seabird Oasis-Villa 10 with Dock,,546035747,2023-11-11,within an hour,100%,t,"['email', 'phone']",t,t,Stann Creek Mainland,Stann Creek,16.53835,-88.3663,Entire villa,Entire home/apt,8,3.0,4.0,6.0,"[""BBQ grill"", ""Boat slip"", ""Dedicated workspace"", ""Extra pillows and blankets"", ""Bay view"", ""Bed linens"", ""Kitchen"", ""Wine glasses"", ""Private outdoor pool - available all year, open 24 hours, saltwater"", ""Hair dryer"", ""Luggage dropoff allowed"", ""Toaster"", ""Outdoor dining area"", ""Waterfront"", ""Board games"", ""Cooking basics"", ""Pets allowed"", ""Free dryer \u2013 In unit"", ""Hangers"", ""Hot water"", ""Oven"", ""Wifi"", ""Electric stove"", ""Room-darkening shades"", ""Shampoo"", ""Iron"", ""Refrigerator"", ""Dishes and silverware"", ""Hot water kettle"", ""Essentials"", ""Rice maker"", ""Long term stays allowed"", ""Cleaning available during stay"", ""Barbecue utensils"", ""First aid kit"", ""Baking sheet"", ""Free washer \u2013 In unit"", ""Private backyard \u2013 Not fully fenced"", ""Outdoor shower"", ""TV"", ""Patio or balcony"", ""Single level home"", ""Safe"", ""Blender"", ""Microwave"", ""Coffee"", ""Free parking on premises"", ""Self check-in"", ""Dishwasher"", ""Sun loungers"", ""Fire extinguisher"", ""Freezer"", ""Building staff"", ""Conditioner"", ""Smoke alarm"", ""Dining table"", ""AC - split type ductless system"", ""Clothing storage"", ""Body soap"", ""Private entrance"", ""Ceiling fan"", ""Coffee maker""]","$1,153.00",1,365,t,20,45,73,341,2025-03-23,16,14,1,260,14,84,96852.0,2024-03-05,2025-03-02,5.0,4.94,5.0,4.88,4.94,4.69,4.88,,t,15
2650,2650,city scrape,Lazy Lagoon,,549619343,2023-12-05,within an hour,100%,f,"['email', 'phone']",f,t,Stann Creek Mainland,Stann Creek,16.60853,-88.35528,Entire home,Entire home/apt,4,1.0,2.0,2.0,"[""Extra pillows and blankets"", ""Air conditioning"", ""Bed linens"", ""Kitchen"", ""Cleaning products"", ""Washer"", ""Hangers"", ""Hot water"", ""Wifi"", ""Shampoo"", ""Bathtub"", ""TV"", ""Safe"", ""Beach access \u2013 Beachfront"", ""Lockbox"", ""Free parking on premises"", ""Self check-in"", ""Fire extinguisher"", ""Conditioner"", ""Smoke alarm"", ""Clothing storage"", ""Exterior security cameras on property"", ""Body soap""]",$243.00,1,365,t,0,0,20,295,2025-03-23,1,1,0,214,1,6,1458.0,2024-12-30,2024-12-30,5.0,5.0,5.0,3.0,5.0,5.0,5.0,,f,1
2652,2652,city scrape,Jungle View Cabaña,We are the neighborhood! We are on 300 acres of private jungle reserve that borders 7000 acres of protected lands to the Southwest and farmland to the East and North. You'll be staying in the deep primal jungles of Belize.,545904918,2023-11-10,within an hour,100%,t,"['email', 'phone']",t,t,Cayo,Cayo,17.15402013886016,-88.8518931635071,Hut,Entire home/apt,3,1.0,1.0,1.0,"[""Backyard"", ""Babysitter recommendations"", ""Bed linens"", ""Wine glasses"", ""Resort access"", ""Outdoor dining area"", ""Crib"", ""Board games"", ""Breakfast"", ""Hangers"", ""Hot water"", ""Resort view"", ""Portable fans"", ""Wifi"", ""Shampoo"", ""Coffee maker"", ""Hammock"", ""Hot water kettle"", ""Essentials"", ""Long term stays allowed"", ""Cleaning available during stay"", ""River view"", ""First aid kit"", ""Single level home"", ""Books and reading material"", ""Mountain view"", ""Patio or balcony"", ""Safe"", ""Coffee"", ""Free parking on premises"", ""Fire extinguisher"", ""Conditioner"", ""Smoke alarm"", ""Kitchenette"", ""Clothing storage"", ""Exterior security cameras on property"", ""Outdoor furniture"", ""Body soap"", ""Private entrance"", ""Ceiling fan"", ""Garden view""]",$376.00,1,365,t,18,44,74,313,2025-03-23,9,4,0,243,8,24,9024.0,2023-12-21,2024-09-07,5.0,4.89,5.0,5.0,4.89,4.89,4.56,,t,4
2655,2655,city scrape,Boardwalk Cabaña,,545904918,2023-11-10,within an hour,100%,t,"['email', 'phone']",t,t,Cayo,Cayo,17.153995809471343,-88.85176832231396,Entire cabin,Entire home/apt,4,1.0,1.0,2.0,"[""Backyard"", ""Extra pillows and blankets"", ""Babysitter recommendations"", ""Bed linens"", ""Wine glasses"", ""Resort access"", ""Outdoor dining area"", ""Crib"", ""Board games"", ""Breakfast"", ""Hangers"", ""Hot water"", ""Portable fans"", ""Wifi"", ""Shampoo"", ""Hammock"", ""Hot water kettle"", ""Essentials"", ""Long term stays allowed"", ""Shower gel"", ""Cleaning available during stay"", ""First aid kit"", ""Single level home"", ""Books and reading material"", ""Patio or balcony"", ""Safe"", ""Coffee"", ""Free parking on premises"", ""Fire extinguisher"", ""Conditioner"", ""Smoke alarm"", ""Dining table"", ""Kitchenette"", ""Clothing storage"", ""Exterior security cameras on property"", ""Outdoor furniture"", ""Body soap"", ""Private entrance"", ""Ceiling fan"", ""Coffee maker""]",$394.00,1,365,t,20,46,76,303,2025-03-23,3,3,0,233,3,18,7092.0,2024-05-30,2024-08-21,5.0,5.0,5.0,5.0,5.0,5.0,5.0,,t,4
2661,2661,city scrape,Queen Room Near the Heart of San Pedro,"We are just north of the Boca Del Rio Bridge and a short walk across to beachside restaurants, gift shops, and more. <br /><br />We can arrange a golf cart rental where you can explore the rest of the island and village.",518611530,2023-06-06,within an hour,100%,t,"['email', 'phone']",t,t,Belize Islands,Belize,17.93409,-87.95263,Room in hotel,Private room,2,1.0,1.0,1.0,"[""Elevator"", ""Dedicated workspace"", ""Air conditioning"", ""Bed linens"", ""Gym"", ""Hangers"", ""Pool"", ""Shampoo"", ""Iron"", ""Essentials"", ""Free street parking"", ""TV"", ""Coffee"", ""Microwave"", ""Free parking on premises"", ""Fire extinguisher"", ""Conditioner"", ""Clothing storage"", ""Ceiling fan"", ""Coffee maker""]",$458.00,1,365,t,27,57,82,353,2025-03-23,5,3,0,276,3,18,8244.0,2024-01-31,2025-02-12,4.8,4.8,4.8,5.0,5.0,4.6,4.8,,t,4
2662,2662,city scrape,"Paradise in placencia  Villa 06/Pool, Private Dock",,546035747,2023-11-11,within an hour,100%,t,"['email', 'phone']",t,t,Stann Creek Mainland,Stann Creek,16.5388,-88.36443,Entire home,Entire home/apt,8,3.0,4.0,6.0,"[""BBQ grill"", ""Private pool"", ""Boat slip"", ""Dedicated workspace"", ""Backyard"", ""Extra pillows and blankets"", ""Bay view"", ""Air conditioning"", ""Bed linens"", ""Kitchen"", ""Wine glasses"", ""Kayak"", ""Luggage dropoff allowed"", ""Hair dryer"", ""Stove"", ""Toaster"", ""Waterfront"", ""Board games"", ""Washer"", ""Cooking basics"", ""Pets allowed"", ""Free dryer \u2013 In unit"", ""Hot water"", ""Oven"", ""Wifi"", ""Room-darkening shades"", ""Iron"", ""Refrigerator"", ""Dishes and silverware"", ""Hot water kettle"", ""Long term stays allowed"", ""Cleaning available during stay"", ""Barbecue utensils"", ""First aid kit"", ""Baking sheet"", ""Single level home"", ""Outdoor shower"", ""TV"", ""Patio or balcony"", ""Safe"", ""Blender"", ""Beach access \u2013 Beachfront"", ""Microwave"", ""Coffee"", ""Free parking on premises"", ""Self check-in"", ""Dishwasher"", ""Sun loungers"", ""Fire extinguisher"", ""Freezer"", ""Building staff"", ""Smoke alarm"", ""Dining table"", ""Clothing storage"", ""Outdoor furniture"", ""Mountain view"", ""Private entrance"", ""Ceiling fan"", ""Coffee maker""]","$1,326.00",1,365,t,20,50,80,167,2025-03-23,3,3,0,86,2,18,23868.0,2024-11-03,2025-01-25,4.67,5.0,5.0,5.0,5.0,4.67,4.67,,t,15
2664,2664,city scrape,The Pool Side Studio,,444489014,2022-02-10,within an hour,100%,t,"['email', 'phone']",t,t,Cayo,Cayo,17.24037,-88.77728,Entire rental unit,Entire home/apt,2,1.5,1.0,1.0,"[""Fire extinguisher"", ""Cooking basics"", ""Shared pool"", ""32 inch HDTV with Fire TV, Netflix, standard cable"", ""Smoke alarm"", ""First aid kit"", ""Microwave"", ""Lockbox"", ""Air conditioning"", ""Self check-in"", ""Bed linens"", ""Wifi"", ""Coffee maker"", ""Iron"", ""Hair dryer"", ""Essentials"", ""GE refrigerator"", ""Free street parking""]",$242.00,1,1125,t,5,28,55,144,2025-03-23,3,2,0,144,3,12,2904.0,2024-01-22,2024-08-29,5.0,5.0,5.0,5.0,5.0,5.0,5.0,,t,5
2672,2672,previous scrape,Beautiful room with ocean view in San Pedro,"We are just north of the Boca Del Rio Bridge and a short walk across to beachside restaurants, gift shops, and more. <br /><br />We can arrange a golf cart rental where you can explore the rest of the island and village.",518611530,2023-06-06,within an hour,100%,t,"['email', 'phone']",t,t,Belize Islands,Belize,17.93386,-87.95417,Room in hotel,Private room,2,,1.0,,"[""Fire extinguisher"", ""Air conditioning"", ""Clothing storage"", ""Bed linens"", ""Safe"", ""Mini fridge"", ""Coffee"", ""Iron"", ""Hair dryer"", ""Coffee maker""]",,1,365,t,23,53,79,354,2025-03-23,1,0,0,273,1,0,,2024-01-06,2024-01-06,5.0,5.0,5.0,5.0,5.0,5.0,5.0,,t,4
2673,2673,previous scrape,Two Bedroom Condo in San Pedro Near Downtown,"We are just north of the Boca Del Rio Bridge and a short walk across to beachside restaurants, gift shops, and more. <br /><br />We can arrange a golf cart rental where you can explore the rest of the island and village.",518611530,2023-06-06,within an hour,100%,t,"['email', 'phone']",t,t,Belize Islands,Belize,17.93552,-87.9525,Room in hotel,Private room,4,,2.0,,"[""Conditioner"", ""Microwave"", ""TV"", ""Clothing storage"", ""Bed linens"", ""Safe"", ""Air conditioning"", ""Mini fridge"", ""Wifi"", ""Pool"", ""Host greets you"", ""Room-darkening shades"", ""Iron"", ""Hair dryer"", ""Coffee maker""]",,1,365,t,27,57,87,362,2025-03-23,1,0,0,281,1,0,,2024-01-29,2024-01-29,5.0,5.0,5.0,5.0,5.0,5.0,5.0,,t,4
2674,2674,previous scrape,Room with two queen beds in San Pedro,"We are just north of the Boca Del Rio Bridge and a short walk across to beachside restaurants, gift shops, and more. <br /><br />We can arrange a golf cart rental where you can explore the rest of the island and village.",518611530,2023-06-06,within an hour,100%,t,"['email', 'phone']",t,t,Belize Islands,Belize,17.93409,-87.95396,Room in hotel,Private room,4,,1.0,,"[""Host greets you"", ""Coffee"", ""Microwave"", ""Air conditioning""]",,1,365,t,23,39,69,333,2025-03-23,0,0,0,260,0,0,,,,,,,,,,,,t,4
2679,2679,city scrape,1 Bedroom Apartment in Belize City w/Generator,,430720034,2021-11-06,within an hour,100%,t,"['email', 'phone']",t,t,Belize Mainland,Belize,17.51181,-88.22888,Entire rental unit,Entire home/apt,2,1.0,1.0,1.0,"[""Dedicated workspace"", ""Air conditioning"", ""Kitchen"", ""Stove"", ""Toaster"", ""Cooking basics"", ""Hangers"", ""Free dryer \u2013 In unit"", ""Hot water"", ""Wifi"", ""Coffee maker: Keurig coffee machine"", ""Refrigerator"", ""Iron"", ""Dishes and silverware"", ""First aid kit"", ""Stainless steel single oven"", ""Free washer \u2013 In unit"", ""TV"", ""Blender"", ""Microwave"", ""Lockbox"", ""Free parking on premises"", ""Self check-in"", ""Fire extinguisher"", ""Dining table"", ""Clothing storage"", ""Exterior security cameras on property""]",$203.00,3,365,t,11,37,67,150,2025-03-23,12,9,0,150,8,54,10962.0,2024-01-24,2025-02-08,5.0,5.0,5.0,5.0,5.0,4.67,5.0,,f,2
2682,2682,city scrape,Nona's Place San Ignacio apartment #2,,539070196,2023-09-26,within an hour,100%,t,"['email', 'phone']",t,t,Cayo,Cayo,17.15326057419526,-89.07404641586913,Entire rental unit,Entire home/apt,6,2.0,2.0,3.0,"[""Fire extinguisher"", ""Dedicated workspace"", ""Cooking basics"", ""Smoke alarm"", ""First aid kit"", ""Air conditioning"", ""Exterior security cameras on property"", ""Hot water"", ""Wifi"", ""Kitchen"", ""Host greets you"", ""Iron"", ""Free parking on premises""]",$361.00,1,365,t,30,60,90,270,2025-03-23,2,1,0,270,2,6,2166.0,2024-03-02,2024-12-28,4.5,4.5,5.0,4.5,5.0,4.5,4.5,,t,10
2683,2683,city scrape,Nona's Place San Ignacio apartment #4,,539070196,2023-09-26,within an hour,100%,t,"['email', 'phone']",t,t,Cayo,Cayo,17.153070919320747,-89.07412151772155,Entire rental unit,Entire home/apt,2,1.0,0.0,1.0,"[""Fire extinguisher"", ""Dedicated workspace"", ""Cooking basics"", ""Smoke alarm"", ""First aid kit"", ""Air conditioning"", ""Hot water"", ""Wifi"", ""Kitchen"", ""Host greets you"", ""Iron"", ""Free parking on premises""]",$110.00,1,365,t,30,60,90,270,2025-03-23,4,2,1,270,3,12,1320.0,2024-01-22,2025-03-01,4.75,4.75,4.5,4.75,4.75,4.75,4.75,,t,10
2684,2684,city scrape,Deluxe Double,,554768825,2024-01-05,within an hour,100%,f,"['email', 'phone']",t,t,Stann Creek Mainland,Stann Creek,16.53554,-88.41723,Room in boutique hotel,Private room,4,1.0,1.0,2.0,"[""Conditioner"", ""Smoke alarm"", ""Air conditioning"", ""Exterior security cameras on property"", ""Hot water"", ""Wifi"", ""Shampoo"", ""Iron"", ""Body soap"", ""Hair dryer"", ""Free parking on premises"", ""Long term stays allowed""]",$200.00,1,365,t,22,38,63,336,2025-03-23,3,2,0,255,3,12,2400.0,2024-02-18,2024-10-25,5.0,5.0,5.0,5.0,5.0,4.33,4.67,,t,1
2685,2685,city scrape,Adagio Villa,Located in the Tres Cocos neighborhood,484378150,2022-10-20,within an hour,100%,t,"['email', 'phone']",t,t,Belize Islands,Belize,17.936933327506043,-87.95127897942352,Entire home,Entire home/apt,8,3.5,4.0,4.0,"[""BBQ grill"", ""Private pool"", ""High chair"", ""Dedicated workspace"", ""Backyard"", ""Air conditioning"", ""Bed linens"", ""Kitchen"", ""Pack \u2019n play/Travel crib"", ""Hair dryer"", ""Housekeeping available every day - available at extra cost"", ""Outdoor dining area"", ""Crib"", ""Waterfront"", ""Dryer"", ""Cooking basics"", ""Washer"", ""Ocean view"", ""Pets allowed"", ""Hangers"", ""Hot water"", ""Oven"", ""Wifi"", ""Refrigerator"", ""Iron"", ""Dishes and silverware"", ""Carbon monoxide alarm"", ""Essentials"", ""Gas stove"", ""Barbecue utensils"", ""Private patio or balcony"", ""First aid kit"", ""Baking sheet"", ""Outdoor shower"", ""TV"", ""Safe"", ""Blender"", ""Pool view"", ""Beach access \u2013 Beachfront"", ""Microwave"", ""Free parking on premises"", ""Self check-in"", ""Dishwasher"", ""Sun loungers"", ""Fire extinguisher"", ""Beach view"", ""Building staff"", ""Smoke alarm"", ""Dining table"", ""Sea view"", ""Exterior security cameras on property"", ""Outdoor furniture"", ""Private entrance"", ""Coffee maker""]","$1,600.00",3,365,t,4,17,36,237,2025-03-23,11,10,0,159,9,60,96000.0,2024-03-17,2025-01-24,5.0,4.91,4.82,5.0,5.0,5.0,4.91,,t,4
2686,2686,city scrape,Adagio Villa Full Property,Located in the Tres Cocos neighborhood.  5 minutes North of town,484378150,2022-10-20,within an hour,100%,t,"['email', 'phone']",t,t,Belize Islands,Belize,17.9361,-87.95219,Entire home,Entire home/apt,14,6.5,7.0,7.0,"[""BBQ grill"", ""Private pool"", ""Dedicated workspace"", ""Backyard"", ""Air conditioning"", ""Bed linens"", ""Kitchen"", ""Housekeeping available every day - available at extra cost"", ""Toaster"", ""Outdoor dining area"", ""Crib"", ""Waterfront"", ""Dryer"", ""Cooking basics"", ""Washer"", ""Ocean view"", ""Pets allowed"", ""Hot water"", ""Oven"", ""Wifi"", ""Host greets you"", ""Refrigerator"", ""Iron"", ""Dishes and silverware"", ""Carbon monoxide alarm"", ""Gas stove"", ""Barbecue utensils"", ""Private patio or balcony"", ""First aid kit"", ""Baking sheet"", ""Outdoor shower"", ""TV"", ""Safe"", ""Blender"", ""Pool view"", ""Beach access \u2013 Beachfront"", ""Microwave"", ""Free parking on premises"", ""Dishwasher"", ""Sun loungers"", ""Fire extinguisher"", ""Beach view"", ""Smoke alarm"", ""Dining table"", ""Sea view"", ""Clothing storage"", ""Exterior security cameras on property"", ""Outdoor furniture"", ""Private entrance"", ""Ceiling fan"", ""Coffee maker""]","$2,911.00",3,365,t,4,16,38,233,2025-03-23,3,3,0,154,3,18,52398.0,2024-07-29,2024-11-30,5.0,5.0,4.67,5.0,5.0,5.0,5.0,,t,4
2692,2692,city scrape,2 Bed/Bath Apartment in Belize City w/Generator,,430720034,2021-11-06,within an hour,100%,t,"['email', 'phone']",t,t,Belize Mainland,Belize,17.51198,-88.22885,Entire rental unit,Entire home/apt,4,2.0,2.0,2.0,"[""Dedicated workspace"", ""Air conditioning"", ""Kitchen"", ""Wine glasses"", ""Window guards"", ""Cooking basics"", ""Free dryer \u2013 In unit"", ""Hangers"", ""Hot water"", ""Oven"", ""Wifi"", ""Electric stove"", ""Coffee maker: Keurig coffee machine"", ""Shampoo"", ""Iron"", ""Refrigerator"", ""Dishes and silverware"", ""First aid kit"", ""Baking sheet"", ""Free washer \u2013 In unit"", ""Books and reading material"", ""TV"", ""Blender"", ""Microwave"", ""Coffee"", ""Lockbox"", ""Free parking on premises"", ""Self check-in"", ""Fire extinguisher"", ""Conditioner"", ""Dining table"", ""Exterior security cameras on property"", ""Body soap"", ""Ceiling fan"", ""Clothing storage: closet""]",$279.00,3,1125,t,19,43,73,156,2025-03-23,8,7,2,156,5,42,11718.0,2024-02-21,2025-03-10,5.0,5.0,5.0,4.88,5.0,4.75,4.88,,t,2
2695,2695,city scrape,The Pool View Studio,,444489014,2022-02-10,within an hour,100%,t,"['email', 'phone']",t,t,Cayo,Cayo,17.24117470651643,-88.77746385767213,Entire rental unit,Entire home/apt,2,1.0,1.0,1.0,"[""Fire extinguisher"", ""Smoke alarm"", ""First aid kit"", ""Outdoor shower"", ""TV"", ""Air conditioning"", ""Exterior security cameras on property"", ""Pool"", ""Wifi"", ""Free parking on premises""]",$210.00,1,1125,t,22,44,65,340,2025-03-23,3,3,1,259,0,18,3780.0,2025-01-17,2025-03-16,4.67,5.0,5.0,5.0,5.0,5.0,4.67,,t,5
2696,2696,city scrape,Nona’s Place Belize City apt 1,,539070196,2023-09-26,within an hour,100%,t,"['email', 'phone']",t,t,Belize Mainland,Belize,17.49663,-88.18298,Entire rental unit,Entire home/apt,2,1.0,1.0,1.0,"[""Dedicated workspace"", ""Air conditioning"", ""Bed linens"", ""Mini fridge"", ""Luggage dropoff allowed"", ""Hair dryer"", ""Dryer"", ""Washer"", ""Hangers"", ""Hot water"", ""Wifi"", ""Host greets you"", ""Iron"", ""Dishes and silverware"", ""Essentials"", ""Long term stays allowed"", ""Cleaning available during stay"", ""First aid kit"", ""Microwave"", ""Free parking on premises"", ""Fire extinguisher"", ""Smoke alarm"", ""Kitchenette"", ""Exterior security cameras on property"", ""Body soap""]",$190.00,1,365,t,30,60,90,270,2025-03-23,5,2,0,270,4,12,2280.0,2024-02-18,2025-01-12,4.8,4.8,4.8,5.0,5.0,4.4,4.6,,t,10
2697,2697,city scrape,Beachfront Cabin #1/Free Breakfast,,549453338,2023-12-04,within an hour,100%,t,"['email', 'phone']",t,t,Belize Islands,Belize,17.96600162575211,-87.97476153820753,Entire cabin,Entire home/apt,2,1.0,1.0,0.0,"[""Air conditioning"", ""Bed linens"", ""Kayak"", ""Outdoor dining area"", ""Lake access"", ""Breakfast"", ""Pets allowed"", ""Hangers"", ""Hot water"", ""Wifi"", ""Room-darkening shades"", ""Shampoo"", ""Hammock"", ""Shower gel"", ""First aid kit"", ""Outdoor shower"", ""Beach access \u2013 Beachfront"", ""Sun loungers"", ""Fire extinguisher"", ""Conditioner"", ""Smoke alarm"", ""Clothing storage"", ""Exterior security cameras on property"", ""Private entrance""]",$155.00,1,30,t,24,54,84,355,2025-03-23,36,24,1,278,27,144,22320.0,2024-01-20,2025-03-06,4.64,4.5,4.78,4.42,4.72,4.56,4.47,,t,5
2698,2698,city scrape,Nona's Place San Ignacio Apt #3,,539070196,2023-09-26,within an hour,100%,t,"['email', 'phone']",t,t,Cayo,Cayo,17.153167935621436,-89.07399035971692,Entire rental unit,Entire home/apt,2,1.0,1.0,1.0,"[""Fire extinguisher"", ""Dedicated workspace"", ""Cooking basics"", ""Smoke alarm"", ""First aid kit"", ""Air conditioning"", ""Exterior security cameras on property"", ""Hot water"", ""Wifi"", ""Kitchen"", ""Host greets you"", ""Iron"", ""Free parking on premises""]",$116.00,1,365,t,30,60,90,270,2025-03-23,5,2,0,270,5,12,1392.0,2024-01-28,2024-10-18,4.8,5.0,4.8,5.0,5.0,4.6,4.8,,t,10
2700,2700,city scrape,Beach Garden Cabana Full Kitchen,,493050072,2022-12-27,within an hour,100%,t,['phone'],t,f,Stann Creek Mainland,Stann Creek,16.87102,-88.28777,Entire cabin,Entire home/apt,2,1.0,1.0,1.0,"[""Fire extinguisher"", ""Dedicated workspace"", ""Backyard"", ""First aid kit"", ""Pets allowed"", ""Outdoor shower"", ""Patio or balcony"", ""Smoking allowed"", ""Exterior security cameras on property"", ""Wifi"", ""Kitchen"", ""Host greets you"", ""Refrigerator"", ""Beach access \u2013 Beachfront"", ""Dishes and silverware"", ""Free parking on premises"", ""Outdoor dining area""]",$125.00,1,365,t,21,51,81,355,2025-03-23,9,9,0,275,4,54,6750.0,2024-11-18,2025-02-15,4.78,5.0,4.78,5.0,4.89,5.0,4.78,,t,9
2701,2701,city scrape,ABC Guest House,,557005684,2024-01-17,within an hour,100%,f,"['email', 'phone']",f,t,Belize Mainland,Belize,17.49266,-88.18816,Private room in rental unit,Private room,6,1.0,3.0,3.0,"[""Washer"", ""Air conditioning"", ""TV"", ""Wifi"", ""Kitchen""]",$118.00,1,90,t,29,59,89,269,2025-03-23,35,29,0,269,33,174,20532.0,2024-02-12,2025-02-03,4.51,4.74,4.51,4.77,4.91,4.51,4.17,,f,2
2702,2702,city scrape,Jungle lodge bungalow,,525451317,2023-07-13,,,f,"['email', 'phone']",t,t,Cayo,Cayo,17.22842783740016,-88.87393905996831,Private room in nature lodge,Private room,4,1.0,1.0,2.0,"[""Dedicated workspace"", ""Extra pillows and blankets"", ""Air conditioning"", ""Bed linens"", ""Kitchen"", ""Wine glasses"", ""Hair dryer"", ""Cooking basics"", ""Washer"", ""Pets allowed"", ""Hangers"", ""Hot water"", ""Oven"", ""Wifi"", ""Host greets you"", ""Room-darkening shades"", ""Shampoo"", ""Iron"", ""Refrigerator"", ""Dishes and silverware"", ""Hot water kettle"", ""Essentials"", ""Hammock"", ""Gas stove"", ""Cleaning available during stay"", ""First aid kit"", ""Coffee maker: drip coffee maker"", ""Books and reading material"", ""TV"", ""Microwave"", ""Coffee"", ""Free parking on premises"", ""Fire extinguisher"", ""Smoke alarm"", ""Dining table"", ""Exterior security cameras on property"", ""Outdoor furniture"", ""Body soap"", ""Ceiling fan""]",$335.00,1,365,t,30,60,90,270,2025-03-23,0,0,0,270,0,0,0.0,,,,,,,,,,,t,2
2703,2703,city scrape,"Premium, Private, Peaceful, 4BR Seabird Villa 14","Placencia is a beach resort on the Caribbean coast of Belize. It’s at the southern tip of the Placencia Peninsula, known for its palm-lined beaches. Seabird is a new development made of 28 homes that rest peacefully on the Placencia Bay. It's safe, with gated security, private, and peaceful. There is a community pool, onsite Nest spa, private dock, and community paddle boards and kayaks. The neighborhood is just 1/2 mile from the local airport and 2-3 miles from the village. A perfect location to make navigating Placencia quick and easy.",546035747,2023-11-11,within an hour,100%,t,"['email', 'phone']",t,t,Stann Creek Mainland,Stann Creek,16.53918421258089,-88.36657391589966,Entire home,Entire home/apt,8,3.0,4.0,8.0,"[""BBQ grill"", ""Boat slip"", ""Dedicated workspace"", ""Extra pillows and blankets"", ""Bay view"", ""Bed linens"", ""Private outdoor kitchen"", ""Kitchen"", ""Wine glasses"", ""Kayak"", ""Private outdoor pool - available all year, open 24 hours, saltwater"", ""Hair dryer"", ""Cleaning products"", ""Luggage dropoff allowed"", ""Toaster"", ""Outdoor dining area"", ""Waterfront"", ""Board games"", ""Cooking basics"", ""Free resort access"", ""Free dryer \u2013 In unit"", ""Hangers"", ""Hot water"", ""LG electric stove"", ""Oven"", ""Wifi"", ""Room-darkening shades"", ""Shampoo"", ""Iron"", ""Refrigerator"", ""Dishes and silverware"", ""Hot water kettle"", ""Essentials"", ""Rice maker"", ""Long term stays allowed"", ""Cleaning available during stay"", ""Barbecue utensils"", ""Private patio or balcony"", ""First aid kit"", ""Baking sheet"", ""Free washer \u2013 In unit"", ""Private backyard \u2013 Not fully fenced"", ""Outdoor shower"", ""Mountain view"", ""TV"", ""Books and reading material"", ""Safe"", ""Single level home"", ""Blender"", ""Shared beach access"", ""Microwave"", ""Coffee"", ""Free parking on premises"", ""Self check-in"", ""Dishwasher"", ""Sun loungers"", ""Fire extinguisher"", ""Shared gym nearby"", ""Freezer"", ""Building staff"", ""Conditioner"", ""Smoke alarm"", ""Dining table"", ""Sea view"", ""AC - split type ductless system"", ""Clothing storage"", ""Outdoor furniture"", ""Body soap"", ""Private entrance"", ""Ceiling fan"", ""Coffee maker""]","$1,456.00",1,365,t,7,37,47,289,2025-03-23,9,7,2,211,7,42,61152.0,2024-02-26,2025-03-08,5.0,5.0,4.78,5.0,4.89,4.89,5.0,,t,15
2704,2704,city scrape,COBIA Beach Guest House. Pink,"COBIA Beach Guest House is in the middle of 3.5 miles of Caribbean beach.  We are in the middle of a Garifuna fishing village. We have resorts on both the north and south side of the village. If quiet all inclusive resorts are your thing....then we are NOT the place for you. If you want to be part of a very friendly welcoming neighborhood, experiencing the locals......then you will love it here.",513025278,2023-05-03,within a few hours,100%,t,"['email', 'phone']",t,t,Stann Creek Mainland,Stann Creek,16.85813,-88.28179,Entire cabin,Entire home/apt,8,3.0,2.0,4.0,"[""BBQ grill"", ""Mini golf"", ""Air conditioning"", ""Bed linens"", ""Kitchen"", ""Wine glasses"", ""Toaster"", ""Outdoor dining area"", ""Waterfront"", ""Cooking basics"", ""Washer"", ""Pets allowed"", ""Hangers"", ""Hot water"", ""Wifi"", ""Refrigerator"", ""Hammock"", ""Dishes and silverware"", ""Free street parking"", ""First aid kit"", ""Coffee maker: drip coffee maker"", ""Outdoor shower"", ""Patio or balcony"", ""Safe"", ""Beach access \u2013 Beachfront"", ""Microwave"", ""Coffee"", ""Free parking on premises"", ""Beach essentials"", ""Fire extinguisher"", ""Freezer"", ""Smoke alarm"", ""Dining table"", ""Exterior security cameras on property"", ""Free dryer"", ""Outdoor furniture"", ""Ceiling fan""]",$307.00,3,21,t,5,27,56,56,2025-03-23,7,6,0,56,4,36,11052.0,2024-03-05,2025-02-09,4.57,5.0,5.0,4.86,4.43,5.0,4.57,,t,2
2706,2706,city scrape,Sunny Bungalow 1 Bedroom- Pool- Beachfront-Relax,,477683637,2022-09-01,within an hour,100%,f,"['email', 'phone']",t,t,Stann Creek Mainland,Stann Creek,16.58363574,-88.36356621,Entire bungalow,Entire home/apt,3,1.0,1.0,2.0,"[""Extra pillows and blankets"", ""Air conditioning"", ""Bed linens"", ""Kitchen"", ""Wine glasses"", ""Kayak"", ""Hair dryer"", ""Cleaning products"", ""Stove"", ""Toaster"", ""Waterfront"", ""Dryer"", ""Washer"", ""Ocean view"", ""Shared beach access \u2013 Beachfront"", ""Hangers"", ""Hot water"", ""Pool"", ""Wifi"", ""Host greets you"", ""Shampoo"", ""Iron"", ""Refrigerator"", ""Dishes and silverware"", ""Hammock"", ""Hot water kettle"", ""Long term stays allowed"", ""First aid kit"", ""Patio or balcony"", ""TV"", ""Safe"", ""Blender"", ""Pool view"", ""Microwave"", ""Free parking on premises"", ""Fire extinguisher"", ""Freezer"", ""Beach view"", ""Conditioner"", ""Smoke alarm"", ""Sea view"", ""Clothing storage"", ""Exterior security cameras on property"", ""Outdoor furniture"", ""Private entrance"", ""Ceiling fan"", ""Coffee maker""]",$266.00,2,90,t,27,32,62,304,2025-03-23,6,4,2,236,2,24,6384.0,2024-02-16,2025-03-05,5.0,5.0,5.0,4.83,5.0,5.0,5.0,,t,3
2708,2708,city scrape,"Sunny Bungalow, 3 Bedroom-Beachfront-Private Pool",,477683637,2022-09-01,within an hour,100%,f,"['email', 'phone']",t,t,Stann Creek Mainland,Stann Creek,16.58367479,-88.36340044,Entire bungalow,Entire home/apt,7,2.0,3.0,4.0,"[""Backyard"", ""Air conditioning"", ""Bed linens"", ""Kitchen"", ""Wine glasses"", ""Kayak"", ""Hair dryer"", ""Cleaning products"", ""Stove"", ""Toaster"", ""Outdoor dining area"", ""Waterfront"", ""Dryer"", ""Washer"", ""Ocean view"", ""Shared beach access \u2013 Beachfront"", ""Hangers"", ""Hot water"", ""Pool"", ""Wifi"", ""Host greets you"", ""Shampoo"", ""Iron"", ""Refrigerator"", ""Dishes and silverware"", ""Hammock"", ""Hot water kettle"", ""Essentials"", ""Long term stays allowed"", ""First aid kit"", ""Outdoor shower"", ""TV"", ""Patio or balcony"", ""Safe"", ""Blender"", ""Pool view"", ""Microwave"", ""Coffee"", ""Bread maker"", ""Free parking on premises"", ""Fire extinguisher"", ""Freezer"", ""Beach view"", ""Conditioner"", ""Smoke alarm"", ""Dining table"", ""Clothing storage"", ""Exterior security cameras on property"", ""Outdoor furniture"", ""Body soap"", ""Private entrance"", ""Ceiling fan"", ""Coffee maker""]",$767.00,2,90,t,10,15,45,287,2025-03-23,2,2,0,219,2,12,9204.0,2024-12-19,2024-12-26,4.0,4.5,4.0,4.0,5.0,4.0,4.0,,t,3
2709,2709,city scrape,South Harbour Apt #2,Along the highway.,558472238,2024-01-24,within an hour,100%,t,"['email', 'phone']",t,t,Belize Mainland,Belize,17.49721,-88.23068,Entire rental unit,Entire home/apt,4,2.5,2.0,2.0,"[""GE gas stove"", ""Boat slip"", ""Extra pillows and blankets"", ""GE stainless steel single oven"", ""Bed linens"", ""Kitchen"", ""Wine glasses"", ""Laundromat nearby"", ""Hair dryer"", ""Cleaning products"", ""Marina view"", ""Toaster"", ""Waterfront"", ""Cooking basics"", ""Free dryer \u2013 In unit"", ""Hangers"", ""Hot water"", ""Wifi"", ""Room-darkening shades"", ""Shampoo"", ""Iron"", ""Dishes and silverware"", ""Hammock"", ""Paid resort access"", ""Essentials"", ""Long term stays allowed"", ""Free street parking"", ""Private patio or balcony"", ""First aid kit"", ""Free washer \u2013 In unit"", ""Coffee maker: drip coffee maker"", ""TV"", ""Safe"", ""Microwave"", ""Coffee"", ""Lockbox"", ""Free parking on premises"", ""Clothing storage: closet and dresser"", ""GE refrigerator"", ""Self check-in"", ""Fire extinguisher"", ""Freezer"", ""Smoke alarm"", ""Dining table"", ""Sea view"", ""AC - split type ductless system"", ""Exterior security cameras on property"", ""Body soap"", ""Private entrance"", ""Ceiling fan""]",$296.00,2,60,t,17,43,73,248,2025-03-23,20,18,2,248,15,108,31968.0,2024-02-26,2025-03-09,4.85,4.95,4.9,4.9,4.9,4.7,4.85,,t,2
2710,2710,previous scrape,Nona’s Place San Ignacio Apt 5,,539070196,2023-09-26,within an hour,100%,t,"['email', 'phone']",t,t,Cayo,Cayo,17.15403,-89.07504,Entire rental unit,Entire home/apt,2,,1.0,,"[""Fire extinguisher"", ""Dedicated workspace"", ""Cooking basics"", ""Smoke alarm"", ""First aid kit"", ""Air conditioning"", ""Exterior security cameras on property"", ""Hot water"", ""Wifi"", ""Kitchen"", ""Host greets you"", ""Iron"", ""Free parking on premises""]",,1,365,t,30,60,90,270,2025-03-23,11,10,1,270,7,60,,2024-03-19,2025-03-01,4.91,5.0,5.0,4.73,5.0,4.64,4.73,,t,10
2712,2712,city scrape,DadaG's Guest House,,413168495,2021-07-15,within an hour,100%,f,"['email', 'phone']",t,t,Toledo Mainland,Toledo,16.10003,-88.80659,Entire rental unit,Entire home/apt,5,1.0,1.0,2.0,"[""Fire extinguisher"", ""Washer"", ""Smoke alarm"", ""Air conditioning"", ""TV"", ""Exterior security cameras on property"", ""Wifi"", ""Kitchen"", ""Free parking on premises""]",$129.00,1,365,t,20,50,80,259,2025-03-23,2,2,1,259,1,12,1548.0,2024-07-25,2025-02-26,4.0,3.5,4.5,5.0,5.0,5.0,3.5,,t,2
2714,2714,city scrape,PoolSide Condo 15-Queen beds-300ft from water taxi,,547161403,2023-11-19,within an hour,100%,f,['phone'],t,t,Belize Islands,Belize,17.74148,-88.02436,Room in hotel,Private room,4,1.0,0.0,0.0,"[""Pool - open specific hours"", ""Air conditioning"", ""Bed linens"", ""Laundromat nearby"", ""Luggage dropoff allowed"", ""Outdoor dining area"", ""Waterfront"", ""Board games"", ""Cooking basics"", ""Pets allowed"", ""Hot water"", ""Wifi"", ""Refrigerator"", ""Room-darkening shades"", ""Dishes and silverware"", ""Hammock"", ""Long term stays allowed"", ""Outdoor shower"", ""TV"", ""Patio or balcony"", ""Safe"", ""Beach access \u2013 Beachfront"", ""Microwave"", ""Self check-in"", ""Fire extinguisher"", ""Building staff"", ""Smoke alarm"", ""Dining table"", ""Kitchenette"", ""Drying rack for clothing"", ""Outdoor furniture"", ""Private entrance"", ""Ceiling fan"", ""Coffee maker""]",$218.00,1,365,t,7,30,60,324,2025-03-23,12,12,3,245,8,72,15696.0,2024-03-28,2025-03-16,4.92,4.92,4.83,5.0,5.0,5.0,4.92,,f,1
2717,2717,city scrape,Cascada Maya Caye Caulker Belize,,425629722,2021-10-02,within an hour,100%,t,"['email', 'phone']",t,t,Belize Islands,Belize,17.73632,-88.02792,Room in hotel,Private room,2,1.0,1.0,1.0,"[""BBQ grill"", ""Fire extinguisher"", ""Smart lock"", ""First aid kit"", ""Outdoor shower"", ""Air conditioning"", ""Pool"", ""Wifi"", ""Fire pit"", ""Refrigerator"", ""Free parking on premises"", ""Self check-in""]",$225.00,1,365,t,18,41,71,251,2025-03-23,26,21,4,251,11,126,28350.0,2024-02-16,2025-03-08,4.92,4.92,4.96,5.0,4.96,4.85,4.88,,t,4
2718,2718,city scrape,Casa Tia Maria Retreat,,505248094,2023-03-13,within an hour,100%,f,"['email', 'phone']",t,t,Cayo,Cayo,17.16348,-89.10289,Entire bungalow,Entire home/apt,5,2.0,2.0,2.0,"[""BBQ grill"", ""Dedicated workspace"", ""Extra pillows and blankets"", ""Bed linens"", ""Dryer \u2013 In building"", ""Kitchen"", ""Wine glasses"", ""Luggage dropoff allowed"", ""Hair dryer"", ""Cleaning products"", ""Toaster"", ""Outdoor dining area"", ""Sound system"", ""Window guards"", ""Board games"", ""Cooking basics"", ""Pets allowed"", ""Free washer \u2013 In building"", ""Hangers"", ""Hot water"", ""Single oven"", ""Portable fans"", ""Wifi"", ""Electric stove"", ""Room-darkening shades"", ""Shampoo"", ""Iron"", ""Refrigerator"", ""Hammock"", ""Hot water kettle"", ""Essentials"", ""Long term stays allowed"", ""Cleaning available during stay"", ""Barbecue utensils"", ""Private patio or balcony"", ""Baking sheet"", ""Single level home"", ""Books and reading material"", ""Blender"", ""Microwave"", ""Rosa Venus body soap"", ""Coffee"", ""Free parking on premises"", ""Clothing storage: closet and dresser"", ""Smoke alarm"", ""Dining table"", ""65 inch HDTV with Netflix"", ""Private outdoor pool - available all year, open 24 hours"", ""AC - split type ductless system"", ""Drying rack for clothing"", ""Outdoor furniture"", ""Private entrance"", ""Ceiling fan"", ""Coffee maker""]",$402.00,3,365,t,10,10,10,166,2025-03-23,9,8,2,85,3,48,19296.0,2024-03-13,2025-03-19,5.0,5.0,5.0,4.78,5.0,4.89,5.0,,t,1
2719,2719,city scrape,4bdrm Private Home quiet residential community,,525056761,2023-07-11,,,f,"['email', 'phone']",t,t,Belize Mainland,Belize,17.50216,-88.20226,Entire home,Entire home/apt,8,3.0,4.0,4.0,"[""Backyard"", ""Air conditioning"", ""Bed linens"", ""Kitchen"", ""Hair dryer"", ""Stove"", ""Dryer"", ""Smart lock"", ""Washer"", ""TV with standard cable"", ""Oven"", ""Wifi"", ""Refrigerator"", ""Iron"", ""Dishes and silverware"", ""First aid kit"", ""Microwave"", ""Free parking on premises"", ""Self check-in"", ""Fire extinguisher"", ""Smoke alarm"", ""Private entrance"", ""Coffee maker""]",$476.00,3,365,t,27,36,51,315,2025-03-23,0,0,0,234,0,0,0.0,,,,,,,,,,,f,1
2721,2721,city scrape,Maya Cave House,,505013195,2023-03-12,within an hour,100%,f,"['email', 'phone']",t,t,Cayo,Cayo,17.15777703349431,-88.75728864222765,Entire cabin,Entire home/apt,8,2.0,4.0,5.0,"[""BBQ grill"", ""Fire extinguisher"", ""Dedicated workspace"", ""Washer"", ""Smoke alarm"", ""First aid kit"", ""Pets allowed"", ""Kitchen"", ""Host greets you"", ""Free parking on premises""]",$122.00,1,200,t,28,58,88,267,2025-03-23,3,2,0,267,2,12,1464.0,2024-03-03,2025-01-06,5.0,4.0,5.0,5.0,5.0,4.67,4.33,,t,1
2726,2726,city scrape,9A apartments in Sapphire Beach Resort,,555639108,2024-01-10,,,f,"['email', 'phone']",t,t,Belize Islands,Belize,18.0353144,-87.8954294,Entire rental unit,Entire home/apt,2,1.0,1.0,1.0,"[""Shower gel"", ""Fire extinguisher"", ""Conditioner"", ""Smoke alarm"", ""First aid kit"", ""Dining table"", ""Shared pool"", ""Carbon monoxide alarm"", ""TV"", ""Air conditioning"", ""Hot water"", ""Wifi"", ""Kitchen"", ""Wine glasses"", ""Body soap"", ""Hair dryer"", ""Free parking on premises""]",$636.00,2,1125,t,10,32,32,32,2025-03-23,0,0,0,32,0,0,0.0,,,,,,,,,,,t,1
2727,2727,city scrape,Beach & Pool access - Gate House,,472971521,2022-08-02,within an hour,100%,t,"['email', 'phone']",t,t,Stann Creek Mainland,Stann Creek,16.818791569021574,-88.26362744748533,Entire home,Entire home/apt,5,1.0,2.0,3.0,"[""Boat slip"", ""Backyard"", ""Coffee maker: drip coffee maker, espresso machine, french press"", ""Air conditioning"", ""Bed linens"", ""Kitchen"", ""Wine glasses"", ""Laundromat nearby"", ""Kayak"", ""Hair dryer"", ""Cleaning products"", ""Crib - available upon request"", ""Children\u2019s books and toys for ages 5-10 years old and 10+ years old"", ""Toaster"", ""Outdoor dining area"", ""Waterfront"", ""Board games"", ""Washer"", ""Cooking basics"", ""Keypad"", ""Free dryer \u2013 In unit"", ""Hangers"", ""Hot water"", ""Wifi"", ""Room-darkening shades"", ""Shampoo"", ""Iron"", ""Carbon monoxide alarm"", ""Refrigerator"", ""Dishes and silverware"", ""Essentials"", ""Hot water kettle"", ""Hammock"", ""Shower gel"", ""Long term stays allowed"", ""Cleaning available during stay"", ""Stainless steel gas stove"", ""Private patio or balcony"", ""First aid kit"", ""Stainless steel single oven"", ""Baking sheet"", ""Bikes"", ""Single level home"", ""Books and reading material"", ""TV"", ""Safe"", ""Blender"", ""Beach access \u2013 Beachfront"", ""Microwave"", ""Coffee"", ""Free parking on premises"", ""Beach essentials"", ""Self check-in"", ""Sun loungers"", ""Fire extinguisher"", ""Beach view"", ""Conditioner"", ""Smoke alarm"", ""Dining table"", ""Shared pool"", ""Sea view"", ""Outdoor furniture"", ""Body soap"", ""Private entrance"", ""Ceiling fan"", ""Clothing storage: closet""]",$361.00,2,365,t,20,42,43,43,2025-03-23,25,23,4,43,18,138,49818.0,2024-02-25,2025-03-10,4.8,4.76,4.72,4.8,4.8,4.72,4.72,,f,4
2729,2729,city scrape,Beach & Pool Access - Canal House,,472971521,2022-08-02,within an hour,100%,t,"['email', 'phone']",t,t,Stann Creek Mainland,Stann Creek,16.818380772322328,-88.26515094220579,Entire home,Entire home/apt,5,2.0,2.0,3.0,"[""Boat slip"", ""Coffee maker: drip coffee maker, espresso machine, french press"", ""Air conditioning"", ""Bed linens"", ""Kitchen"", ""Wine glasses"", ""Hair dryer"", ""Crib - available upon request"", ""Cleaning products"", ""Toaster"", ""Waterfront"", ""Cooking basics"", ""Washer"", ""Free dryer \u2013 In unit"", ""Hangers"", ""Hot water"", ""Wifi"", ""Room-darkening shades"", ""Shampoo"", ""Iron"", ""Carbon monoxide alarm"", ""Refrigerator"", ""Dishes and silverware"", ""Essentials"", ""Heating"", ""Three brands to choose from body soap"", ""Shower gel"", ""Gas stove"", ""Hot water kettle"", ""Free street parking"", ""Long term stays allowed"", ""Cleaning available during stay"", ""Private patio or balcony"", ""First aid kit"", ""Stainless steel single oven"", ""Baking sheet"", ""Bikes"", ""Books and reading material"", ""TV"", ""Safe"", ""Blender"", ""Shared beach access"", ""Microwave"", ""Coffee"", ""Lockbox"", ""Free parking on premises"", ""Beach essentials"", ""Dishwasher"", ""Self check-in"", ""Fire extinguisher"", ""Freezer"", ""Conditioner"", ""Smoke alarm"", ""Dining table"", ""Shared pool"", ""Exterior security cameras on property"", ""Private entrance"", ""Ceiling fan"", ""Clothing storage: closet""]",$398.00,2,365,t,27,52,82,357,2025-03-23,9,9,1,276,5,54,21492.0,2024-04-01,2025-03-04,4.44,4.44,5.0,4.89,5.0,5.0,4.67,,f,4
2732,2732,city scrape,South Harbour Apt #3,Along the highway.,558472238,2024-01-24,within an hour,100%,t,"['email', 'phone']",t,t,Belize Mainland,Belize,17.49743,-88.22956,Entire rental unit,Entire home/apt,2,1.5,1.0,1.0,"[""Boat slip"", ""Extra pillows and blankets"", ""Bed linens"", ""Kitchen"", ""Laundromat nearby"", ""Luggage dropoff allowed"", ""Cleaning products"", ""Resort access"", ""Marina view"", ""Toaster"", ""Waterfront"", ""Cooking basics"", ""Pack \u2019n play/Travel crib - available upon request"", ""Free dryer \u2013 In unit"", ""Hangers"", ""Hot water"", ""Oven"", ""Shampoo"", ""Iron"", ""Refrigerator"", ""Dishes and silverware"", ""Essentials"", ""Long term stays allowed"", ""Gas stove"", ""Free street parking"", ""Private patio or balcony"", ""First aid kit"", ""Baking sheet"", ""Free washer \u2013 In unit"", ""TV"", ""Safe"", ""Microwave"", ""Coffee"", ""Lockbox"", ""Free parking on premises"", ""Clothing storage: closet and dresser"", ""Self check-in"", ""Fire extinguisher"", ""Freezer"", ""Conditioner"", ""Smoke alarm"", ""Dining table"", ""Sea view"", ""AC - split type ductless system"", ""Exterior security cameras on property"", ""Body soap"", ""Ceiling fan"", ""Coffee maker"", ""Fast wifi \u2013 67 Mbps""]",$229.00,2,60,t,22,52,82,257,2025-03-23,20,19,2,257,16,114,26106.0,2024-03-13,2025-03-17,4.95,4.9,4.95,4.9,4.95,4.85,4.95,,t,2
2733,2733,city scrape,Condo Caribbean Dreams,,562368932,2024-02-16,within an hour,100%,f,"['email', 'phone']",f,t,Stann Creek Mainland,Stann Creek,16.97047,-88.22179,Entire home,Entire home/apt,4,2.0,2.0,2.0,"[""BBQ grill"", ""Fire extinguisher"", ""Washer"", ""Smoke alarm"", ""First aid kit"", ""Air conditioning"", ""TV"", ""Exterior security cameras on property"", ""Wifi"", ""Kitchen"", ""Host greets you"", ""Iron"", ""Hair dryer"", ""Free parking on premises""]",$170.00,1,30,t,15,41,69,253,2025-03-23,14,14,0,253,10,84,14280.0,2024-03-26,2025-02-15,4.64,4.57,4.5,4.5,4.93,4.36,4.79,,t,1
2734,2734,city scrape,Coco's Beachfront Cabanas Seaside Suite A & B,,447255619,2022-02-28,,,f,"['email', 'phone']",t,t,Stann Creek Mainland,Stann Creek,16.579112926610662,-88.3649147964484,Entire guesthouse,Entire home/apt,6,2.0,0.0,2.0,"[""BBQ grill"", ""Air conditioning"", ""Kitchen"", ""Wine glasses"", ""Kayak"", ""Stove"", ""Toaster"", ""Outdoor dining area"", ""Waterfront"", ""Cooking basics"", ""Hangers"", ""Oven"", ""Pool"", ""Portable fans"", ""Wifi"", ""Host greets you"", ""Refrigerator"", ""Hammock"", ""Dishes and silverware"", ""Essentials"", ""Barbecue utensils"", ""First aid kit"", ""Bikes"", ""Outdoor shower"", ""TV"", ""Patio or balcony"", ""Safe"", ""Beach access \u2013 Beachfront"", ""Microwave"", ""Coffee"", ""Free parking on premises"", ""Fire extinguisher"", ""Smoke alarm"", ""Dining table"", ""Exterior security cameras on property"", ""Outdoor furniture"", ""Private entrance"", ""Ceiling fan"", ""Coffee maker""]",$539.00,2,365,t,17,21,50,254,2025-03-23,1,1,0,210,1,6,3234.0,2024-06-01,2024-06-01,5.0,5.0,5.0,5.0,5.0,5.0,5.0,,f,2
2736,2736,city scrape,A Beachfront Stay by Joan -3,,521600332,2023-06-23,within an hour,100%,f,"['email', 'phone']",t,t,Belize Islands,Belize,17.741904877492022,-88.0237959398905,Entire rental unit,Entire home/apt,3,1.0,1.0,1.0,"[""Pool - open specific hours"", ""Air conditioning"", ""Bed linens"", ""Mini fridge"", ""Laundromat nearby"", ""Hair dryer"", ""Cooking basics"", ""Housekeeping available from 12:00\u202fPM to 4:00\u202fPM - available at extra cost"", ""Hangers"", ""Hot water"", ""Wifi"", ""Host greets you"", ""Private patio or balcony"", ""Coffee maker: drip coffee maker"", ""Clothing storage: wardrobe"", ""Books and reading material"", ""Beach access \u2013 Beachfront"", ""Microwave"", ""Beach view"", ""Dining table"", ""Kitchenette"", ""Sea view"", ""Outdoor furniture"", ""Private entrance""]",$183.00,1,365,t,23,47,77,352,2025-03-23,17,17,2,271,12,102,18666.0,2024-04-22,2025-02-24,4.71,4.76,4.82,4.94,4.88,4.65,4.76,,t,2
2741,2741,city scrape,Comfortable home with Sea view,- Authentic Belize food and shops in the area<br />- Watch the Belizian's play drums and dance<br />- Beautiful sea can be enjoyed all year around<br />- Medicine is in the air from all the plants and trees - Instant healing<br />- Experience good times with friendly people in beautiful south Belize,563576012,2024-02-23,,,f,"['email', 'phone']",f,t,Stann Creek Mainland,Stann Creek,16.97014,-88.23066,Entire home,Entire home/apt,6,2.0,2.0,3.0,"[""Ethernet connection"", ""Dedicated workspace"", ""Air conditioning"", ""Kitchen"", ""Wine glasses"", ""Cleaning products"", ""Stove"", ""Toaster"", ""Waterfront"", ""Hot water"", ""Oven"", ""Wifi"", ""Shampoo"", ""Iron"", ""Hammock"", ""Carbon monoxide alarm"", ""Free street parking"", ""TV"", ""Beach access \u2013 Beachfront"", ""Microwave"", ""Coffee"", ""Bread maker"", ""Free parking on premises"", ""Self check-in"", ""Dishwasher"", ""Freezer"", ""Building staff"", ""Smoke alarm"", ""Exterior security cameras on property"", ""Ceiling fan"", ""Coffee maker""]",$315.00,3,365,t,30,60,90,269,2025-03-23,2,2,0,269,2,12,3780.0,2024-04-02,2024-05-13,4.5,5.0,5.0,5.0,5.0,5.0,5.0,,f,1
2742,2742,city scrape,3 BR Tranquil Oasis in Santa Elena,,563610068,2024-02-23,within an hour,100%,f,"['email', 'phone']",t,t,Cayo,Cayo,17.16632,-89.04423,Entire home,Entire home/apt,6,3.0,3.0,0.0,"[""BBQ grill"", ""Building staff"", ""TV"", ""Air conditioning"", ""Wifi"", ""Kitchen"", ""Free parking on premises"", ""Self check-in""]",$200.00,2,365,t,22,47,77,257,2025-03-23,4,3,1,257,2,18,3600.0,2024-03-01,2025-03-17,5.0,5.0,5.0,4.5,5.0,4.25,4.5,,t,1
2745,2745,previous scrape,La Vida Perezosa 1bdrm Luxury Apt,,395523375,2021-04-04,within an hour,100%,,"['email', 'phone']",t,t,Belize Islands,Belize,17.74502,-88.02534,Private room in rental unit,Private room,2,,1.0,,"[""BBQ grill"", ""Fire extinguisher"", ""Smoke alarm"", ""First aid kit"", ""Outdoor shower"", ""TV"", ""Air conditioning"", ""Exterior security cameras on property"", ""Pool"", ""Wifi"", ""Host greets you"", ""Beach access \u2013 Beachfront"", ""Carbon monoxide alarm"", ""Free parking on premises"", ""Outdoor dining area""]",,1,365,t,9,39,69,246,2025-03-23,1,1,1,246,0,6,,2025-02-28,2025-02-28,5.0,5.0,5.0,5.0,5.0,5.0,5.0,,t,5
2746,2746,city scrape,La Vida Perezosa 2bdrm Luxury Apt,,395523375,2021-04-04,within an hour,100%,,"['email', 'phone']",t,t,Belize Islands,Belize,17.74504208968946,-88.02534853334352,Entire rental unit,Entire home/apt,4,2.0,2.0,1.0,"[""BBQ grill"", ""Dedicated workspace"", ""Coffee maker: pour-over coffee"", ""Air conditioning"", ""Kitchen"", ""Laundromat nearby"", ""Cleaning products"", ""Cooking basics"", ""Hot water"", ""Oven"", ""Wifi"", ""Electric stove"", ""Host greets you"", ""Refrigerator"", ""Shampoo"", ""Iron"", ""Carbon monoxide alarm"", ""Dishes and silverware"", ""Free street parking"", ""First aid kit"", ""Outdoor shower"", ""TV"", ""Safe"", ""Beach access \u2013 Beachfront"", ""Microwave"", ""Coffee"", ""Free parking on premises"", ""Dishwasher"", ""Fire extinguisher"", ""Shared pool"", ""Smoke alarm"", ""Exterior security cameras on property"", ""Outdoor furniture"", ""Ceiling fan""]",$693.00,1,365,t,10,40,70,247,2025-03-23,1,1,0,247,1,6,4158.0,2024-12-31,2024-12-31,5.0,5.0,5.0,5.0,5.0,5.0,5.0,,t,5
2747,2747,city scrape,"Seabird Haven villa 8: 4BDR, 3BA, Dock","Seabird Luxury Dwellings consists of 28 luxury villas with 24 hour security, community pool and spa.",546035747,2023-11-11,within an hour,100%,t,"['email', 'phone']",t,t,Stann Creek Mainland,Stann Creek,16.53906,-88.36621,Entire home,Entire home/apt,8,3.0,4.0,6.0,"[""Dedicated workspace"", ""Air conditioning"", ""Kitchen"", ""Luggage dropoff allowed"", ""Hair dryer"", ""Waterfront"", ""Dryer"", ""Cooking basics"", ""Washer"", ""Pets allowed"", ""Hangers"", ""Hot water"", ""Wifi"", ""Shampoo"", ""Iron"", ""Essentials"", ""Long term stays allowed"", ""First aid kit"", ""Outdoor shower"", ""TV"", ""Free parking on premises"", ""Self check-in"", ""Fire extinguisher"", ""Building staff"", ""Smoke alarm""]",$918.00,1,365,t,4,32,62,336,2025-03-23,3,3,0,255,2,18,16524.0,2024-06-30,2025-01-04,5.0,5.0,5.0,4.33,4.67,5.0,5.0,,t,15
2748,2748,city scrape,"Aqua Seas, Condo 3C",,402636567,2021-05-20,within an hour,100%,t,"['email', 'phone']",t,t,Belize Islands,Belize,17.88159,-87.99116,Entire rental unit,Entire home/apt,4,2.0,2.0,2.0,"[""Fire extinguisher"", ""Dedicated workspace"", ""Washer"", ""Smoke alarm"", ""First aid kit"", ""Shared pool"", ""Air conditioning"", ""TV"", ""Exterior security cameras on property"", ""Wifi"", ""Kitchen"", ""Beach access \u2013 Beachfront"", ""Free parking on premises"", ""Outdoor dining area""]",$605.00,1,365,t,5,28,53,314,2025-03-23,1,1,0,235,1,6,3630.0,2024-08-24,2024-08-24,5.0,5.0,5.0,5.0,5.0,4.0,5.0,,t,23
2749,2749,city scrape,A Tropical Paradise By The Sea!,"The Neighborhood is quiet with less traffic than the heart of San Pedro.  You will find the atmosphere around you relaxed and carefree. There are hidden gems all over the island itself and several are located near the house. If you are looking for great food and a great atmosphere, you will find several restaurants nearby where you can dine on the beach. Rest assured as you travel to and from your destinations, a patrol station is located about only a mile from Sandy Bottoms Retreat.",564641091,2024-02-29,,,f,"['email', 'phone']",t,t,Belize Islands,Belize,17.8801051,-87.9933142,Entire home,Entire home/apt,12,3.0,4.0,5.0,"[""Free dryer \u2013 In building"", ""Dedicated workspace"", ""Extra pillows and blankets"", ""Air conditioning"", ""Bed linens"", ""Mini fridge"", ""Kitchen"", ""Wine glasses"", ""Kayak"", ""Luggage dropoff allowed"", ""Hair dryer"", ""Cleaning products"", ""Toaster"", ""Outdoor dining area"", ""Sound system"", ""Crib"", ""Waterfront"", ""Board games"", ""Cooking basics"", ""Private BBQ grill"", ""Ocean view"", ""Pets allowed"", ""Pack \u2019n play/Travel crib - available upon request"", ""Free washer \u2013 In building"", ""Hot water"", ""Wifi"", ""Electric stove"", ""Host greets you"", ""Shampoo"", ""Iron"", ""Refrigerator"", ""Dishes and silverware"", ""Free driveway parking on premises \u2013 2 spaces"", ""Essentials"", ""Long term stays allowed"", ""Shower gel"", ""Cleaning available during stay"", ""Barbecue utensils"", ""Private patio or balcony"", ""First aid kit"", ""Baking sheet"", ""Single level home"", ""Private backyard \u2013 Not fully fenced"", ""Outdoor shower"", ""TV"", ""Books and reading material"", ""Standalone high chair - available upon request"", ""Safe"", ""Life size games"", ""Blender"", ""Pool view"", ""Beach access \u2013 Beachfront"", ""Private outdoor pool - available all year, open 24 hours, infinity"", ""Microwave"", ""Coffee"", ""Dishwasher"", ""Sun loungers"", ""Fire extinguisher"", ""Stainless steel double oven"", ""Freezer"", ""Beach view"", ""Conditioner"", ""Smoke alarm"", ""Dining table"", ""Sea view"", ""Clothing storage"", ""Exterior security cameras on property"", ""Outdoor furniture"", ""Body soap"", ""Private entrance"", ""Ceiling fan"", ""Coffee maker""]","$1,873.00",2,365,t,6,28,41,217,2025-03-23,5,5,0,150,3,30,56190.0,2024-10-06,2025-02-15,5.0,5.0,5.0,5.0,5.0,5.0,5.0,,t,1
2754,2754,previous scrape,Sea Horizon suite #1,,538998236,2023-09-26,within an hour,100%,f,"['email', 'phone']",t,t,Belize Islands,Belize,17.9095821,-87.9727798,Room in hotel,Private room,4,,1.0,,"[""Fire extinguisher"", ""Washer"", ""Smoke alarm"", ""First aid kit"", ""Outdoor shower"", ""Air conditioning"", ""TV"", ""Pool"", ""Wifi"", ""Kitchen"", ""Host greets you"", ""Refrigerator"", ""Beach access \u2013 Beachfront"", ""Carbon monoxide alarm"", ""Free parking on premises""]",,1,365,t,28,58,88,268,2025-03-23,1,0,0,268,1,0,,2024-03-12,2024-03-12,5.0,5.0,5.0,5.0,5.0,5.0,5.0,,t,6
2758,2758,city scrape,Cozy Studio with Queen Bed (F6),,566031874,2024-03-08,within an hour,100%,t,"['email', 'phone']",t,t,Stann Creek Mainland,Stann Creek,16.5194232281742,-88.36950483584542,Entire rental unit,Entire home/apt,2,1.0,0.0,1.0,"[""Air conditioning"", ""Bed linens"", ""Kitchen"", ""Laundromat nearby"", ""Luggage dropoff allowed"", ""Hair dryer"", ""Cleaning products"", ""Stove"", ""Toaster"", ""Hangers"", ""Hot water"", ""Wifi"", ""Host greets you"", ""Refrigerator"", ""Iron"", ""Dishes and silverware"", ""Essentials"", ""Long term stays allowed"", ""Free street parking"", ""First aid kit"", ""Baking sheet"", ""Coffee maker: drip coffee maker"", ""Patio or balcony"", ""TV"", ""Safe"", ""Blender"", ""Shared beach access"", ""Microwave"", ""Coffee"", ""Fire extinguisher"", ""Freezer"", ""Smoke alarm"", ""Dining table"", ""Clothing storage"", ""Exterior security cameras on property"", ""Body soap""]",$233.00,1,90,t,28,58,88,327,2025-03-23,6,6,2,282,4,36,8388.0,2024-08-18,2025-03-09,4.83,5.0,5.0,5.0,4.83,5.0,4.83,,t,11
2759,2759,city scrape,Stylish Studio with Ocean Access (F7),,566031874,2024-03-08,within an hour,100%,t,"['email', 'phone']",t,t,Stann Creek Mainland,Stann Creek,16.5211599,-88.3712796,Entire rental unit,Entire home/apt,2,1.0,0.0,1.0,"[""Air conditioning"", ""Bed linens"", ""Kitchen"", ""Laundromat nearby"", ""Luggage dropoff allowed"", ""Hair dryer"", ""Cleaning products"", ""Toaster"", ""Hangers"", ""Hot water"", ""Wifi"", ""Electric stove"", ""Host greets you"", ""Refrigerator"", ""Iron"", ""Dishes and silverware"", ""Essentials"", ""Long term stays allowed"", ""Free street parking"", ""First aid kit"", ""Baking sheet"", ""Patio or balcony"", ""TV"", ""Safe"", ""Blender"", ""Shared beach access"", ""Microwave"", ""Coffee"", ""Fire extinguisher"", ""Freezer"", ""Smoke alarm"", ""Dining table"", ""Clothing storage"", ""Exterior security cameras on property"", ""Body soap"", ""Coffee maker""]",$233.00,1,90,t,20,50,80,306,2025-03-23,2,2,0,253,1,12,2796.0,2024-12-05,2025-01-06,5.0,5.0,5.0,5.0,5.0,5.0,5.0,,t,11
2760,2760,city scrape,La Vida Perezosa Studio,,395523375,2021-04-04,within an hour,100%,,"['email', 'phone']",t,t,Belize Islands,Belize,17.745053029924804,-88.02536442576026,Entire rental unit,Entire home/apt,2,1.0,1.0,1.0,"[""Fire extinguisher"", ""Smoke alarm"", ""First aid kit"", ""Outdoor shower"", ""TV"", ""Air conditioning"", ""Exterior security cameras on property"", ""Pool"", ""Wifi"", ""Kitchen"", ""Beach access \u2013 Beachfront"", ""Carbon monoxide alarm"", ""Free parking on premises"", ""Outdoor dining area""]",$353.00,1,365,t,8,32,62,330,2025-03-23,3,3,0,249,0,18,6354.0,2025-01-31,2025-02-14,5.0,5.0,5.0,5.0,5.0,5.0,5.0,,t,5
2761,2761,city scrape,"3 BR Caribbean Sunrise/Set, Pool",,524162400,2023-07-06,within an hour,100%,t,"['email', 'phone']",t,t,Belize Islands,Belize,17.74771,-88.02487,Entire home,Entire home/apt,6,2.0,3.0,3.0,"[""BBQ grill"", ""Dedicated workspace"", ""Backyard"", ""Air conditioning"", ""Kitchen"", ""Pack \u2019n play/Travel crib"", ""Hair dryer"", ""Crib"", ""Cooking basics"", ""Washer"", ""Wifi"", ""Refrigerator"", ""Iron"", ""Carbon monoxide alarm"", ""First aid kit"", ""TV"", ""Free parking on premises"", ""Fire extinguisher"", ""Shared pool"", ""Smoke alarm""]",$830.00,2,30,t,9,20,24,217,2025-03-23,22,22,4,150,14,132,109560.0,2024-04-09,2025-03-17,4.91,4.95,4.95,4.95,4.91,4.91,4.77,,t,2
2762,2762,city scrape,Spacious 2-Bedroom Coastal Retreat (T1),,566031874,2024-03-08,within an hour,100%,t,"['email', 'phone']",t,t,Stann Creek Mainland,Stann Creek,16.519443378569974,-88.3695101198978,Entire rental unit,Entire home/apt,4,2.0,2.0,3.0,"[""Air conditioning"", ""Bed linens"", ""Kitchen"", ""Wine glasses"", ""Laundromat nearby"", ""Luggage dropoff allowed"", ""Hair dryer"", ""Cleaning products"", ""Toaster"", ""Outdoor dining area"", ""Frigidaire electric stove"", ""Hangers"", ""Hot water"", ""Wifi"", ""Host greets you"", ""Refrigerator"", ""Iron"", ""Dishes and silverware"", ""Essentials"", ""Long term stays allowed"", ""Free street parking"", ""Private patio or balcony"", ""First aid kit"", ""Baking sheet"", ""Coffee maker: drip coffee maker"", ""TV"", ""Safe"", ""Blender"", ""Shared beach access"", ""Microwave"", ""Coffee"", ""Fire extinguisher"", ""Freezer"", ""Smoke alarm"", ""Dining table"", ""Clothing storage"", ""Exterior security cameras on property"", ""Outdoor furniture"", ""Body soap"", ""Ceiling fan""]",$470.00,1,90,t,27,49,79,298,2025-03-23,4,4,0,273,2,24,11280.0,2024-04-20,2025-02-15,4.75,5.0,5.0,5.0,5.0,4.75,4.75,,t,11
2763,2763,city scrape,Lavish 2-Bedroom Residence (T2),,566031874,2024-03-08,within an hour,100%,t,"['email', 'phone']",t,t,Stann Creek Mainland,Stann Creek,16.5211599,-88.3712796,Entire rental unit,Entire home/apt,4,2.0,2.0,2.0,"[""Air conditioning"", ""Bed linens"", ""Kitchen"", ""Wine glasses"", ""Laundromat nearby"", ""Luggage dropoff allowed"", ""Hair dryer"", ""Cleaning products"", ""Stove"", ""Toaster"", ""Outdoor dining area"", ""Hangers"", ""Hot water"", ""Wifi"", ""Host greets you"", ""Refrigerator"", ""Iron"", ""Dishes and silverware"", ""Essentials"", ""Long term stays allowed"", ""Free street parking"", ""First aid kit"", ""Baking sheet"", ""Patio or balcony"", ""TV"", ""Safe"", ""Blender"", ""Shared beach access"", ""Microwave"", ""Coffee"", ""Fire extinguisher"", ""Freezer"", ""Smoke alarm"", ""Clothing storage"", ""Exterior security cameras on property"", ""Outdoor furniture"", ""Body soap"", ""Private entrance"", ""Ceiling fan"", ""Coffee maker""]",$470.00,1,90,t,28,58,88,363,2025-03-23,1,1,1,282,0,6,2820.0,2025-03-02,2025-03-02,5.0,5.0,5.0,5.0,5.0,5.0,5.0,,t,11
2764,2764,city scrape,Deluxe 2-Bedroom Getaway (T3),,566031874,2024-03-08,within an hour,100%,t,"['email', 'phone']",t,t,Stann Creek Mainland,Stann Creek,16.5211599,-88.3712796,Entire rental unit,Entire home/apt,4,2.0,2.0,2.0,"[""Air conditioning"", ""Bed linens"", ""Kitchen"", ""Wine glasses"", ""Laundromat nearby"", ""Luggage dropoff allowed"", ""Hair dryer"", ""Cleaning products"", ""Stove"", ""Toaster"", ""Outdoor dining area"", ""Hangers"", ""Hot water"", ""Wifi"", ""Host greets you"", ""Refrigerator"", ""Iron"", ""Dishes and silverware"", ""Essentials"", ""Long term stays allowed"", ""Free street parking"", ""First aid kit"", ""Baking sheet"", ""Patio or balcony"", ""TV"", ""Safe"", ""Blender"", ""Shared beach access"", ""Microwave"", ""Coffee"", ""Fire extinguisher"", ""Freezer"", ""Smoke alarm"", ""Dining table"", ""Clothing storage"", ""Exterior security cameras on property"", ""Outdoor furniture"", ""Body soap"", ""Ceiling fan"", ""Coffee maker""]",$470.00,1,90,t,28,58,88,363,2025-03-23,2,2,0,282,1,12,5640.0,2024-12-25,2025-02-12,5.0,5.0,5.0,5.0,5.0,5.0,4.0,,t,11
2765,2765,city scrape,Exclusive 2-Bedroom Sanctuary with Loft (T4),,566031874,2024-03-08,within an hour,100%,t,"['email', 'phone']",t,t,Stann Creek Mainland,Stann Creek,16.5211599,-88.3712796,Entire rental unit,Entire home/apt,4,2.0,2.0,2.0,"[""Air conditioning"", ""Bed linens"", ""Kitchen"", ""Wine glasses"", ""Laundromat nearby"", ""Luggage dropoff allowed"", ""Hair dryer"", ""Cleaning products"", ""Stove"", ""Toaster"", ""Outdoor dining area"", ""Hangers"", ""Hot water"", ""Wifi"", ""Host greets you"", ""Refrigerator"", ""Iron"", ""Dishes and silverware"", ""Essentials"", ""Long term stays allowed"", ""Free street parking"", ""First aid kit"", ""Baking sheet"", ""Patio or balcony"", ""TV"", ""Safe"", ""Blender"", ""Shared beach access"", ""Microwave"", ""Coffee"", ""Fire extinguisher"", ""Freezer"", ""Smoke alarm"", ""Dining table"", ""Clothing storage"", ""Exterior security cameras on property"", ""Outdoor furniture"", ""Body soap"", ""Ceiling fan"", ""Coffee maker""]",$470.00,1,90,t,9,30,60,319,2025-03-23,0,0,0,254,0,0,0.0,,,,,,,,,,,t,11
2766,2766,city scrape,Luxurious 2-Bedroom Retreat - Steps from Placencia,,566031874,2024-03-08,within an hour,100%,t,"['email', 'phone']",t,t,Stann Creek Mainland,Stann Creek,16.519380325702368,-88.36943836571109,Entire rental unit,Entire home/apt,4,1.0,2.0,2.0,"[""Air conditioning"", ""Bed linens"", ""Kitchen"", ""Laundromat nearby"", ""Luggage dropoff allowed"", ""Hair dryer"", ""Cleaning products"", ""Toaster"", ""Frigidaire electric stove"", ""Hangers"", ""Hot water"", ""Wifi"", ""Host greets you"", ""Refrigerator"", ""Iron"", ""Dishes and silverware"", ""Essentials"", ""Long term stays allowed"", ""Free street parking"", ""First aid kit"", ""Baking sheet"", ""Coffee maker: drip coffee maker"", ""Patio or balcony"", ""TV"", ""Safe"", ""Blender"", ""Shared beach access"", ""Microwave"", ""Coffee"", ""Fire extinguisher"", ""Freezer"", ""Smoke alarm"", ""Dining table"", ""Clothing storage"", ""Exterior security cameras on property"", ""Body soap""]",$297.00,1,90,t,25,34,34,270,2025-03-23,11,11,0,189,8,66,19602.0,2024-04-14,2025-01-15,4.82,4.82,4.91,4.91,4.91,4.82,4.73,,t,11
2771,2771,city scrape,Modern 2-Bedroom Oasis (F2),,566031874,2024-03-08,within an hour,100%,t,"['email', 'phone']",t,t,Stann Creek Mainland,Stann Creek,16.5211599,-88.3712796,Entire rental unit,Entire home/apt,4,1.0,2.0,3.0,"[""Air conditioning"", ""Bed linens"", ""Kitchen"", ""Laundromat nearby"", ""Luggage dropoff allowed"", ""Hair dryer"", ""Cleaning products"", ""Toaster"", ""Frigidaire electric stove"", ""Hangers"", ""Hot water"", ""Wifi"", ""Host greets you"", ""Refrigerator"", ""Iron"", ""Dishes and silverware"", ""Essentials"", ""Long term stays allowed"", ""Free street parking"", ""First aid kit"", ""Baking sheet"", ""Patio or balcony"", ""TV"", ""Safe"", ""Blender"", ""Shared beach access"", ""Microwave"", ""Coffee"", ""Fire extinguisher"", ""Freezer"", ""Smoke alarm"", ""Dining table"", ""Clothing storage"", ""Exterior security cameras on property"", ""Body soap"", ""Coffee maker""]",$297.00,1,90,t,28,58,88,363,2025-03-23,5,5,3,282,1,30,8910.0,2024-12-23,2025-03-16,4.8,4.8,5.0,4.4,4.4,4.2,4.8,,t,11
2772,2772,city scrape,Premium 2-Bedroom Apartment (F3),,566031874,2024-03-08,within an hour,100%,t,"['email', 'phone']",t,t,Stann Creek Mainland,Stann Creek,16.5211599,-88.3712796,Entire rental unit,Entire home/apt,4,1.0,2.0,2.0,"[""Air conditioning"", ""Bed linens"", ""Kitchen"", ""Laundromat nearby"", ""Luggage dropoff allowed"", ""Hair dryer"", ""Cleaning products"", ""Toaster"", ""Frigidaire electric stove"", ""Hangers"", ""Hot water"", ""Wifi"", ""Host greets you"", ""Refrigerator"", ""Iron"", ""Dishes and silverware"", ""Essentials"", ""Long term stays allowed"", ""Free street parking"", ""First aid kit"", ""Baking sheet"", ""Coffee maker: drip coffee maker"", ""Patio or balcony"", ""TV"", ""Safe"", ""Blender"", ""Shared beach access"", ""Microwave"", ""Coffee"", ""Fire extinguisher"", ""Freezer"", ""Conditioner"", ""Smoke alarm"", ""Dining table"", ""Clothing storage"", ""Exterior security cameras on property"", ""Body soap""]",$297.00,1,90,t,26,52,82,357,2025-03-23,2,2,0,276,1,12,3564.0,2024-12-21,2025-01-06,4.5,4.0,5.0,4.5,5.0,5.0,4.5,,t,11
2773,2773,city scrape,Charming 2-Bedroom Escape (F4),,566031874,2024-03-08,within an hour,100%,t,"['email', 'phone']",t,t,Stann Creek Mainland,Stann Creek,16.5211599,-88.3712796,Entire rental unit,Entire home/apt,3,1.0,2.0,2.0,"[""Air conditioning"", ""Bed linens"", ""Kitchen"", ""Laundromat nearby"", ""Luggage dropoff allowed"", ""Hair dryer"", ""Cleaning products"", ""Stove"", ""Toaster"", ""Hangers"", ""Hot water"", ""Wifi"", ""Host greets you"", ""Refrigerator"", ""Iron"", ""Dishes and silverware"", ""Essentials"", ""Long term stays allowed"", ""Free street parking"", ""First aid kit"", ""Baking sheet"", ""Patio or balcony"", ""TV"", ""Safe"", ""Blender"", ""Shared beach access"", ""Microwave"", ""Coffee"", ""Fire extinguisher"", ""Freezer"", ""Smoke alarm"", ""Dining table"", ""Clothing storage"", ""Exterior security cameras on property"", ""Body soap"", ""Coffee maker""]",$273.00,1,90,t,23,53,83,344,2025-03-23,1,1,0,277,1,6,1638.0,2024-10-20,2024-10-20,5.0,5.0,5.0,5.0,5.0,5.0,5.0,,t,11
2774,2774,city scrape,Elegant 1-Bedroom Haven (F5),,566031874,2024-03-08,within an hour,100%,t,"['email', 'phone']",t,t,Stann Creek Mainland,Stann Creek,16.5211599,-88.3712796,Entire rental unit,Entire home/apt,3,1.0,1.0,2.0,"[""Air conditioning"", ""Bed linens"", ""Kitchen"", ""Laundromat nearby"", ""Luggage dropoff allowed"", ""Hair dryer"", ""Cleaning products"", ""Toaster"", ""Hangers"", ""Hot water"", ""Wifi"", ""Electric stove"", ""Host greets you"", ""Refrigerator"", ""Iron"", ""Dishes and silverware"", ""Essentials"", ""Long term stays allowed"", ""Free street parking"", ""First aid kit"", ""Baking sheet"", ""Coffee maker: drip coffee maker"", ""Patio or balcony"", ""TV"", ""Safe"", ""Blender"", ""Shared beach access"", ""Microwave"", ""Coffee"", ""Fire extinguisher"", ""Freezer"", ""Smoke alarm"", ""Dining table"", ""Clothing storage"", ""Exterior security cameras on property"", ""Body soap""]",$273.00,1,90,t,4,34,64,254,2025-03-23,0,0,0,254,0,0,0.0,,,,,,,,,,,t,11
2775,2775,city scrape,Plush Skyview Penthouse,,444489014,2022-02-10,within an hour,100%,t,"['email', 'phone']",t,t,Cayo,Cayo,17.24036,-88.77648,Entire serviced apartment,Entire home/apt,4,2.0,2.0,2.0,"[""BBQ grill"", ""Dedicated workspace"", ""Air conditioning"", ""Kitchen"", ""Wine glasses"", ""Luggage dropoff allowed"", ""Hair dryer"", ""Cleaning products"", ""Stove"", ""Toaster"", ""Outdoor dining area"", ""Crib"", ""Dryer"", ""Cooking basics"", ""Washer"", ""Hangers"", ""Hot water"", ""Oven"", ""Pool"", ""Wifi"", ""Coffee maker"", ""Room-darkening shades"", ""Shampoo"", ""Iron"", ""Refrigerator"", ""Dishes and silverware"", ""Hot water kettle"", ""Heating"", ""Essentials"", ""Long term stays allowed"", ""Bathtub"", ""First aid kit"", ""Baking sheet"", ""Patio or balcony"", ""Safe"", ""Blender"", ""Microwave"", ""Coffee"", ""Lockbox"", ""Free parking on premises"", ""Self check-in"", ""Fire extinguisher"", ""Freezer"", ""Smoke alarm"", ""Dining table"", ""Exterior security cameras on property"", ""Outdoor furniture"", ""Body soap"", ""Ceiling fan"", ""TV with standard cable""]",$347.00,1,1125,t,23,47,67,67,2025-03-23,4,4,0,67,2,24,8328.0,2024-07-10,2025-02-17,4.75,4.75,5.0,5.0,4.75,5.0,4.75,,t,5
2776,2776,city scrape,The Palms - King Suite,Centrally located quite residential neighborhood.,566767663,2024-03-12,within a few hours,71%,t,['phone'],t,t,Belize Mainland,Belize,17.5111774,-88.19278990000001,Private room in villa,Private room,2,1.0,1.0,1.0,"[""Dedicated workspace"", ""Extra pillows and blankets"", ""Air conditioning"", ""Bed linens"", ""Exercise equipment"", ""Baby monitor - available upon request"", ""Pack \u2019n play/Travel crib"", ""Luggage dropoff allowed"", ""Hair dryer"", ""Toaster"", ""Outdoor dining area"", ""Crib"", ""Smart lock"", ""Coffee maker: Nespresso"", ""Shared gym in building"", ""Hangers"", ""Hot water"", ""Pool"", ""Wifi"", ""Shampoo"", ""Iron"", ""Refrigerator"", ""Carbon monoxide alarm"", ""Dishes and silverware"", ""Essentials"", ""Long term stays allowed"", ""Free residential garage on premises"", ""Private patio or balcony"", ""First aid kit"", ""Children\u2019s dinnerware"", ""Standalone high chair - available upon request"", ""Safe"", ""Microwave"", ""Self check-in"", ""Sun loungers"", ""Fire extinguisher"", ""Baby bath - available upon request"", ""Smoke alarm"", ""Kitchenette"", ""Private living room"", ""TV with standard cable""]",$301.00,1,45,t,16,39,63,322,2025-03-23,66,66,2,241,53,255,76755.0,2024-06-03,2025-03-03,4.98,4.97,4.95,4.98,5.0,4.76,4.89,,t,3
2777,2777,city scrape,Bonita's Sapphire,,395523375,2021-04-04,within an hour,100%,,"['email', 'phone']",t,t,Belize Islands,Belize,17.74257,-88.02296,Entire home,Entire home/apt,2,1.0,1.0,1.0,"[""BBQ grill"", ""Air conditioning"", ""Bed linens"", ""Kitchen"", ""Luggage dropoff allowed"", ""Hair dryer"", ""Shared backyard \u2013 Not fully fenced"", ""Toaster"", ""Outdoor dining area"", ""Waterfront"", ""Cooking basics"", ""Hangers"", ""Hot water"", ""Pool"", ""Wifi"", ""Host greets you"", ""Refrigerator"", ""Room-darkening shades"", ""Dishes and silverware"", ""Carbon monoxide alarm"", ""Essentials"", ""Long term stays allowed"", ""Gas stove"", ""Private patio or balcony"", ""First aid kit"", ""Coffee maker: drip coffee maker"", ""Clothing storage: wardrobe"", ""TV"", ""Beach access \u2013 Beachfront"", ""Microwave"", ""Free parking on premises"", ""Sun loungers"", ""Fire extinguisher"", ""Freezer"", ""Smoke alarm"", ""Dining table"", ""Exterior security cameras on property""]",$250.00,1,365,t,10,10,10,60,2025-03-23,6,6,2,10,1,36,9000.0,2024-05-26,2025-03-13,5.0,5.0,5.0,4.83,4.83,4.67,4.67,,t,5
2779,2779,city scrape,Bonita's Hibiscus,,395523375,2021-04-04,within an hour,100%,,"['email', 'phone']",t,t,Belize Islands,Belize,17.7388,-88.02939,Entire home,Entire home/apt,2,1.0,1.0,1.0,"[""BBQ grill"", ""Backyard"", ""Air conditioning"", ""Bed linens"", ""Kitchen"", ""Luggage dropoff allowed"", ""Hair dryer"", ""Stove"", ""Toaster"", ""Outdoor dining area"", ""Waterfront"", ""Cooking basics"", ""Hangers"", ""Hot water"", ""Pool"", ""Wifi"", ""Host greets you"", ""Refrigerator"", ""Room-darkening shades"", ""Dishes and silverware"", ""Carbon monoxide alarm"", ""Essentials"", ""Long term stays allowed"", ""First aid kit"", ""Patio or balcony"", ""TV"", ""Beach access \u2013 Beachfront"", ""Microwave"", ""Free parking on premises"", ""Sun loungers"", ""Fire extinguisher"", ""Freezer"", ""Smoke alarm"", ""Dining table"", ""Clothing storage"", ""Exterior security cameras on property"", ""Coffee maker""]",$273.00,1,365,t,10,10,10,60,2025-03-23,5,5,1,10,1,30,8190.0,2024-12-02,2025-02-25,4.6,4.6,4.8,5.0,5.0,4.6,4.6,,t,5
2780,2780,city scrape,Bella Vista by T-Way Rentals Belize BTB# Hot09143,"We are located approximately 300 feet east of Westby Street on main the Placencia boardwalk.   We are less than 100 feet from beautiful Caribbean Sea.  This unit includes upper balcony lookout with fantastic views of ocean, mountains and village.",567742149,2024-03-18,within an hour,100%,t,"['email', 'phone']",f,t,Stann Creek Mainland,Stann Creek,16.5185041,-88.3678492,Entire home,Entire home/apt,4,2.0,2.0,2.0,"[""Extra pillows and blankets"", ""Bay view"", ""Air conditioning"", ""Bed linens"", ""Kitchen"", ""Laundromat nearby"", ""Hair dryer"", ""Stove"", ""Toaster"", ""Outdoor dining area"", ""Shared backyard \u2013 Fully fenced"", ""Cooking basics"", ""Ocean view"", ""Hangers"", ""Hot water"", ""Oven"", ""Wifi"", ""Host greets you"", ""Room-darkening shades"", ""Shampoo"", ""Iron"", ""Refrigerator"", ""Dishes and silverware"", ""Hot water kettle"", ""Essentials"", ""Private patio or balcony"", ""Bathtub"", ""First aid kit"", ""Coffee maker: drip coffee maker"", ""Outdoor shower"", ""TV"", ""Books and reading material"", ""Safe"", ""Blender"", ""Beach access \u2013 Beachfront"", ""Microwave"", ""Clothing storage: walk-in closet, wardrobe, and dresser"", ""Coffee"", ""Sun loungers"", ""Fire extinguisher"", ""Freezer"", ""Beach view"", ""Conditioner"", ""Smoke alarm"", ""Dining table"", ""City skyline view"", ""Exterior security cameras on property"", ""Outdoor furniture"", ""Mountain view"", ""Private entrance""]",$517.00,3,60,t,14,24,38,281,2025-03-23,11,11,2,232,8,66,34122.0,2024-04-30,2025-03-21,4.82,4.91,4.91,5.0,5.0,5.0,4.82,,f,2
2781,2781,city scrape,Bella Cove by T-Way Rentals Belize BTB# Hot09143,We are located approximately 300 feet east of Westby Street on main the Placencia boardwalk. We are less than 100 feet from beautiful Caribbean Sea Beach!,567742149,2024-03-18,within an hour,100%,t,"['email', 'phone']",f,t,Stann Creek Mainland,Stann Creek,16.515885351480176,-88.36631504630238,Entire home,Entire home/apt,2,1.0,1.0,1.0,"[""Backyard"", ""Air conditioning"", ""Bed linens"", ""Kitchen"", ""Laundromat nearby"", ""Hair dryer"", ""Stove"", ""Toaster"", ""Outdoor dining area"", ""Cooking basics"", ""Hangers"", ""Hot water"", ""Oven"", ""Wifi"", ""Host greets you"", ""Shampoo"", ""Iron"", ""Refrigerator"", ""Dishes and silverware"", ""Essentials"", ""First aid kit"", ""Coffee maker: drip coffee maker"", ""Outdoor shower"", ""TV"", ""Books and reading material"", ""Patio or balcony"", ""Safe"", ""Blender"", ""Beach access \u2013 Beachfront"", ""Microwave"", ""Clothing storage: walk-in closet, wardrobe, and dresser"", ""Coffee"", ""Sun loungers"", ""Fire extinguisher"", ""Freezer"", ""Beach view"", ""Conditioner"", ""Smoke alarm"", ""Dining table"", ""Exterior security cameras on property"", ""Outdoor furniture"", ""Private entrance"", ""Garden view""]",$266.00,3,60,t,13,32,62,336,2025-03-23,11,11,0,256,8,66,17556.0,2024-04-01,2025-01-29,5.0,5.0,5.0,4.91,5.0,5.0,5.0,,t,2
2783,2783,city scrape,Cozy- Family Beach View Villa,,568061014,2024-03-20,within an hour,100%,f,"['email', 'phone']",f,t,Belize Islands,Belize,17.95525,-87.94012,Entire home,Entire home/apt,10,3.5,4.0,8.0,"[""BBQ grill"", ""Dedicated workspace"", ""Air conditioning"", ""Kitchen"", ""Wine glasses"", ""Kayak"", ""Hair dryer"", ""Toaster"", ""Outdoor dining area"", ""Hangers"", ""Hot water"", ""Single oven"", ""Pool"", ""Wifi"", ""Clothing storage: walk-in closet and closet"", ""Room-darkening shades"", ""Shampoo"", ""Iron"", ""Carbon monoxide alarm"", ""Paid dryer \u2013 In building"", ""Refrigerator"", ""Dishes and silverware"", ""Hammock"", ""Gas stove"", ""Free street parking"", ""Long term stays allowed"", ""Private patio or balcony"", ""First aid kit"", ""Coffee maker: drip coffee maker"", ""TV"", ""Pool table"", ""Safe"", ""Blender"", ""Beach access \u2013 Beachfront"", ""Microwave"", ""Free parking on premises"", ""Dishwasher"", ""Fire extinguisher"", ""Freezer"", ""Conditioner"", ""Smoke alarm"", ""Dining table"", ""Drying rack for clothing"", ""Exterior security cameras on property"", ""Outdoor furniture"", ""Paid washer \u2013 In building"", ""Body soap"", ""Private entrance""]","$1,777.00",4,365,t,6,31,48,311,2025-03-23,3,3,0,230,1,24,42648.0,2024-12-19,2025-02-12,5.0,5.0,5.0,5.0,5.0,5.0,5.0,,f,1
2784,2784,city scrape,Imagine Beachfront Villas Belize,,428808411,2021-10-24,,,f,['phone'],f,t,Belize Islands,Belize,18.02366385495485,-87.90404938272232,Private room in villa,Private room,4,2.0,2.0,0.0,"[""BBQ grill"", ""Private pool"", ""Fire extinguisher"", ""Lock on bedroom door"", ""Dedicated workspace"", ""Smoke alarm"", ""First aid kit"", ""Outdoor shower"", ""TV"", ""Air conditioning"", ""Exterior security cameras on property"", ""Wifi"", ""Kitchen"", ""Fire pit"", ""Beach access \u2013 Beachfront"", ""Free parking on premises"", ""Outdoor dining area""]","$1,035.00",4,365,,29,59,89,269,2025-03-23,0,0,0,269,0,0,0.0,,,,,,,,,,,f,1
2790,2790,city scrape,"Corozal, Bay Walk",,568566177,2024-03-23,,,f,['phone'],t,t,Corozal,Corozal,18.40757502393511,-88.38482603430748,Entire guesthouse,Entire home/apt,4,1.0,1.0,1.0,"[""Fire extinguisher"", ""Washer"", ""TV"", ""Wifi"", ""Kitchen"", ""Free parking on premises""]",$105.00,3,365,t,29,59,89,89,2025-03-23,0,0,0,89,0,0,0.0,,,,,,,,,,,f,1
2791,2791,city scrape,Off Grid Modern Villa - Samudra Villa 1,"Samudra Villas is in a truly off-grid location by Secret Beach, Belize and is a 35 minute golf cart ride from San Pedro town. Secret Beach Belize offers a truly off-grid escape, where modern amenities meet the tranquility of untouched nature. Nestled along the pristine coastline of Belize, this hidden gem beckons adventurers seeking a retreat from the hustle and bustle of city life.<br /><br />Embracing the off-grid lifestyle, Secret Beach operates independently from traditional power sources, relying instead on renewable energy solutions. Solar panels harness the abundant Caribbean sunlight, providing sustainable power to the entire enclave. This eco-friendly approach not only minimizes environmental impact but also offers guests a unique opportunity to experience living in harmony with nature.<br /><br />Immerse yourself in the serene beauty of Secret Beach, where crystal-clear waters lap against sugar-white sands, and swaying palms provide shade from the tropical sun. Disconnect fro",566198143,2024-03-09,within an hour,100%,f,"['email', 'phone']",t,t,Belize Islands,Belize,17.97180791881021,-87.96905208728029,Entire villa,Entire home/apt,4,2.0,2.0,2.0,"[""Air conditioning"", ""Bed linens"", ""Kitchen"", ""Wine glasses"", ""Hair dryer"", ""Stove"", ""Toaster"", ""Outdoor dining area"", ""Free parking on premises \u2013 8 spaces"", ""Cooking basics"", ""Hangers"", ""Hot water"", ""Oven"", ""Pool"", ""Wifi"", ""Coffee maker"", ""Room-darkening shades"", ""Shampoo"", ""Iron"", ""Carbon monoxide alarm"", ""Refrigerator"", ""Dishes and silverware"", ""Essentials"", ""First aid kit"", ""Baking sheet"", ""Outdoor shower"", ""Patio or balcony"", ""Safe"", ""Blender"", ""Microwave"", ""Coffee"", ""Fire extinguisher"", ""Conditioner"", ""Smoke alarm"", ""Dining table"", ""Body soap"", ""Ceiling fan"", ""TV with standard cable""]",$398.00,3,1125,t,22,52,79,169,2025-03-23,5,5,2,169,3,30,11940.0,2024-04-21,2025-03-11,5.0,4.8,4.6,4.8,4.8,4.8,5.0,,t,2
2792,2792,city scrape,Off Grid Modern Villa - Samudra Villa 2,"Samudra Villas is in a truly off-grid location by Secret Beach, Belize and is a 35 minute golf cart ride from San Pedro town. Secret Beach Belize offers a truly off-grid escape, where modern amenities meet the tranquility of untouched nature. Nestled along the pristine coastline of Belize, this hidden gem beckons adventurers seeking a retreat from the hustle and bustle of city life.<br /><br />Embracing the off-grid lifestyle, Secret Beach operates independently from traditional power sources, relying instead on renewable energy solutions. Solar panels harness the abundant Caribbean sunlight, providing sustainable power to the entire enclave. This eco-friendly approach not only minimizes environmental impact but also offers guests a unique opportunity to experience living in harmony with nature.<br /><br />Immerse yourself in the serene beauty of Secret Beach, where crystal-clear waters lap against sugar-white sands, and swaying palms provide shade from the tropical sun. Disconnect fro",566198143,2024-03-09,within an hour,100%,f,"['email', 'phone']",t,t,Belize Islands,Belize,17.97180791881021,-87.96907354495241,Entire villa,Entire home/apt,4,2.0,2.0,2.0,"[""Air conditioning"", ""Bed linens"", ""Kitchen"", ""Wine glasses"", ""Hair dryer"", ""Toaster"", ""Outdoor dining area"", ""Free parking on premises \u2013 8 spaces"", ""Cooking basics"", ""Hangers"", ""Hot water"", ""Oven"", ""Pool"", ""Wifi"", ""Coffee maker"", ""Shampoo"", ""Iron"", ""Refrigerator"", ""Carbon monoxide alarm"", ""Dishes and silverware"", ""Essentials"", ""Gas stove"", ""Private patio or balcony"", ""First aid kit"", ""Baking sheet"", ""Outdoor shower"", ""Safe"", ""Blender"", ""Microwave"", ""Coffee"", ""Fire extinguisher"", ""Conditioner"", ""Smoke alarm"", ""Outdoor furniture"", ""Body soap"", ""Ceiling fan"", ""TV with standard cable""]",$757.00,3,1125,t,0,0,0,18,2025-03-23,2,2,0,18,1,12,9084.0,2024-06-08,2025-01-14,4.5,5.0,5.0,5.0,5.0,5.0,5.0,,t,2
2793,2793,previous scrape,Island Living: Luxurious 2 Bed with Garden,"Your surroundings: building. Activities you can do nearby: atm, bank, beach, bicycle, bird watching, boating, casinos, church, cycling, deep sea fishing, diving, downtown, fishing, fly fishing, groceries, horseshoes, hospital, jet skiing, kayaking, laundromat, miniature golf, ocean, outlet shopping, paddle boating, parasailing, pier fishing, post office, restaurants, sailing, scuba diving, shopping, snorkeling, swimming, tennis, water skiing, wind surfing",562348783,2024-02-16,within an hour,90%,f,"['email', 'phone']",t,t,Belize Islands,Belize,17.96569,-87.93099,Entire condo,Entire home/apt,4,,2.0,,"[""Extra pillows and blankets"", ""Mini golf"", ""Air conditioning"", ""Bed linens"", ""Kitchen"", ""Laundromat nearby"", ""Kayak"", ""Hair dryer"", ""Stove"", ""Toaster"", ""Outdoor dining area"", ""Crib"", ""Waterfront"", ""Dryer"", ""Washer"", ""Hangers"", ""Hot water"", ""Oven"", ""Pool"", ""Wifi"", ""Coffee maker"", ""Shampoo"", ""Iron"", ""Refrigerator"", ""Dishes and silverware"", ""Essentials"", ""Long term stays allowed"", ""Cleaning available during stay"", ""Bathtub"", ""First aid kit"", ""Beach access \u2013 Beachfront"", ""Microwave"", ""Coffee"", ""Bread maker"", ""Free parking on premises"", ""Beach essentials"", ""Dishwasher"", ""Sun loungers"", ""Fire extinguisher"", ""Conditioner"", ""Smoke alarm"", ""Dining table"", ""Outdoor furniture"", ""Body soap"", ""Ceiling fan"", ""TV with standard cable""]",,1,1125,t,30,58,88,363,2025-03-23,0,0,0,282,0,0,,,,,,,,,,,,t,8
2794,2794,previous scrape,Tropical elegance awaits Luxurious Garden View,"Your surroundings: garden, pool. Activities you can do nearby: atm, bank, beach, bicycle, bird watching, boating, casinos, church, cycling, deep sea fishing, diving, downtown, fishing, fly fishing, groceries, horseshoes, hospital, jet skiing, kayaking, laundromat, miniature golf, ocean, outlet shopping, paddle boating, parasailing, pier fishing, post office, restaurants, sailing, scuba diving, shopping, snorkeling, swimming, tennis, water skiing, wind surfing",562348783,2024-02-16,within an hour,90%,f,"['email', 'phone']",t,t,Belize Islands,Belize,17.965685766672948,-87.93099162175065,Entire condo,Entire home/apt,2,,1.0,,"[""Backyard"", ""Extra pillows and blankets"", ""Mini golf"", ""Air conditioning"", ""Bed linens"", ""Kitchen"", ""Laundromat nearby"", ""Kayak"", ""Hair dryer"", ""Stove"", ""Toaster"", ""Fireplace guards"", ""Outdoor dining area"", ""Crib"", ""Waterfront"", ""Dryer"", ""Washer"", ""Hangers"", ""Hot water"", ""Oven"", ""Pool"", ""Wifi"", ""Coffee maker"", ""Shampoo"", ""Iron"", ""Refrigerator"", ""Dishes and silverware"", ""Essentials"", ""Long term stays allowed"", ""Cleaning available during stay"", ""Bathtub"", ""First aid kit"", ""Patio or balcony"", ""Pool view"", ""Beach access \u2013 Beachfront"", ""Microwave"", ""Coffee"", ""Bread maker"", ""Free parking on premises"", ""Beach essentials"", ""Dishwasher"", ""Sun loungers"", ""Fire extinguisher"", ""Conditioner"", ""Smoke alarm"", ""Garden view"", ""Dining table"", ""Outdoor furniture"", ""Body soap"", ""Ceiling fan"", ""TV with standard cable""]",,1,365,t,30,60,90,365,2025-03-23,1,1,1,284,0,6,,2025-03-08,2025-03-08,4.0,3.0,4.0,4.0,4.0,5.0,3.0,,t,8
2795,2795,previous scrape,Luxury Villa with Pool & Private Jacuzzi,"Your surroundings: garden, pool. Activities you can do nearby: atm, bank, beach, bicycle, bird watching, boating, casinos, church, cycling, deep sea fishing, diving, downtown, fishing, fly fishing, groceries, horseshoes, hospital, jet skiing, kayaking, laundromat, miniature golf, ocean, outlet shopping, paddle boating, parasailing, pier fishing, post office, restaurants, sailing, scuba diving, shopping, snorkeling, swimming, tennis, water skiing, wind surfing",562348783,2024-02-16,within an hour,90%,f,"['email', 'phone']",t,t,Belize Islands,Belize,17.96592,-87.930988,Room in resort,Hotel room,6,,3.0,,"[""Extra pillows and blankets"", ""Mini golf"", ""Air conditioning"", ""Bed linens"", ""Kitchen"", ""Laundromat nearby"", ""Kayak"", ""Hair dryer"", ""Stove"", ""Toaster"", ""Fireplace guards"", ""Outdoor dining area"", ""Crib"", ""Waterfront"", ""Dryer"", ""Washer"", ""Hangers"", ""Hot water"", ""Oven"", ""Pool"", ""Wifi"", ""Coffee maker"", ""Shampoo"", ""Iron"", ""Refrigerator"", ""Dishes and silverware"", ""Essentials"", ""Long term stays allowed"", ""Cleaning available during stay"", ""Bathtub"", ""First aid kit"", ""Patio or balcony"", ""Beach access \u2013 Beachfront"", ""Hot tub"", ""Microwave"", ""Coffee"", ""Bread maker"", ""Free parking on premises"", ""Beach essentials"", ""Dishwasher"", ""Sun loungers"", ""Fire extinguisher"", ""Conditioner"", ""Smoke alarm"", ""Dining table"", ""Outdoor furniture"", ""Body soap"", ""Ceiling fan"", ""TV with standard cable""]",,1,365,t,30,60,90,365,2025-03-23,0,0,0,284,0,0,,,,,,,,,,,,t,8
2796,2796,previous scrape,Tropical Elegance Awaits! Luxurious View,"Your surroundings: garden, pool. Activities you can do nearby: atm, bank, beach, bicycle, bird watching, boating, casinos, church, cycling, deep sea fishing, diving, downtown, fishing, fly fishing, groceries, horseshoes, hospital, jet skiing, kayaking, laundromat, miniature golf, ocean, outlet shopping, paddle boating, parasailing, pier fishing, post office, restaurants, sailing, scuba diving, shopping, snorkeling, swimming, tennis, water skiing, wind surfing",562348783,2024-02-16,within an hour,90%,f,"['email', 'phone']",t,t,Belize Islands,Belize,17.96592,-87.930988,Room in resort,Hotel room,4,,2.0,,"[""Extra pillows and blankets"", ""Mini golf"", ""Air conditioning"", ""Bed linens"", ""Kitchen"", ""Laundromat nearby"", ""Kayak"", ""Hair dryer"", ""Resort access"", ""Stove"", ""Toaster"", ""Outdoor dining area"", ""Crib"", ""Waterfront"", ""Dryer"", ""Washer"", ""Hangers"", ""Hot water"", ""Oven"", ""Pool"", ""Wifi"", ""Coffee maker"", ""Shampoo"", ""Iron"", ""Refrigerator"", ""Dishes and silverware"", ""Essentials"", ""Long term stays allowed"", ""Cleaning available during stay"", ""Bathtub"", ""First aid kit"", ""Patio or balcony"", ""Beach access \u2013 Beachfront"", ""Microwave"", ""Coffee"", ""Bread maker"", ""Free parking on premises"", ""Beach essentials"", ""Dishwasher"", ""Sun loungers"", ""Fire extinguisher"", ""Conditioner"", ""Smoke alarm"", ""Dining table"", ""Outdoor furniture"", ""Body soap"", ""Ceiling fan"", ""TV with standard cable""]",,1,365,t,30,60,90,365,2025-03-23,0,0,0,284,0,0,,,,,,,,,,,,t,8
2797,2797,previous scrape,Luxury 3 Bedroom Penthouse with Plunge Pool,"Your surroundings: garden, pool. Activities you can do nearby: atm, bank, beach, bicycle, bird watching, boating, casinos, church, cycling, deep sea fishing, diving, downtown, fishing, fly fishing, groceries, horseshoes, hospital, jet skiing, kayaking, laundromat, miniature golf, ocean, outlet shopping, paddle boating, parasailing, pier fishing, post office, restaurants, sailing, scuba diving, shopping, snorkeling, swimming, tennis, water skiing, wind surfing",562348783,2024-02-16,within an hour,90%,f,"['email', 'phone']",t,t,Belize Islands,Belize,17.96592,-87.930988,Entire condo,Entire home/apt,6,,3.0,,"[""Backyard"", ""Extra pillows and blankets"", ""Mini golf"", ""Air conditioning"", ""Bed linens"", ""Kitchen"", ""Laundromat nearby"", ""Kayak"", ""Hair dryer"", ""Stove"", ""Toaster"", ""Outdoor dining area"", ""Crib"", ""Waterfront"", ""Dryer"", ""Washer"", ""Hangers"", ""Hot water"", ""Oven"", ""Pool"", ""Wifi"", ""Coffee maker"", ""Shampoo"", ""Iron"", ""Refrigerator"", ""Dishes and silverware"", ""Essentials"", ""Long term stays allowed"", ""Cleaning available during stay"", ""Bathtub"", ""First aid kit"", ""Patio or balcony"", ""Pool view"", ""Beach access \u2013 Beachfront"", ""Microwave"", ""Coffee"", ""Bread maker"", ""Free parking on premises"", ""Beach essentials"", ""Dishwasher"", ""Sun loungers"", ""Fire extinguisher"", ""Conditioner"", ""Smoke alarm"", ""Garden view"", ""Dining table"", ""Outdoor furniture"", ""Body soap"", ""Ceiling fan"", ""TV with standard cable""]",,1,365,t,30,60,90,365,2025-03-23,0,0,0,284,0,0,,,,,,,,,,,,t,8
2798,2798,previous scrape,Beachfront Villa: Luxury on Ambergris,"Your surroundings: beach, ocean. Activities you can do nearby: atm, bank, beach, bicycle, bird watching, boating, casinos, church, cycling, deep sea fishing, diving, downtown, fishing, fly fishing, groceries, horseshoes, hospital, jet skiing, kayaking, laundromat, miniature golf, ocean, outlet shopping, paddle boating, parasailing, pier fishing, post office, restaurants, sailing, scuba diving, shopping, snorkeling, swimming, tennis, water skiing, wind surfing",562348783,2024-02-16,within an hour,90%,f,"['email', 'phone']",t,t,Belize Islands,Belize,17.96569,-87.93099,Entire condo,Entire home/apt,6,,3.0,,"[""Extra pillows and blankets"", ""Mini golf"", ""Air conditioning"", ""Bed linens"", ""Kitchen"", ""Laundromat nearby"", ""Kayak"", ""Hair dryer"", ""Cleaning products"", ""Stove"", ""Toaster"", ""Outdoor dining area"", ""Crib"", ""Waterfront"", ""Dryer"", ""Lake access"", ""Washer"", ""Ocean view"", ""Hangers"", ""Hot water"", ""Oven"", ""Pool"", ""Wifi"", ""Coffee maker"", ""Shampoo"", ""Iron"", ""Refrigerator"", ""Dishes and silverware"", ""Essentials"", ""Long term stays allowed"", ""Shower gel"", ""Cleaning available during stay"", ""Bathtub"", ""First aid kit"", ""Patio or balcony"", ""Beach access \u2013 Beachfront"", ""Hot tub"", ""Microwave"", ""Coffee"", ""Bread maker"", ""Free parking on premises"", ""Beach essentials"", ""Dishwasher"", ""Sun loungers"", ""Fire extinguisher"", ""Beach view"", ""Conditioner"", ""Smoke alarm"", ""Dining table"", ""Outdoor furniture"", ""Body soap"", ""Ceiling fan"", ""TV with standard cable""]",,1,365,t,30,60,90,365,2025-03-23,0,0,0,284,0,0,,,,,,,,,,,,t,8
2799,2799,previous scrape,Luxury 3-Bed Villa: Sunset Views,"Your surroundings: ocean. Activities you can do nearby: atm, bank, beach, bicycle, bird watching, boating, casinos, church, cycling, deep sea fishing, diving, downtown, fishing, fly fishing, groceries, horseshoes, hospital, jet skiing, kayaking, laundromat, miniature golf, ocean, outlet shopping, paddle boating, parasailing, pier fishing, post office, restaurants, sailing, scuba diving, shopping, snorkeling, swimming, tennis, water skiing, wind surfing",562348783,2024-02-16,within an hour,90%,f,"['email', 'phone']",t,t,Belize Islands,Belize,17.96592,-87.930988,Room in resort,Hotel room,6,,3.0,,"[""Extra pillows and blankets"", ""Mini golf"", ""Air conditioning"", ""Bed linens"", ""Kitchen"", ""Laundromat nearby"", ""Kayak"", ""Hair dryer"", ""Stove"", ""Toaster"", ""Outdoor dining area"", ""Crib"", ""Waterfront"", ""Dryer"", ""Washer"", ""Hangers"", ""Hot water"", ""Oven"", ""Pool"", ""Wifi"", ""Coffee maker"", ""Shampoo"", ""Iron"", ""Refrigerator"", ""Dishes and silverware"", ""Essentials"", ""Long term stays allowed"", ""Shower gel"", ""Cleaning available during stay"", ""Bathtub"", ""First aid kit"", ""Patio or balcony"", ""Beach access \u2013 Beachfront"", ""Microwave"", ""Coffee"", ""Bread maker"", ""Free parking on premises"", ""Beach essentials"", ""Dishwasher"", ""Sun loungers"", ""Fire extinguisher"", ""Conditioner"", ""Smoke alarm"", ""Dining table"", ""Outdoor furniture"", ""Body soap"", ""Ceiling fan"", ""TV with standard cable""]",,1,1125,t,30,60,90,365,2025-03-23,0,0,0,284,0,0,,,,,,,,,,,,t,8
2800,2800,previous scrape,"Tropical Luxury: 3 Bedroom Condo, Pool View","Your surroundings: garden, pool. Activities you can do nearby: atm, bank, beach, bicycle, bird watching, boating, casinos, church, cycling, deep sea fishing, diving, downtown, fishing, fly fishing, groceries, horseshoes, hospital, jet skiing, kayaking, laundromat, miniature golf, ocean, outlet shopping, paddle boating, parasailing, pier fishing, post office, restaurants, sailing, scuba diving, shopping, snorkeling, swimming, tennis, water skiing, wind surfing",562348783,2024-02-16,within an hour,90%,f,"['email', 'phone']",t,t,Belize Islands,Belize,17.96592,-87.930988,Entire condo,Entire home/apt,6,,3.0,,"[""Backyard"", ""Extra pillows and blankets"", ""Mini golf"", ""Air conditioning"", ""Bed linens"", ""Kitchen"", ""Wine glasses"", ""Laundromat nearby"", ""Kayak"", ""Hair dryer"", ""Stove"", ""Toaster"", ""Outdoor dining area"", ""Crib"", ""Waterfront"", ""Dryer"", ""Washer"", ""Hangers"", ""Hot water"", ""Oven"", ""Pool"", ""Wifi"", ""Coffee maker"", ""Shampoo"", ""Iron"", ""Refrigerator"", ""Dishes and silverware"", ""Essentials"", ""Long term stays allowed"", ""Cleaning available during stay"", ""Bathtub"", ""First aid kit"", ""Patio or balcony"", ""Pool view"", ""Beach access \u2013 Beachfront"", ""Microwave"", ""Coffee"", ""Bread maker"", ""Free parking on premises"", ""Beach essentials"", ""Dishwasher"", ""Sun loungers"", ""Fire extinguisher"", ""Conditioner"", ""Smoke alarm"", ""Garden view"", ""Dining table"", ""Outdoor furniture"", ""Body soap"", ""Ceiling fan"", ""TV with standard cable""]",,1,1125,t,25,50,80,348,2025-03-23,1,1,1,267,0,6,,2025-02-27,2025-02-27,4.0,3.0,4.0,4.0,3.0,4.0,4.0,,t,8
2805,2805,city scrape,Casita in San PedroLuxurious Beachfront Studio,,570761657,2024-04-05,within an hour,100%,f,"['email', 'phone']",t,f,Belize Islands,Belize,17.87695,-88.01224,Entire home,Entire home/apt,2,1.0,0.0,1.0,"[""BBQ grill"", ""Zero% conditioner"", ""Extra pillows and blankets"", ""Air conditioning"", ""Bed linens"", ""Kitchen"", ""Wine glasses"", ""Hair dryer"", ""Bluetooth sound system"", ""Cleaning products"", ""Stove"", ""Toaster"", ""Outdoor dining area"", ""Waterfront"", ""Board games"", ""Exercise equipment: free weights, yoga mat"", ""Cooking basics"", ""Hangers"", ""Hot water"", ""Wifi"", ""Refrigerator"", ""Dishes and silverware"", ""Hot water kettle"", ""Zero% shampoo"", ""Shower gel"", ""Barbecue utensils"", ""First aid kit"", ""Coffee maker: drip coffee maker"", ""Books and reading material"", ""Patio or balcony"", ""Safe"", ""Beach access \u2013 Beachfront"", ""Zero%  body soap"", ""Bidet"", ""Microwave"", ""Coffee"", ""Beach essentials"", ""Free parking on premises"", ""Sun loungers"", ""Fire extinguisher"", ""Freezer"", ""Smoke alarm"", ""Clothing storage"", ""Exterior security cameras on property"", ""Outdoor furniture"", ""Outdoor pool - infinity, pool toys"", ""Ceiling fan""]",$540.00,3,365,t,0,0,0,0,2025-03-23,5,5,1,0,0,30,16200.0,2025-01-09,2025-02-23,5.0,4.8,5.0,5.0,5.0,4.6,5.0,,f,2
2808,2808,city scrape,Superior Suite w/ Ocean View,,570796583,2024-04-05,within an hour,100%,f,"['email', 'phone']",t,t,Belize Mainland,Belize,17.50027368723206,-88.18405613401193,Private room in bed and breakfast,Private room,2,1.0,1.0,0.0,"[""Fire extinguisher"", ""Dedicated workspace"", ""Building staff"", ""Smoke alarm"", ""TV"", ""Air conditioning"", ""Exterior security cameras on property"", ""Wifi"", ""Kitchen"", ""Hot tub"", ""Free parking on premises"", ""Self check-in""]",$594.00,1,365,t,30,56,86,361,2025-03-23,1,1,0,280,1,6,3564.0,2024-06-11,2024-06-11,5.0,5.0,5.0,5.0,5.0,5.0,4.0,,t,2
2809,2809,city scrape,Family Luxury Suite,,570796583,2024-04-05,within an hour,100%,f,"['email', 'phone']",t,t,Belize Mainland,Belize,17.50034234496105,-88.18403260160522,Private room in bed and breakfast,Private room,4,2.5,2.0,2.0,"[""Fire extinguisher"", ""Dedicated workspace"", ""Building staff"", ""Smoke alarm"", ""TV"", ""Air conditioning"", ""Exterior security cameras on property"", ""Wifi"", ""Kitchen"", ""Hot tub"", ""Free parking on premises"", ""Self check-in"", ""Outdoor dining area""]",$734.00,1,365,t,17,41,61,305,2025-03-23,0,0,0,224,0,0,0.0,,,,,,,,,,,t,2
2811,2811,previous scrape,Arnold's Guest House,,524463442,2023-07-08,within a day,75%,t,"['email', 'phone']",t,t,Cayo,Cayo,17.156095482458003,-89.07152283936739,Private room in guesthouse,Private room,2,,1.0,,"[""Air conditioning"", ""Bed linens"", ""Laundromat nearby"", ""Luggage dropoff allowed"", ""Pets allowed"", ""Hot water"", ""Wifi"", ""Refrigerator"", ""Shampoo"", ""Carbon monoxide alarm"", ""Long term stays allowed"", ""Cleaning available during stay"", ""First aid kit"", ""Free parking on premises"", ""Fire extinguisher"", ""Conditioner"", ""Smoke alarm"", ""Clothing storage"", ""Exterior security cameras on property"", ""Body soap"", ""Private entrance""]",,1,365,t,12,36,66,238,2025-03-23,0,0,0,238,0,0,,,,,,,,,,,,f,4
2819,2819,city scrape,Casita in San PedroLuxurious Beachfront Studio,,570761657,2024-04-05,within an hour,100%,f,"['email', 'phone']",t,f,Belize Islands,Belize,17.876744151874664,-88.01122073442986,Entire home,Entire home/apt,2,1.0,0.0,1.0,"[""Zero % conditioner"", ""BBQ grill"", ""Extra pillows and blankets"", ""Air conditioning"", ""Bed linens"", ""Mini fridge"", ""Kitchen"", ""Wine glasses"", ""Kayak"", ""Hair dryer"", ""Toaster"", ""Outdoor dining area"", ""Sound system"", ""Waterfront"", ""Board games"", ""Exercise equipment: free weights, yoga mat"", ""Cooking basics"", ""Hangers"", ""Hot water"", ""Wifi"", ""Electric stove"", ""Refrigerator"", ""Iron"", ""Dishes and silverware"", ""Hot water kettle"", ""Shower gel"", ""Barbecue utensils"", ""Private patio or balcony"", ""First aid kit"", ""Coffee maker: drip coffee maker"", ""Books and reading material"", ""Safe"", ""Blender"", ""Beach access \u2013 Beachfront"", ""Microwave"", ""Bidet"", ""Coffee"", ""Free parking on premises"", ""Beach essentials"", ""Zero% body soap"", ""Sun loungers"", ""Fire extinguisher"", ""Freezer"", ""Smoke alarm"", ""Dining table"", ""Clothing storage"", ""Exterior security cameras on property"", ""Outdoor furniture"", ""Outdoor pool - infinity, pool toys"", ""Ceiling fan"", ""Zero % shampoo""]",$495.00,1,365,t,23,53,83,263,2025-03-23,11,11,2,263,5,66,32670.0,2024-07-04,2025-03-08,4.82,5.0,5.0,4.73,5.0,4.73,4.82,,f,2
2821,2821,city scrape,Cozy Getaway Near the Split!,,571960671,2024-04-12,within an hour,100%,f,"['email', 'phone']",f,t,Belize Islands,Belize,17.7611578,-88.02774869999999,Entire rental unit,Entire home/apt,2,1.0,1.0,2.0,"[""Extra pillows and blankets"", ""Air conditioning"", ""Bed linens"", ""Kitchen"", ""Wine glasses"", ""Hair dryer"", ""Toaster"", ""Cooking basics"", ""Hangers"", ""Hot water"", ""Wifi"", ""Electric stove"", ""Shampoo"", ""Iron"", ""Dishes and silverware"", ""Hammock"", ""Essentials"", ""Long term stays allowed"", ""Baking sheet"", ""Shared patio or balcony"", ""TV"", ""Safe"", ""Blender"", ""Lockbox"", ""Self check-in"", ""Fire extinguisher"", ""Freezer"", ""Clothing storage"", ""Exterior security cameras on property"", ""Coffee maker: drip coffee maker, french press"", ""Private beach access \u2013 Beachfront"", ""Outdoor furniture""]",$199.00,2,365,t,12,39,69,309,2025-03-23,13,13,4,263,2,78,15522.0,2024-12-23,2025-03-16,5.0,5.0,4.92,5.0,5.0,5.0,4.92,,t,2
2822,2822,city scrape,White Palm Rentals II,,571960671,2024-04-12,within an hour,100%,f,"['email', 'phone']",f,t,Belize Islands,Belize,17.751101410183026,-88.02448713383787,Entire condo,Entire home/apt,4,2.0,2.0,4.0,"[""Air conditioning"", ""Bed linens"", ""Kitchen"", ""Wine glasses"", ""Hair dryer"", ""Cleaning products"", ""Waterfront"", ""Cooking basics"", ""Hot water"", ""Wifi"", ""Electric stove"", ""Refrigerator"", ""Dishes and silverware"", ""Long term stays allowed"", ""Stainless steel single oven"", ""Baking sheet"", ""Shared patio or balcony"", ""TV"", ""Blender"", ""Beach access \u2013 Beachfront"", ""Self check-in"", ""Fire extinguisher"", ""Freezer"", ""Building staff"", ""Exterior security cameras on property"", ""Coffee maker: drip coffee maker, french press"", ""Free dryer""]",$240.00,2,365,t,26,47,72,347,2025-03-23,8,8,2,266,3,48,11520.0,2024-12-06,2025-03-09,4.75,4.63,4.75,4.88,5.0,4.63,4.63,,t,2
2824,2824,city scrape,The Modern Cabin,,539263081,2023-09-27,within an hour,100%,t,"['email', 'phone']",t,t,Cayo,Cayo,17.24187,-89.02777,Entire cabin,Entire home/apt,2,1.0,1.0,1.0,"[""Extra pillows and blankets"", ""Air conditioning"", ""Bed linens"", ""Kitchen"", ""Laundromat nearby"", ""Hair dryer"", ""Cooking basics"", ""Hangers"", ""Hot water"", ""Wifi"", ""Coffee maker: Keurig coffee machine"", ""Refrigerator"", ""Room-darkening shades"", ""Iron"", ""Carbon monoxide alarm"", ""Dishes and silverware"", ""Heating"", ""Essentials"", ""Gas stove"", ""Long term stays allowed"", ""Private patio or balcony"", ""First aid kit"", ""TV"", ""Free parking on premises"", ""Fire extinguisher"", ""Private entrance"", ""Clothing storage: closet""]",$117.00,1,365,t,15,45,75,254,2025-03-23,7,7,2,254,3,42,4914.0,2024-06-27,2025-03-05,4.86,5.0,5.0,5.0,5.0,4.71,5.0,,t,4
2831,2831,city scrape,Your Tent & many Hammock areas.,,493050072,2022-12-27,within an hour,100%,t,['phone'],t,f,Stann Creek Mainland,Stann Creek,16.878543822961294,-88.28952375634668,Tent,Entire home/apt,4,1.0,1.0,1.0,"[""Exterior security cameras on property"", ""Wifi""]",$24.00,1,365,t,30,60,90,365,2025-03-23,0,0,0,284,0,0,0.0,,,,,,,,,,,t,9
2833,2833,city scrape,Seafront Tropical Caribbean luxurious home,,572705712,2024-04-16,within an hour,100%,f,"['email', 'phone']",t,t,Corozal,Corozal,18.35787,-88.14392,Entire home,Entire home/apt,6,2.0,2.0,0.0,"[""BBQ grill"", ""Ethernet connection"", ""Dedicated workspace"", ""Boat slip"", ""Extra pillows and blankets"", ""Air conditioning"", ""Exercise equipment"", ""Hammock"", ""Kitchen"", ""Wine glasses"", ""Hair dryer"", ""Cleaning products"", ""Toaster"", ""Outdoor dining area"", ""Waterfront"", ""Dryer"", ""Board games"", ""Washer"", ""Cooking basics"", ""Pets allowed"", ""Hangers"", ""Hot water"", ""Pool"", ""Wifi"", ""Room-darkening shades"", ""Shampoo"", ""Iron"", ""Harmon Carson Bluetooth sound system"", ""Refrigerator"", ""Dishes and silverware"", ""Essentials"", ""Hot water kettle"", ""Gas stove"", ""Shower gel"", ""Barbecue utensils"", ""Private patio or balcony"", ""First aid kit"", ""Stainless steel single oven"", ""Baking sheet"", ""Single level home"", ""Coffee maker: drip coffee maker"", ""Outdoor shower"", ""Clothing storage: wardrobe"", ""TV"", ""Safe"", ""Blender"", ""Beach access \u2013 Beachfront"", ""Microwave"", ""Coffee"", ""Free parking on premises"", ""Dishwasher"", ""Sun loungers"", ""Fire extinguisher"", ""Freezer"", ""Conditioner"", ""Smoke alarm"", ""Dining table"", ""Drying rack for clothing"", ""Exterior security cameras on property"", ""Outdoor furniture"", ""Body soap"", ""Private entrance"", ""Ceiling fan""]",$504.00,3,730,t,2,19,49,294,2025-03-23,4,4,0,232,2,24,12096.0,2024-10-05,2025-02-18,5.0,5.0,4.75,5.0,5.0,4.75,5.0,,t,1
2834,2834,previous scrape,Sea Horizon Suite #6,,538998236,2023-09-26,within an hour,100%,f,"['email', 'phone']",t,t,Belize Islands,Belize,17.9095821,-87.9727798,Room in hotel,Private room,4,,1.0,,"[""Fire extinguisher"", ""Washer"", ""Smoke alarm"", ""First aid kit"", ""Outdoor shower"", ""Air conditioning"", ""TV"", ""Exterior security cameras on property"", ""Pool"", ""Wifi"", ""Kitchen"", ""Free parking on premises""]",,1,365,t,30,60,90,270,2025-03-23,0,0,0,270,0,0,,,,,,,,,,,,t,6
2836,2836,previous scrape,Sea Horizon Hotel,,538998236,2023-09-26,within an hour,100%,f,"['email', 'phone']",t,t,Belize Islands,Belize,17.9095821,-87.9727798,Room in hotel,Private room,2,,1.0,,"[""Fire extinguisher"", ""Washer"", ""Smoke alarm"", ""First aid kit"", ""Outdoor shower"", ""Air conditioning"", ""TV"", ""Pool"", ""Wifi"", ""Kitchen"", ""Free parking on premises""]",,1,365,t,30,60,90,270,2025-03-23,0,0,0,270,0,0,,,,,,,,,,,,t,6
2837,2837,city scrape,CariVenta 2 bedroom condo with pool - 1A,,572875223,2024-04-17,within an hour,100%,f,"['email', 'phone']",t,t,Belize Islands,Belize,17.73838,-88.02828,Entire condo,Entire home/apt,4,2.0,2.0,2.0,"[""Ethernet connection"", ""Dedicated workspace"", ""Air conditioning"", ""Bed linens"", ""Kitchen"", ""Wine glasses"", ""Laundromat nearby"", ""Hair dryer"", ""Cleaning products"", ""Stove"", ""Toaster"", ""Cooking basics"", ""Pets allowed"", ""Hangers"", ""Hot water"", ""Oven"", ""Pool"", ""Wifi"", ""Host greets you"", ""Shampoo"", ""Iron"", ""Refrigerator"", ""Dishes and silverware"", ""Hot water kettle"", ""Essentials"", ""Long term stays allowed"", ""Shower gel"", ""First aid kit"", ""HDTV with Amazon Prime Video"", ""Bikes"", ""Outdoor shower"", ""Patio or balcony"", ""Safe"", ""Blender"", ""Microwave"", ""Coffee"", ""Free parking on premises"", ""Dishwasher"", ""Sun loungers"", ""Fire extinguisher"", ""Freezer"", ""Conditioner"", ""Smoke alarm"", ""Dining table"", ""Clothing storage"", ""Exterior security cameras on property"", ""Outdoor furniture"", ""Body soap"", ""Ceiling fan"", ""Coffee maker""]",$525.00,2,30,t,14,40,70,237,2025-03-23,9,9,2,237,3,54,28350.0,2024-06-06,2025-03-10,5.0,5.0,4.78,5.0,5.0,4.67,4.89,,t,6
2838,2838,previous scrape,sea Horizon Suite #5,,538998236,2023-09-26,within an hour,100%,f,"['email', 'phone']",t,t,Belize Islands,Belize,17.9095821,-87.9727798,Room in hotel,Private room,4,,1.0,,"[""Fire extinguisher"", ""Washer"", ""Smoke alarm"", ""First aid kit"", ""Outdoor shower"", ""Air conditioning"", ""TV"", ""Pool"", ""Wifi"", ""Kitchen"", ""Free parking on premises""]",,1,365,t,30,60,90,270,2025-03-23,0,0,0,270,0,0,,,,,,,,,,,,t,6
2839,2839,city scrape,Tiny Toucan,,573022945,2024-04-18,,,f,"['email', 'phone']",f,t,Cayo,Cayo,17.31793,-89.01369,Tent,Entire home/apt,4,1.0,1.0,1.0,"[""BBQ grill"", ""First aid kit"", ""Outdoor shower"", ""Wifi"", ""Fire pit"", ""Free parking on premises"", ""Outdoor dining area""]",$112.00,1,365,,30,60,90,269,2025-03-23,0,0,0,269,0,0,0.0,,,,,,,,,,,f,2
2840,2840,city scrape,Let IT GO Beach Cottage,This fly fisherman's paradise beach house is located 2  miles from El Bar el Norte or Playa Del Sol Ambergris Caye. <br /><br />This remote beach house is next to The Hidden Blue Point LA CHAKRA beach house.<br /><br />Approximately 4 miles away from the amazing Sapphire Beach Resort. A great resort which has an amazing restaurant especially for dinner.<br /><br />A next great resort which is very close this beach house is the famous recently opened Margaritaville Resort Belize which is approximately a 10-minute drive by the beach side. These resorts are open for public.,429412882,2021-10-28,within an hour,100%,f,"['email', 'phone']",t,t,Belize Islands,Belize,18.066900768137494,-87.88385378533809,Entire home,Entire home/apt,4,1.0,1.0,1.0,"[""BBQ grill"", ""Extra pillows and blankets"", ""Air conditioning"", ""Bed linens"", ""Kitchen"", ""Wine glasses"", ""Kayak"", ""Luggage dropoff allowed"", ""Hair dryer"", ""Cleaning products"", ""Resort access"", ""Toaster"", ""Outdoor dining area"", ""Lake access"", ""Waterfront"", ""Board games"", ""Washer"", ""Cooking basics"", ""Ocean view"", ""Free dryer \u2013 In unit"", ""Hangers"", ""Hot water"", ""Single oven"", ""Wifi"", ""Host greets you"", ""Room-darkening shades"", ""Shampoo"", ""Iron"", ""Carbon monoxide alarm"", ""Refrigerator"", ""Outlet covers"", ""Essentials"", ""Dishes and silverware"", ""Gas stove"", ""Hammock"", ""Long term stays allowed"", ""Barbecue utensils"", ""First aid kit"", ""Baking sheet"", ""Coffee maker: drip coffee maker"", ""Outdoor shower"", ""TV"", ""Books and reading material"", ""Safe"", ""Private backyard"", ""Blender"", ""Beach access \u2013 Beachfront"", ""Microwave"", ""Coffee"", ""Courtyard view"", ""Beach essentials"", ""Free parking on premises"", ""Fire extinguisher"", ""Beach view"", ""Conditioner"", ""Mosquito net"", ""Smoke alarm"", ""Dining table"", ""Sea view"", ""Exterior security cameras on property"", ""Body soap"", ""Private entrance"", ""Ceiling fan"", ""Clothing storage: closet""]",$409.00,3,1125,t,24,49,79,346,2025-03-23,3,3,0,265,1,18,7362.0,2024-09-04,2025-02-04,5.0,5.0,5.0,5.0,5.0,5.0,5.0,,t,1
2841,2841,city scrape,Canopy Horse Chalet,,573022945,2024-04-18,,,f,"['email', 'phone']",f,t,Cayo,Cayo,17.3228,-89.00753,Entire home,Entire home/apt,4,1.0,1.0,2.0,"[""BBQ grill"", ""Fire extinguisher"", ""First aid kit"", ""Pets allowed"", ""Wifi"", ""Kitchen"", ""Fire pit"", ""Hair dryer"", ""Free parking on premises"", ""Outdoor dining area""]",$149.00,1,365,,30,60,90,269,2025-03-23,0,0,0,269,0,0,0.0,,,,,,,,,,,f,2
2842,2842,city scrape,1 Bedroom Condo Placencia - Brisa Oceano,,573676438,2024-04-22,within an hour,100%,f,"['email', 'phone']",t,t,Stann Creek Mainland,Stann Creek,16.515217421964987,-88.36597955498657,Private room in condo,Private room,2,1.0,1.0,0.0,"[""Fire extinguisher"", ""Beach view"", ""Beach access \u2013 Beachfront"", ""Smoke alarm"", ""Outdoor shower"", ""TV"", ""Air conditioning"", ""Exercise equipment"", ""Exterior security cameras on property"", ""Smoking allowed"", ""Wifi"", ""Kitchen"", ""Iron"", ""Free parking on premises""]",$454.00,1,365,t,12,42,64,238,2025-03-23,2,2,0,238,1,12,5448.0,2024-06-15,2025-01-09,5.0,5.0,5.0,5.0,5.0,5.0,5.0,,f,4
2843,2843,city scrape,1 Bed Room Condo  Placencia - Ocean View,,573676438,2024-04-22,within an hour,100%,f,"['email', 'phone']",t,t,Stann Creek Mainland,Stann Creek,16.51507447464535,-88.36593663964233,Private room in condo,Private room,2,1.0,1.0,1.0,"[""Fire extinguisher"", ""Lock on bedroom door"", ""Beach access \u2013 Beachfront"", ""Smoke alarm"", ""Outdoor shower"", ""TV"", ""Air conditioning"", ""Exercise equipment"", ""Exterior security cameras on property"", ""Smoking allowed"", ""Wifi"", ""Kitchen"", ""Iron"", ""Free parking on premises""]",$556.00,1,365,t,28,58,82,261,2025-03-23,0,0,0,261,0,0,0.0,,,,,,,,,,,t,4
2844,2844,city scrape,1 Bedroom Beach Front Condo,"We are located in the heart of Placencia. Come and experience the Belize culture first hand. Friendly people, tropical environment, delicious food and breath taking beach",573676438,2024-04-22,within an hour,100%,f,"['email', 'phone']",t,t,Stann Creek Mainland,Stann Creek,16.515180662752233,-88.36593522398879,Private room in condo,Private room,2,1.0,1.0,1.0,"[""Fire extinguisher"", ""Waterfront"", ""Beach view"", ""Beach access \u2013 Beachfront"", ""Smoke alarm"", ""Outdoor shower"", ""TV"", ""Air conditioning"", ""Exercise equipment"", ""Exterior security cameras on property"", ""Smoking allowed"", ""Wifi"", ""Kitchen"", ""Iron"", ""Resort access"", ""Free parking on premises""]",$563.00,1,365,t,30,60,84,263,2025-03-23,0,0,0,263,0,0,0.0,,,,,,,,,,,t,4
2845,2845,city scrape,CariVenta 1 bedroom condo with pool - 1B,,572875223,2024-04-17,within an hour,100%,f,"['email', 'phone']",t,t,Belize Islands,Belize,17.73854,-88.02891,Entire condo,Entire home/apt,2,1.0,1.0,1.0,"[""Ethernet connection"", ""Dedicated workspace"", ""Air conditioning"", ""Bed linens"", ""Kitchen"", ""Wine glasses"", ""Laundromat nearby"", ""Hair dryer"", ""Cleaning products"", ""Stove"", ""Toaster"", ""Cooking basics"", ""Pets allowed"", ""Hangers"", ""Hot water"", ""Oven"", ""Pool"", ""Wifi"", ""Coffee maker"", ""Host greets you"", ""Shampoo"", ""Refrigerator"", ""Dishes and silverware"", ""Long term stays allowed"", ""Shower gel"", ""First aid kit"", ""HDTV with Amazon Prime Video"", ""Bikes"", ""Outdoor shower"", ""Patio or balcony"", ""Safe"", ""Blender"", ""Pool view"", ""Microwave"", ""Coffee"", ""Free parking on premises"", ""Sun loungers"", ""Fire extinguisher"", ""Freezer"", ""Conditioner"", ""Smoke alarm"", ""Dining table"", ""Clothing storage"", ""Exterior security cameras on property"", ""Outdoor furniture"", ""Body soap"", ""Ceiling fan"", ""Garden view""]",$382.00,2,365,t,28,49,79,259,2025-03-23,6,6,0,259,1,36,13752.0,2024-12-28,2025-02-15,5.0,5.0,5.0,5.0,5.0,5.0,5.0,,t,6
2846,2846,city scrape,CariVenta 1 bedroom condo with pool - 2B,,572875223,2024-04-17,within an hour,100%,f,"['email', 'phone']",t,t,Belize Islands,Belize,17.73901,-88.02741,Entire condo,Entire home/apt,2,1.0,1.0,1.0,"[""Ethernet connection"", ""Dedicated workspace"", ""Air conditioning"", ""Bed linens"", ""Kitchen"", ""Wine glasses"", ""Laundromat nearby"", ""Hair dryer"", ""Cleaning products"", ""Stove"", ""Toaster"", ""Cooking basics"", ""Pets allowed"", ""Hangers"", ""Hot water"", ""Oven"", ""Pool"", ""Wifi"", ""Host greets you"", ""Shampoo"", ""Iron"", ""Refrigerator"", ""Dishes and silverware"", ""Long term stays allowed"", ""Shower gel"", ""First aid kit"", ""Bikes"", ""Outdoor shower"", ""TV"", ""Patio or balcony"", ""Safe"", ""Blender"", ""Microwave"", ""Coffee"", ""Free parking on premises"", ""Sun loungers"", ""Fire extinguisher"", ""Freezer"", ""Conditioner"", ""Smoke alarm"", ""Dining table"", ""Clothing storage"", ""Exterior security cameras on property"", ""Outdoor furniture"", ""Body soap"", ""Ceiling fan"", ""Coffee maker""]",$363.00,2,30,t,14,44,74,254,2025-03-23,3,3,0,254,3,18,6534.0,2024-12-09,2024-12-30,5.0,5.0,5.0,5.0,5.0,5.0,5.0,,t,6
2847,2847,city scrape,2 Bedroom Ocean View Condo,"We are located in the heart of Placencia. Come and experience the Belize culture first hand. Friendly people, tropical environment, delicious food and breath taking beach",573676438,2024-04-22,within an hour,100%,f,"['email', 'phone']",t,t,Stann Creek Mainland,Stann Creek,16.51507419766756,-88.36593663964233,Entire condo,Entire home/apt,4,2.0,2.0,2.0,"[""Fire extinguisher"", ""Waterfront"", ""Beach view"", ""Beach access \u2013 Beachfront"", ""Smoke alarm"", ""Outdoor shower"", ""TV"", ""Air conditioning"", ""Exercise equipment"", ""Smoking allowed"", ""Wifi"", ""Kitchen"", ""Iron"", ""Free parking on premises""]",$745.00,1,365,t,27,57,81,260,2025-03-23,1,1,0,260,0,6,4470.0,2025-01-16,2025-01-16,4.0,4.0,5.0,4.0,4.0,5.0,4.0,,t,4
2848,2848,city scrape,CariVenta 1 bedroom condo with pool - 3B,,572875223,2024-04-17,within an hour,100%,f,"['email', 'phone']",t,t,Belize Islands,Belize,17.73982,-88.0276,Entire condo,Entire home/apt,2,1.0,1.0,1.0,"[""Ethernet connection"", ""Dedicated workspace"", ""Air conditioning"", ""Bed linens"", ""Kitchen"", ""Wine glasses"", ""Laundromat nearby"", ""Hair dryer"", ""Cleaning products"", ""Stove"", ""Toaster"", ""Cooking basics"", ""Pets allowed"", ""Hangers"", ""Hot water"", ""Oven"", ""Pool"", ""Wifi"", ""Host greets you"", ""Shampoo"", ""Iron"", ""Refrigerator"", ""Carbon monoxide alarm"", ""Dishes and silverware"", ""Long term stays allowed"", ""Shower gel"", ""First aid kit"", ""Bikes"", ""Outdoor shower"", ""TV"", ""Patio or balcony"", ""Safe"", ""Blender"", ""Microwave"", ""Coffee"", ""Free parking on premises"", ""Sun loungers"", ""Fire extinguisher"", ""Freezer"", ""Conditioner"", ""Smoke alarm"", ""Dining table"", ""Clothing storage"", ""Exterior security cameras on property"", ""Outdoor furniture"", ""Body soap"", ""Ceiling fan"", ""Coffee maker""]",$363.00,2,365,t,30,60,90,270,2025-03-23,6,6,1,270,0,36,13068.0,2025-01-07,2025-03-05,5.0,4.83,5.0,5.0,5.0,4.83,4.83,,t,6
2850,2850,city scrape,Mile 9 Camp House,,567960559,2024-03-19,,,f,"['email', 'phone']",f,t,Belize Mainland,Belize,17.46938,-88.31139,Private room in guesthouse,Private room,2,2.0,2.0,2.0,"[""Dedicated workspace"", ""Extra pillows and blankets"", ""Air conditioning"", ""Bed linens"", ""Mini fridge"", ""Dryer \u2013 In building"", ""Kitchen"", ""Lake access"", ""Washer"", ""Hangers"", ""Hot water"", ""Wifi"", ""Iron"", ""Essentials"", ""First aid kit"", ""TV"", ""Safe"", ""Microwave"", ""Free parking on premises"", ""Fire extinguisher"", ""Smoke alarm"", ""Clothing storage"", ""Exterior security cameras on property""]",$171.00,1,365,t,21,44,74,254,2025-03-23,0,0,0,254,0,0,0.0,,,,,,,,,,,f,2
2852,2852,city scrape,Toucan Room,Adjacent to Barton Creek Cave Archeological Reserve,574226226,2024-04-25,,,f,"['email', 'phone']",f,t,Cayo,Cayo,17.116979555539768,-88.92806712095444,Entire cabin,Entire home/apt,8,1.0,1.0,4.0,"[""BBQ grill"", ""Pocket wifi"", ""Outdoor playground"", ""Dedicated workspace"", ""Extra pillows and blankets"", ""Bed linens"", ""Valley view"", ""Kitchen"", ""Luggage dropoff allowed"", ""Shared backyard"", ""Outdoor dining area"", ""Lake access"", ""Waterfront"", ""Board games"", ""Washer"", ""Cooking basics"", ""Breakfast"", ""Free resort access"", ""Hangers"", ""Hot water"", ""Oven"", ""Resort view"", ""Portable fans"", ""Wifi"", ""Shampoo"", ""Room-darkening shades"", ""Dishes and silverware"", ""Paid dryer \u2013 In building"", ""Hammock"", ""Hot water kettle"", ""Essentials"", ""Long term stays allowed"", ""Shower gel"", ""River view"", ""Barbecue utensils"", ""First aid kit"", ""Single level home"", ""Outdoor shower"", ""Mountain view"", ""TV"", ""Housekeeping - included with your stay"", ""Fire pit"", ""Beach access \u2013 Beachfront"", ""Coffee"", ""Free parking on premises"", ""Beach essentials"", ""Self check-in"", ""Sun loungers"", ""Fire extinguisher"", ""Freezer"", ""Beach view"", ""Building staff"", ""Conditioner"", ""Dining table"", ""Park view"", ""Outdoor kitchen with oven, sink"", ""Drying rack for clothing"", ""Clothing storage"", ""Exterior security cameras on property"", ""Outdoor furniture"", ""Body soap"", ""Private entrance"", ""Garden view""]",$419.00,1,365,t,11,41,71,248,2025-03-23,0,0,0,248,0,0,0.0,,,,,,,,,,,t,2
2856,2856,city scrape,Casa Weldy at Cerros Peninsula,,572880414,2024-04-17,within a day,100%,f,"['email', 'phone']",f,t,Corozal,Corozal,18.3542035,-88.333775,Entire home,Entire home/apt,6,3.0,3.0,3.0,"[""Free dryer \u2013 In building"", ""Backyard"", ""Air conditioning"", ""Bed linens"", ""Kitchen"", ""Wine glasses"", ""Toaster"", ""Outdoor dining area"", ""Window guards"", ""Waterfront"", ""Board games"", ""Hot water"", ""Wifi"", ""Host greets you"", ""Dishes and silverware"", ""Long term stays allowed"", ""First aid kit"", ""Ceiling fan"", ""Coffee maker: drip coffee maker"", ""TV"", ""Blender"", ""Beach access \u2013 Beachfront"", ""Free parking on premises"", ""Dishwasher"", ""Fire extinguisher"", ""Washer \u2013\u00a0In building"", ""Smoke alarm"", ""Dining table"", ""Drying rack for clothing"", ""Exterior security cameras on property"", ""Stainless steel gas stove""]",$405.00,1,28,t,30,60,90,269,2025-03-23,1,1,0,269,1,6,2430.0,2024-11-22,2024-11-22,5.0,5.0,4.0,5.0,4.0,5.0,5.0,,f,1
2857,2857,city scrape,Modern Studio,,539263081,2023-09-27,within an hour,100%,t,"['email', 'phone']",t,t,Cayo,Cayo,17.241188591611362,-89.02782086347656,Entire bungalow,Entire home/apt,2,1.0,1.0,1.0,"[""Air conditioning"", ""Heating - split type ductless system"", ""Bed linens"", ""Kitchen"", ""Laundromat nearby"", ""Hair dryer"", ""Cooking basics"", ""Hot water"", ""Wifi"", ""Refrigerator"", ""Iron"", ""Dishes and silverware"", ""Carbon monoxide alarm"", ""Essentials"", ""Long term stays allowed"", ""First aid kit"", ""TV"", ""Free parking on premises"", ""Fire extinguisher"", ""Coffee maker: espresso machine"", ""Stainless steel gas stove""]",$108.00,1,365,t,0,28,58,228,2025-03-23,4,4,1,228,2,24,2592.0,2024-10-20,2025-02-23,4.75,4.75,4.75,5.0,5.0,4.75,4.75,,t,4
2860,2860,city scrape,Wooden Tipi Tent,,574971406,2024-04-30,,,,"['email', 'phone']",t,t,Belize Mainland,Belize,17.57115398558015,-88.38035579770803,Tent,Entire home/apt,1,1.0,2.0,2.0,"[""BBQ grill"", ""Fire extinguisher"", ""Outdoor shower"", ""Exterior security cameras on property"", ""Pool"", ""Wifi"", ""Fire pit"", ""Paid parking on premises"", ""Free parking on premises"", ""Outdoor dining area""]",$72.00,1,365,t,29,59,89,269,2025-03-23,0,0,0,269,0,0,0.0,,,,,,,,,,,f,1
2862,2862,city scrape,Casa Xun,We are located next to friendly and not noisy neighbors. The house is located to the opposite side of a Primary School. The Xunantunich Mayan ruins is located approximately 15 Min by vehicle and 35 mins walking. A police station is located 5 minutes away in vehicle and 10 minutes walking. this house is the only Air BnB located in this neighborhood.,575216416,2024-05-01,within an hour,100%,f,['phone'],t,t,Cayo,Cayo,17.079074137151075,-89.12218976765871,Entire home,Entire home/apt,4,1.0,2.0,3.0,"[""Bar soup body soap"", ""Air conditioning"", ""Kitchen"", ""Cleaning products"", ""Cooking basics"", ""Pets allowed"", ""Oven"", ""Wifi"", ""Hammock"", ""Dishes and silverware"", ""Gas stove"", ""Free street parking"", ""First aid kit"", ""Single level home"", ""Clothing storage: wardrobe"", ""TV"", ""Books and reading material"", ""Mabe refrigerator"", ""Blender"", ""Coffee"", ""Free parking on premises"", ""Dining table"", ""Trash compactor"", ""Private entrance"", ""Ceiling fan"", ""Shampoo shampoo""]",$154.00,1,365,t,30,60,90,365,2025-03-23,12,12,1,284,7,72,11088.0,2024-07-24,2025-03-02,4.67,4.83,4.75,4.92,4.92,4.33,4.83,,f,1
2863,2863,city scrape,Mountain Top Suite,,573049874,2024-04-18,within an hour,100%,f,['phone'],t,t,Cayo,Cayo,17.16934,-88.96686,Private room in guesthouse,Private room,2,1.0,1.0,1.0,"[""Dedicated workspace"", ""Air conditioning"", ""Valley view"", ""Toaster"", ""Cooking basics"", ""Wifi"", ""Host greets you"", ""Dishes and silverware"", ""Long term stays allowed"", ""Shared patio or balcony"", ""Coffee maker: drip coffee maker"", ""Coffee"", ""Microwave"", ""Free parking on premises"", ""Kitchenette"", ""Outdoor furniture"", ""Mountain view"", ""Private entrance"", ""Garden view"", ""Clothing storage: closet""]",$139.00,1,365,t,27,57,87,362,2025-03-23,4,4,2,281,2,24,3336.0,2024-08-07,2025-03-06,4.75,4.75,5.0,4.75,5.0,4.75,4.75,,t,3
2867,2867,city scrape,Vaiana at Moonrise Beach–A Perfect Family Getaway!,,484012819,2022-10-17,within an hour,100%,,"['email', 'phone']",t,t,Stann Creek Mainland,Stann Creek,16.66473,-88.309836,Entire rental unit,Entire home/apt,6,1.5,2.0,3.0,"[""BBQ grill"", ""Dedicated workspace"", ""Extra pillows and blankets"", ""Air conditioning"", ""Bed linens"", ""Kitchen"", ""Wine glasses"", ""Laundromat nearby"", ""Kayak"", ""Hair dryer"", ""Cleaning products"", ""Stove"", ""Toaster"", ""Outdoor dining area"", ""Waterfront"", ""Dryer"", ""Board games"", ""Washer"", ""Ocean view"", ""Shared beach access \u2013 Beachfront"", ""Hangers"", ""Hot water"", ""Pool"", ""Wifi"", ""Host greets you"", ""Shampoo"", ""Iron"", ""Refrigerator"", ""Dishes and silverware"", ""Hammock"", ""Hot water kettle"", ""Essentials"", ""Long term stays allowed"", ""Barbecue utensils"", ""First aid kit"", ""Baking sheet"", ""Outdoor shower"", ""TV"", ""Books and reading material"", ""Patio or balcony"", ""Safe"", ""Blender"", ""Table corner guards"", ""Microwave"", ""Free parking on premises"", ""Beach essentials"", ""Dishwasher"", ""Fire extinguisher"", ""Freezer"", ""Beach view"", ""Conditioner"", ""Smoke alarm"", ""Dining table"", ""Clothing storage"", ""Outdoor furniture"", ""Body soap"", ""Private entrance"", ""Ceiling fan"", ""Coffee maker"", ""Outdoor kitchen""]",$462.00,2,90,t,2,21,26,190,2025-03-23,9,9,1,146,3,54,24948.0,2024-06-21,2025-03-04,4.89,4.67,4.78,4.78,5.0,4.89,4.89,,t,3
2868,2868,city scrape,Vaiana & Aerie at Moonrise Beach-Family Perfection,,484012819,2022-10-17,within an hour,100%,,"['email', 'phone']",t,t,Stann Creek Mainland,Stann Creek,16.66473,-88.309836,Entire rental unit,Entire home/apt,9,2.5,3.0,5.0,"[""BBQ grill"", ""Dedicated workspace"", ""Extra pillows and blankets"", ""Air conditioning"", ""Bed linens"", ""Kitchen"", ""Wine glasses"", ""Kayak"", ""Hair dryer"", ""Cleaning products"", ""Stove"", ""Toaster"", ""Outdoor dining area"", ""Waterfront"", ""Dryer"", ""Board games"", ""Washer"", ""Ocean view"", ""Shared beach access \u2013 Beachfront"", ""Hangers"", ""Hot water"", ""Pool"", ""Wifi"", ""Host greets you"", ""Shampoo"", ""Iron"", ""Refrigerator"", ""Dishes and silverware"", ""Hammock"", ""Hot water kettle"", ""Essentials"", ""Long term stays allowed"", ""Barbecue utensils"", ""First aid kit"", ""Baking sheet"", ""Outdoor shower"", ""TV"", ""Patio or balcony"", ""Safe"", ""Blender"", ""Pool view"", ""Microwave"", ""Beach essentials"", ""Dishwasher"", ""Fire extinguisher"", ""Freezer"", ""Beach view"", ""Conditioner"", ""Smoke alarm"", ""Dining table"", ""Sea view"", ""Clothing storage"", ""Outdoor furniture"", ""Body soap"", ""Private entrance"", ""Ceiling fan"", ""Coffee maker"", ""Outdoor kitchen""]",$696.00,2,90,t,2,18,23,151,2025-03-23,1,1,0,143,1,6,4176.0,2024-07-21,2024-07-21,4.0,4.0,3.0,4.0,5.0,5.0,5.0,,t,3
2869,2869,city scrape,Moonrise Beach–A Perfect Family Getaway-Sleeps 16,,484012819,2022-10-17,within an hour,100%,,"['email', 'phone']",t,t,Stann Creek Mainland,Stann Creek,16.66473,-88.30984,Entire villa,Entire home/apt,16,5.0,6.0,9.0,"[""BBQ grill"", ""Dedicated workspace"", ""Extra pillows and blankets"", ""Air conditioning"", ""Bed linens"", ""Kitchen"", ""Wine glasses"", ""Kayak"", ""Hair dryer"", ""Cleaning products"", ""Stove"", ""Toaster"", ""Outdoor dining area"", ""Waterfront"", ""Dryer"", ""Board games"", ""Washer"", ""Cooking basics"", ""Ocean view"", ""Shared beach access \u2013 Beachfront"", ""Hangers"", ""Hot water"", ""Pool"", ""Wifi"", ""Host greets you"", ""Shampoo"", ""Iron"", ""Refrigerator"", ""Dishes and silverware"", ""Hammock"", ""Hot water kettle"", ""Essentials"", ""Long term stays allowed"", ""Barbecue utensils"", ""First aid kit"", ""Outdoor shower"", ""TV"", ""Books and reading material"", ""Patio or balcony"", ""Safe"", ""Pool view"", ""Microwave"", ""Free parking on premises"", ""Beach essentials"", ""Dishwasher"", ""Fire extinguisher"", ""Freezer"", ""Beach view"", ""Conditioner"", ""Smoke alarm"", ""Dining table"", ""Sea view"", ""Clothing storage"", ""Outdoor furniture"", ""Body soap"", ""Private entrance"", ""Ceiling fan"", ""Coffee maker"", ""Outdoor kitchen""]","$1,102.00",2,90,t,2,18,23,151,2025-03-23,4,4,0,143,2,24,26448.0,2024-07-19,2025-01-15,5.0,5.0,5.0,5.0,5.0,5.0,5.0,,t,3
2871,2871,city scrape,Cozy Studio with Views of The Mopan River,,575815427,2024-05-04,,,f,"['email', 'phone']",t,t,Cayo,Cayo,17.17277479157164,-89.10701219678955,Entire rental unit,Entire home/apt,3,1.0,1.0,2.0,"[""Extra pillows and blankets"", ""Air conditioning"", ""Bed linens"", ""Kitchen"", ""Wine glasses"", ""Cleaning products"", ""Board games"", ""Washer"", ""Hangers"", ""Single oven"", ""Wifi"", ""Host greets you"", ""Shampoo"", ""Hammock"", ""Gas stove"", ""Private patio or balcony"", ""Bikes"", ""Coffee maker: drip coffee maker"", ""Outdoor shower"", ""TV"", ""Blender"", ""Microwave"", ""Coffee"", ""Free parking on premises"", ""Fire extinguisher"", ""Freezer"", ""Clothing storage"", ""Body soap"", ""Ceiling fan""]",$269.00,1,14,t,29,59,89,179,2025-03-23,1,1,0,179,1,6,1614.0,2024-06-26,2024-06-26,5.0,5.0,5.0,5.0,5.0,5.0,5.0,,f,1
2872,2872,city scrape,The Sentinel - Modern Home 4Br/2.5 Bath~FullyAC,,468172536,2022-07-07,within an hour,100%,f,['phone'],t,f,Cayo,Cayo,17.156864477503692,-89.07329204484407,Entire home,Entire home/apt,10,2.5,4.0,4.0,"[""Extra pillows and blankets"", ""Air conditioning"", ""Bed linens"", ""Kitchen"", ""Wine glasses"", ""Hair dryer"", ""Cleaning products"", ""Stove"", ""Toaster"", ""Outdoor dining area"", ""Window guards"", ""Dryer"", ""Cooking basics"", ""Washer"", ""Hangers"", ""Hot water"", ""Oven"", ""Wifi"", ""Room-darkening shades"", ""Shampoo"", ""Iron"", ""Carbon monoxide alarm"", ""Refrigerator"", ""Dishes and silverware"", ""Rice maker"", ""Hammock"", ""Private patio or balcony"", ""First aid kit"", ""Baking sheet"", ""TV"", ""Safe"", ""Blender"", ""Microwave"", ""Coffee"", ""Lockbox"", ""Free parking on premises"", ""Clothing storage: closet and dresser"", ""Dishwasher"", ""Self check-in"", ""Fire extinguisher"", ""Freezer"", ""Conditioner"", ""Smoke alarm"", ""Dining table"", ""Drying rack for clothing"", ""Exterior security cameras on property"", ""Body soap"", ""Private entrance"", ""Ceiling fan"", ""Coffee maker""]",$570.00,2,365,t,26,56,72,340,2025-03-23,4,4,1,259,0,24,13680.0,2025-01-01,2025-03-17,5.0,5.0,5.0,4.75,5.0,5.0,4.75,,t,1
2895,2895,city scrape,Kingdom of Caerus,,546613812,2023-11-15,within an hour,100%,t,"['email', 'phone']",t,t,Belize Mainland,Belize,17.67337,-88.36321,Entire home,Entire home/apt,3,1.0,1.0,1.0,"[""Outdoor playground"", ""Air conditioning"", ""Smoking allowed"", ""Bed linens"", ""Laundromat nearby"", ""Hair dryer"", ""Outdoor dining area"", ""Shared backyard \u2013 Fully fenced"", ""Pets allowed"", ""Hangers"", ""Hot water"", ""Wifi"", ""Host greets you"", ""Room-darkening shades"", ""Shampoo"", ""Iron"", ""Carbon monoxide alarm"", ""Refrigerator"", ""Long term stays allowed"", ""Shower gel"", ""First aid kit"", ""Coffee maker: drip coffee maker"", ""Clothing storage: wardrobe"", ""TV"", ""Books and reading material"", ""Safe"", ""Microwave"", ""Coffee"", ""Free parking on premises"", ""Fire extinguisher"", ""Freezer"", ""Smoke alarm"", ""Children\u2019s books and toys for ages 0-2 years old, 2-5 years old, 5-10 years old, and 10+ years old"", ""Outdoor furniture"", ""Body soap"", ""Private entrance""]",$202.00,1,1125,t,30,58,88,267,2025-03-23,10,10,0,267,10,60,12120.0,2024-06-25,2024-12-20,5.0,5.0,5.0,5.0,5.0,4.9,5.0,,f,1
2896,2896,city scrape,Remote jungle house: La Casa Fiesta Grande,A 4x4 off road car is a must to reach this destination,536790603,2023-09-12,within an hour,100%,f,['phone'],t,t,Cayo,Cayo,17.00214,-89.04626,Entire home,Entire home/apt,4,1.0,2.0,2.0,"[""BBQ grill"", ""Dedicated workspace"", ""Extra pillows and blankets"", ""Smoking allowed"", ""Bed linens"", ""Kitchen"", ""Wine glasses"", ""Kayak"", ""Hair dryer"", ""Cleaning products"", ""Stove"", ""Toaster"", ""Outdoor dining area"", ""Sound system"", ""Lake access"", ""Board games"", ""Arcade games"", ""Cooking basics"", ""Keypad"", ""Hangers"", ""Hot water"", ""Central air conditioning"", ""Portable fans"", ""Wifi"", ""Shampoo"", ""Refrigerator"", ""Dishes and silverware"", ""Carbon monoxide alarm"", ""Rice maker"", ""Hot water kettle"", ""Heating"", ""Hammock"", ""Shower gel"", ""River view"", ""Barbecue utensils"", ""First aid kit"", ""Books and reading material"", ""TV"", ""Mountain view"", ""Patio or balcony"", ""Blender"", ""Bidet"", ""Free parking on premises"", ""Self check-in"", ""Dishwasher"", ""Sun loungers"", ""Fire extinguisher"", ""Freezer"", ""Mosquito net"", ""Smoke alarm"", ""Dining table"", ""Clothing storage"", ""Exterior security cameras on property"", ""Outdoor furniture"", ""Body soap"", ""Private entrance"", ""Ceiling fan"", ""Coffee maker""]",$280.00,5,28,t,23,53,83,351,2025-03-23,1,1,0,270,0,10,2800.0,2025-02-01,2025-02-01,5.0,5.0,4.0,5.0,5.0,5.0,5.0,,f,2
2897,2897,city scrape,Family Cabana,,545904918,2023-11-10,within an hour,100%,t,"['email', 'phone']",t,t,Cayo,Cayo,17.153994540784286,-88.8519111116394,Treehouse,Entire home/apt,6,2.0,2.0,5.0,"[""Backyard"", ""Babysitter recommendations"", ""Bed linens"", ""Wine glasses"", ""Resort access"", ""Outdoor dining area"", ""Crib"", ""Board games"", ""Breakfast"", ""Hangers"", ""Hot water"", ""Portable fans"", ""Wifi"", ""Shampoo"", ""Hammock"", ""Hot water kettle"", ""Essentials"", ""Long term stays allowed"", ""Cleaning available during stay"", ""First aid kit"", ""Single level home"", ""Books and reading material"", ""Patio or balcony"", ""Safe"", ""Coffee"", ""Free parking on premises"", ""Fire extinguisher"", ""Conditioner"", ""Smoke alarm"", ""Kitchenette"", ""Clothing storage"", ""Exterior security cameras on property"", ""Outdoor furniture"", ""Body soap"", ""Private entrance"", ""Ceiling fan"", ""Coffee maker""]",$430.00,1,365,t,5,27,53,287,2025-03-23,1,1,0,217,1,6,2580.0,2024-08-20,2024-08-20,5.0,5.0,4.0,4.0,5.0,5.0,4.0,,t,4
2898,2898,city scrape,2 Bedroom Beachfront Villa,,486738455,2022-11-07,within a day,90%,f,"['email', 'phone']",t,t,Stann Creek Mainland,Stann Creek,16.62174,-88.35274,Entire rental unit,Entire home/apt,4,1.0,2.0,2.0,"[""Fire extinguisher"", ""Smoke alarm"", ""First aid kit"", ""Pets allowed"", ""TV"", ""Air conditioning"", ""Pool"", ""Wifi"", ""Kitchen"", ""Beach access \u2013 Beachfront"", ""Free parking on premises""]",$688.00,2,365,t,29,59,89,269,2025-03-23,0,0,0,269,0,0,0.0,,,,,,,,,,,f,4
2899,2899,city scrape,3 Bedroom Beachfront Villa,,486738455,2022-11-07,within a day,90%,f,"['email', 'phone']",t,t,Stann Creek Mainland,Stann Creek,16.62427,-88.35233,Entire rental unit,Entire home/apt,6,2.0,3.0,3.0,"[""Fire extinguisher"", ""Smoke alarm"", ""First aid kit"", ""Pets allowed"", ""TV"", ""Air conditioning"", ""Pool"", ""Wifi"", ""Kitchen"", ""Beach access \u2013 Beachfront"", ""Free parking on premises""]",$752.00,2,365,t,0,0,0,0,2025-03-23,1,1,0,0,1,6,4512.0,2024-07-14,2024-07-14,5.0,5.0,5.0,5.0,5.0,5.0,5.0,,f,4
2900,2900,city scrape,Dolphin Park Apartment,,572840684,2024-04-17,within an hour,100%,f,"['email', 'phone', 'work_email']",t,t,Belize Mainland,Belize,17.51584,-88.20406,Entire rental unit,Entire home/apt,3,1.0,1.0,1.0,"[""Building staff"", ""Washer"", ""Pets allowed"", ""Free parking on premises"", ""Extra pillows and blankets"", ""TV"", ""Hangers"", ""Bed linens"", ""Clothing storage"", ""Books and reading material"", ""Air conditioning"", ""Exterior security cameras on property"", ""Wifi"", ""Kitchen"", ""Iron"", ""Heating"", ""Self check-in"", ""Outdoor dining area""]",$105.00,1,30,t,30,60,90,270,2025-03-23,7,7,0,270,5,42,4410.0,2024-06-18,2025-02-04,4.71,4.71,4.57,4.86,4.86,4.71,4.71,,t,1
2901,2901,previous scrape,Sea Horizon Suite # 8,,538998236,2023-09-26,within an hour,100%,f,"['email', 'phone']",t,t,Belize Islands,Belize,17.90881,-87.97373,Room in hotel,Private room,4,,1.0,,"[""Fire extinguisher"", ""Washer"", ""First aid kit"", ""Outdoor shower"", ""Air conditioning"", ""TV"", ""Pool"", ""Wifi"", ""Kitchen"", ""Free parking on premises""]",,1,365,t,0,0,0,18,2025-03-23,0,0,0,18,0,0,,,,,,,,,,,,t,6
2907,2907,city scrape,The Palms - Double Queen Suite,,566767663,2024-03-12,within a few hours,71%,t,['phone'],t,t,Belize Mainland,Belize,17.51118,-88.19279,Private room in villa,Private room,4,1.0,1.0,2.0,"[""Dedicated workspace"", ""Extra pillows and blankets"", ""Air conditioning"", ""Bed linens"", ""Exercise equipment"", ""Baby monitor - available upon request"", ""Pack \u2019n play/Travel crib"", ""Luggage dropoff allowed"", ""Hair dryer"", ""Crib - available upon request"", ""Stove"", ""Toaster"", ""Smart lock"", ""Coffee maker: Nespresso"", ""Shared gym in building"", ""Hangers"", ""Hot water"", ""Pool"", ""Wifi"", ""Shampoo"", ""Iron"", ""Refrigerator"", ""Carbon monoxide alarm"", ""Dishes and silverware"", ""Essentials"", ""Long term stays allowed"", ""Private patio or balcony"", ""First aid kit"", ""Children\u2019s dinnerware"", ""Outdoor shower"", ""Safe"", ""High chair - available upon request"", ""Microwave"", ""Self check-in"", ""Sun loungers"", ""Fire extinguisher"", ""Baby bath - available upon request"", ""Kitchenette""]",$333.00,1,45,t,15,42,70,343,2025-03-23,37,37,1,262,29,222,73926.0,2024-06-03,2025-02-21,5.0,5.0,4.95,4.97,4.97,4.78,4.95,,t,3
2908,2908,city scrape,Suite Seven,,581133683,2024-06-02,,,f,"['email', 'phone']",t,t,Belize Mainland,Belize,17.50895,-88.22081,Entire rental unit,Entire home/apt,4,1.0,2.0,2.0,"[""Dedicated workspace"", ""Air conditioning"", ""Mini fridge"", ""Kitchen"", ""Cooking basics"", ""Hot water"", ""Wifi"", ""Shampoo"", ""Dishes and silverware"", ""Long term stays allowed"", ""Shower gel"", ""Private patio or balcony"", ""First aid kit"", ""TV"", ""Microwave"", ""Free parking on premises"", ""Fire extinguisher"", ""Conditioner"", ""Smoke alarm"", ""Private entrance""]",$218.00,1,30,t,23,53,83,173,2025-03-23,1,1,0,173,1,6,1308.0,2024-09-10,2024-09-10,1.0,2.0,3.0,3.0,1.0,3.0,1.0,,f,1
2909,2909,city scrape,Ultimate Belize Beach Shack,,401398225,2021-05-13,within an hour,100%,f,"['email', 'phone']",t,t,Stann Creek Mainland,Stann Creek,16.5778141,-88.365819,Tiny home,Entire home/apt,2,1.0,1.0,1.0,"[""Fire extinguisher"", ""Dedicated workspace"", ""Heating"", ""Smoke alarm"", ""Pets allowed"", ""Free parking on premises"", ""Extra pillows and blankets"", ""TV"", ""Air conditioning"", ""Bed linens"", ""Hot water"", ""Smoking allowed"", ""Wifi"", ""Kitchen"", ""Host greets you"", ""Beach access \u2013 Beachfront"", ""Essentials""]",$178.00,1,1125,t,0,0,0,0,2025-03-23,4,4,0,0,3,24,4272.0,2024-07-25,2025-02-08,5.0,5.0,5.0,5.0,5.0,4.75,5.0,,f,1
2911,2911,city scrape,The Palms - Two Bedroom Suite,,566767663,2024-03-12,within a few hours,71%,t,['phone'],t,t,Belize Mainland,Belize,17.51161,-88.19324,Private room in villa,Private room,6,2.0,2.0,3.0,"[""High chair"", ""Dedicated workspace"", ""Extra pillows and blankets"", ""Air conditioning"", ""Bed linens"", ""Pack \u2019n play/Travel crib"", ""Luggage dropoff allowed"", ""Hair dryer"", ""Toaster"", ""Crib"", ""Smart lock"", ""Gym"", ""Hangers"", ""Hot water"", ""Pool"", ""Wifi"", ""Shampoo"", ""Iron"", ""Refrigerator"", ""Carbon monoxide alarm"", ""Dishes and silverware"", ""Essentials"", ""Long term stays allowed"", ""Baby bath"", ""First aid kit"", ""Children\u2019s dinnerware"", ""Patio or balcony"", ""TV"", ""Baby monitor"", ""Microwave"", ""Self check-in"", ""Fire extinguisher"", ""Coffee maker""]",$502.00,1,45,t,9,35,61,320,2025-03-23,11,11,1,239,9,66,33132.0,2024-06-19,2025-02-28,5.0,5.0,4.91,5.0,5.0,5.0,4.82,,t,3
2921,2921,city scrape,Estuary Belize Inn Room 1,,584104048,2024-06-17,within an hour,100%,f,"['email', 'phone']",t,t,Belize Mainland,Belize,17.536157915523095,-88.23802725266725,Private room in rental unit,Private room,2,1.0,1.0,1.0,"[""Bed linens"", ""Hair dryer"", ""Waterfront"", ""Hangers"", ""Hot water"", ""Wifi"", ""Shampoo"", ""Iron"", ""First aid kit"", ""TV"", ""Private backyard"", ""Free parking on premises"", ""Conditioner"", ""Smoke alarm"", ""AC - split type ductless system"", ""Trash compactor"", ""Exterior security cameras on property"", ""Body soap"", ""Free dryer""]",$110.00,1,365,t,30,60,90,365,2025-03-23,3,3,1,284,2,18,1980.0,2024-11-17,2025-03-09,5.0,5.0,5.0,5.0,5.0,4.67,5.0,,f,3
2923,2923,city scrape,Estuary Belize Inn Apartment 2,,584104048,2024-06-17,within an hour,100%,f,"['email', 'phone']",t,t,Belize Mainland,Belize,17.535667363934696,-88.23857894393312,Private room in rental unit,Private room,2,1.0,1.0,1.0,"[""Air conditioning"", ""Bed linens"", ""Mini fridge"", ""Kitchen"", ""Wine glasses"", ""Hair dryer"", ""Toaster"", ""Cooking basics"", ""Hangers"", ""Hot water"", ""Oven"", ""Wifi"", ""Refrigerator"", ""Shampoo"", ""Iron"", ""Dishes and silverware"", ""Hot water kettle"", ""Gas stove"", ""First aid kit"", ""Coffee maker: drip coffee maker"", ""Books and reading material"", ""TV"", ""Safe"", ""Microwave"", ""Coffee"", ""Free parking on premises"", ""Self check-in"", ""Fire extinguisher"", ""Building staff"", ""Conditioner"", ""Smoke alarm"", ""Dining table"", ""Trash compactor"", ""Exterior security cameras on property"", ""Body soap""]",$144.00,1,365,t,30,60,90,365,2025-03-23,1,1,0,284,1,6,864.0,2024-11-18,2024-11-18,5.0,5.0,5.0,5.0,5.0,5.0,5.0,,f,3
2924,2924,city scrape,Estuary Belize Inn Apartment 3,,584104048,2024-06-17,within an hour,100%,f,"['email', 'phone']",t,t,Belize Mainland,Belize,17.53572171742149,-88.23832762964082,Private room in rental unit,Private room,2,1.0,1.0,1.0,"[""Dedicated workspace"", ""Air conditioning"", ""Bed linens"", ""Mini fridge"", ""Wine glasses"", ""Hair dryer"", ""Toaster"", ""Waterfront"", ""Lock on bedroom door"", ""Cooking basics"", ""Hangers"", ""Hot water"", ""Wifi"", ""Electric stove"", ""Shampoo"", ""Iron"", ""Dishes and silverware"", ""Hot water kettle"", ""Private patio or balcony"", ""First aid kit"", ""Coffee maker: drip coffee maker"", ""Books and reading material"", ""TV"", ""Safe"", ""Private backyard"", ""Free parking on premises"", ""Clothing storage: closet and dresser"", ""Fire extinguisher"", ""Conditioner"", ""Smoke alarm"", ""Kitchenette"", ""Trash compactor"", ""Exterior security cameras on property"", ""Body soap"", ""Housekeeping available 24 hours, 4 days a week - included with your stay""]",$126.00,1,365,t,30,60,90,364,2025-03-23,3,3,0,284,3,18,2268.0,2024-07-26,2024-12-14,5.0,5.0,5.0,5.0,5.0,4.67,5.0,,f,3
2925,2925,previous scrape,Barefoot Beach Front House,,584331479,2024-06-18,,,f,"['email', 'phone']",t,t,Belize Islands,Belize,17.738105,-88.0255923,Entire rental unit,Entire home/apt,4,,2.0,,"[""BBQ grill"", ""Dedicated workspace"", ""Air conditioning"", ""Kitchen"", ""Luggage dropoff allowed"", ""Stove"", ""Waterfront"", ""Pets allowed"", ""Hot water"", ""Pool"", ""Wifi"", ""Shampoo"", ""Hot water kettle"", ""Shower gel"", ""Private patio or balcony"", ""First aid kit"", ""Coffee maker: drip coffee maker"", ""TV"", ""Fire pit"", ""Beach access \u2013 Beachfront"", ""Microwave"", ""Coffee"", ""Free parking on premises"", ""Fire extinguisher"", ""Smoke alarm"", ""Dining table"", ""Exterior security cameras on property"", ""Body soap"", ""Ceiling fan""]",,2,365,t,0,0,0,0,2025-03-23,0,0,0,0,0,0,,,,,,,,,,,,t,1
2932,2932,city scrape,Luxurious Private Beach Home with Large Pool,,502039540,2023-02-20,within a few hours,100%,f,"['email', 'phone']",t,t,Stann Creek Mainland,Stann Creek,16.65921,-88.31182,Entire home,Entire home/apt,8,2.0,2.0,3.0,"[""Boat slip"", ""Dedicated workspace"", ""Backyard"", ""Extra pillows and blankets"", ""Mini golf"", ""Air conditioning"", ""Bed linens"", ""Exercise equipment"", ""Hammock"", ""Kitchen"", ""Wine glasses"", ""Kayak"", ""Hair dryer"", ""Cleaning products"", ""Stove"", ""Toaster"", ""Outdoor dining area"", ""Sound system"", ""Window guards"", ""Waterfront"", ""Board games"", ""Cooking basics"", ""Keypad"", ""Gym"", ""Hangers"", ""Hot water"", ""Oven"", ""Pool"", ""Portable fans"", ""Wifi"", ""Private entrance"", ""Room-darkening shades"", ""Shampoo"", ""Iron"", ""Bowling alley"", ""Carbon monoxide alarm"", ""Refrigerator"", ""Essentials"", ""Dishes and silverware"", ""Hot water kettle"", ""Shower gel"", ""Rice maker"", ""Free street parking"", ""Long term stays allowed"", ""Cleaning available during stay"", ""Barbecue utensils"", ""First aid kit"", ""Baking sheet"", ""Single level home"", ""Children\u2019s dinnerware"", ""Outdoor shower"", ""TV"", ""Books and reading material"", ""Patio or balcony"", ""Life size games"", ""Blender"", ""Beach access \u2013 Beachfront"", ""Microwave"", ""Bidet"", ""Free parking on premises"", ""Beach essentials"", ""Dishwasher"", ""Self check-in"", ""Sun loungers"", ""Fire extinguisher"", ""Freezer"", ""Conditioner"", ""Smoke alarm"", ""Dining table"", ""Clothing storage"", ""Exterior security cameras on property"", ""Outdoor furniture"", ""Body soap"", ""Children\u2019s books and toys"", ""Ceiling fan"", ""Coffee maker""]",$817.00,5,365,t,8,27,57,331,2025-03-23,8,8,1,251,4,80,65360.0,2024-07-27,2025-03-22,4.88,4.88,4.88,5.0,5.0,4.88,4.75,,f,1
2936,2936,city scrape,Beachfront Seaside Escape Beach House,,585496929,2024-06-24,,,f,['phone'],t,t,Stann Creek Mainland,Stann Creek,16.8273,-88.26629,Entire home,Entire home/apt,4,2.0,2.0,2.0,"[""BBQ grill"", ""High chair"", ""Dedicated workspace"", ""Air conditioning"", ""Bed linens"", ""Kitchen"", ""Wine glasses"", ""Kayak"", ""Pack \u2019n play/Travel crib"", ""Hair dryer"", ""Stove"", ""Toaster"", ""Waterfront"", ""Dryer"", ""Cooking basics"", ""Washer"", ""Hangers"", ""Hot water"", ""Oven"", ""Wifi"", ""Refrigerator"", ""Iron"", ""Dishes and silverware"", ""Barbecue utensils"", ""First aid kit"", ""Baking sheet"", ""Bikes"", ""Outdoor shower"", ""TV"", ""Patio or balcony"", ""Blender"", ""Beach access \u2013 Beachfront"", ""Microwave"", ""Lockbox"", ""Free parking on premises"", ""Self check-in"", ""Dishwasher"", ""Sun loungers"", ""Fire extinguisher"", ""Freezer"", ""Smoke alarm"", ""Dining table"", ""Clothing storage"", ""Outdoor furniture"", ""Ceiling fan"", ""Coffee maker""]",$454.00,3,21,t,18,37,61,336,2025-03-23,0,0,0,255,0,0,0.0,,,,,,,,,,,t,1
2941,2941,previous scrape,Caye Caulker Boutique Guest House Suite 1,,586098077,2024-06-27,within an hour,100%,f,['phone'],t,t,Belize Islands,Belize,17.738414544417548,-88.0261703865082,Room in hotel,Private room,4,,2.0,,"[""Fire extinguisher"", ""Shared outdoor pool - available all year, open specific hours"", ""Dedicated workspace"", ""Smoke alarm"", ""First aid kit"", ""Outdoor shower"", ""TV"", ""Air conditioning"", ""Exterior security cameras on property"", ""Hot water"", ""Safe"", ""Wifi"", ""Kitchen"", ""Host greets you"", ""Iron"", ""Microwave"", ""Free parking on premises"", ""Outdoor dining area""]",,2,365,t,2,19,46,272,2025-03-23,8,8,3,207,4,48,,2024-08-16,2025-03-15,5.0,5.0,5.0,5.0,5.0,5.0,5.0,,t,7
2945,2945,city scrape,Caye Caulker Boutique Guest House Suite 2,,586098077,2024-06-27,within an hour,100%,f,['phone'],t,t,Belize Islands,Belize,17.7383561062866,-88.0262158721593,Room in boutique hotel,Private room,2,1.0,1.0,1.0,"[""Fire extinguisher"", ""Shared outdoor pool - available all year, open specific hours"", ""Dedicated workspace"", ""Smoke alarm"", ""First aid kit"", ""Outdoor shower"", ""TV"", ""Air conditioning"", ""Exterior security cameras on property"", ""Hot water"", ""Safe"", ""Mini fridge"", ""Wifi"", ""Kitchen"", ""Host greets you"", ""Iron"", ""Free parking on premises"", ""Outdoor dining area""]",$381.00,1,365,t,26,55,80,344,2025-03-23,5,5,2,270,0,30,11430.0,2025-01-25,2025-03-09,5.0,5.0,5.0,5.0,5.0,5.0,5.0,,t,7
2946,2946,city scrape,Caye Caulker Boutique Guest House Suite 3,,586098077,2024-06-27,within an hour,100%,f,['phone'],t,t,Belize Islands,Belize,17.7401,-88.02664,Room in boutique hotel,Private room,2,1.0,1.0,1.0,"[""Fire extinguisher"", ""Shared outdoor pool - available all year, open specific hours"", ""Dedicated workspace"", ""Smoke alarm"", ""First aid kit"", ""32 inch TV"", ""Outdoor shower"", ""Air conditioning"", ""Exterior security cameras on property"", ""Hot water"", ""Safe"", ""Mini fridge"", ""Wifi"", ""Kitchen"", ""Host greets you"", ""Iron"", ""Outdoor dining area""]",$381.00,2,365,t,12,40,70,337,2025-03-23,1,1,0,264,1,6,2286.0,2024-10-02,2024-10-02,5.0,5.0,5.0,5.0,5.0,5.0,5.0,,t,7
2947,2947,city scrape,Caye Caulker Boutique Guest House Studio Room 4,,586098077,2024-06-27,within an hour,100%,f,['phone'],t,t,Belize Islands,Belize,17.73807,-88.02536,Room in boutique hotel,Private room,2,1.0,1.0,2.0,"[""Dedicated workspace"", ""Air conditioning"", ""Bed linens"", ""Mini fridge"", ""Wine glasses"", ""Outdoor dining area"", ""Hangers"", ""Hot water"", ""Wifi"", ""Host greets you"", ""Iron"", ""First aid kit"", ""32 inch HDTV"", ""Safe"", ""Fire extinguisher"", ""Shared outdoor pool - available all year, open specific hours"", ""Smoke alarm"", ""Exterior security cameras on property"", ""Ceiling fan"", ""Clothing storage: closet""]",$314.00,2,365,t,23,46,74,338,2025-03-23,6,6,1,262,1,36,11304.0,2024-08-14,2025-03-01,4.67,4.5,4.83,4.83,5.0,4.67,4.33,,t,7
2948,2948,city scrape,Caye Caulker Boutique Guest House Studio Room 5,,586098077,2024-06-27,within an hour,100%,f,['phone'],t,t,Belize Islands,Belize,17.74006,-88.02654,Room in boutique hotel,Private room,2,1.0,1.0,1.0,"[""Fire extinguisher"", ""Shared outdoor pool - available all year, open specific hours"", ""Smoke alarm"", ""First aid kit"", ""Outdoor shower"", ""TV"", ""Hangers"", ""Air conditioning"", ""Hot water"", ""Safe"", ""Exterior security cameras on property"", ""Wifi"", ""Mini fridge"", ""Wine glasses"", ""Host greets you"", ""Iron"", ""Outdoor dining area""]",$314.00,2,365,t,0,0,0,0,2025-03-23,3,3,1,0,0,18,5652.0,2025-01-05,2025-03-15,5.0,5.0,5.0,5.0,5.0,5.0,5.0,,t,7
2949,2949,city scrape,Caye Caulker Boutique Guest House studio Room 6,,586098077,2024-06-27,within an hour,100%,f,['phone'],t,t,Belize Islands,Belize,17.73963,-88.02558,Room in boutique hotel,Private room,2,1.0,1.0,1.0,"[""Fire extinguisher"", ""Shared outdoor pool - available all year, open specific hours"", ""Dedicated workspace"", ""Smoke alarm"", ""First aid kit"", ""Outdoor shower"", ""TV"", ""Air conditioning"", ""Exterior security cameras on property"", ""Hot water"", ""Safe"", ""Mini fridge"", ""Wifi"", ""Host greets you"", ""Iron"", ""Free parking on premises"", ""Outdoor dining area""]",$334.00,2,365,t,22,52,82,341,2025-03-23,8,8,1,265,2,48,16032.0,2024-11-14,2025-03-08,5.0,5.0,5.0,5.0,5.0,5.0,4.88,,t,7
2950,2950,city scrape,Caye Caulker Boutique Guest House Studio Room 7,,586098077,2024-06-27,within an hour,100%,f,['phone'],t,t,Belize Islands,Belize,17.7382,-88.02539,Room in boutique hotel,Private room,2,1.0,1.0,1.0,"[""Fire extinguisher"", ""Shared outdoor pool - available all year, open specific hours"", ""Dedicated workspace"", ""Smoke alarm"", ""First aid kit"", ""Outdoor shower"", ""TV"", ""Air conditioning"", ""Exterior security cameras on property"", ""Hot water"", ""Safe"", ""Mini fridge"", ""Wifi"", ""Host greets you"", ""Iron"", ""Free parking on premises"", ""Outdoor dining area""]",$334.00,2,365,t,21,51,81,344,2025-03-23,3,3,1,268,0,18,6012.0,2025-01-10,2025-03-09,5.0,5.0,5.0,5.0,5.0,5.0,5.0,,t,7
2954,2954,city scrape,Vacation Tropical Holiday Cottage! Sleeps 3,,588363022,2024-07-08,within an hour,100%,,"['email', 'phone']",t,t,Belize Islands,Belize,17.736714811463795,-88.03141390583495,Tiny home,Entire home/apt,3,1.0,1.0,2.0,"[""Air conditioning"", ""Bed linens"", ""Mini fridge"", ""Toaster"", ""Outdoor dining area"", ""Pets allowed"", ""Hangers"", ""Hot water"", ""Wifi"", ""Room-darkening shades"", ""Shampoo"", ""Iron"", ""Dishes and silverware"", ""First aid kit"", ""TV"", ""Safe"", ""Blender"", ""Free parking on premises"", ""Fire extinguisher"", ""Shared outdoor pool - available all year, open specific hours"", ""Smoke alarm"", ""Clothing storage"", ""Exterior security cameras on property"", ""Outdoor furniture"", ""Body soap"", ""Private entrance"", ""Ceiling fan"", ""Coffee maker""]",$149.00,2,365,t,0,0,0,6,2025-03-23,23,23,0,0,21,138,20562.0,2024-07-14,2025-02-15,4.91,4.91,4.96,4.96,5.0,4.61,4.91,,f,2
2955,2955,city scrape,Deluxe two bedroom apartment,,387256925,2021-02-04,within an hour,100%,f,['phone'],t,t,Belize Mainland,Belize,17.50833,-88.21903,Entire rental unit,Entire home/apt,4,1.0,2.0,2.0,"[""Dedicated workspace"", ""Extra pillows and blankets"", ""Mini golf"", ""Bed linens"", ""Kitchen"", ""Stove"", ""Toaster"", ""Cooking basics"", ""Washer"", ""Hangers"", ""Free dryer \u2013 In unit"", ""Oven"", ""Wifi"", ""Room-darkening shades"", ""Shampoo"", ""Iron"", ""Refrigerator"", ""Dishes and silverware"", ""Hammock"", ""Long term stays allowed"", ""Shower gel"", ""First aid kit"", ""TV"", ""Safe"", ""Private backyard"", ""Microwave"", ""Free parking on premises"", ""Clothing storage: closet and dresser"", ""Fire extinguisher"", ""Mosquito net"", ""Smoke alarm"", ""Dining table"", ""AC - split type ductless system"", ""Exterior security cameras on property"", ""Private entrance"", ""Ceiling fan"", ""Coffee maker""]",$153.00,2,365,t,29,59,89,364,2025-03-23,6,6,0,283,4,36,5508.0,2024-08-04,2025-02-20,4.5,4.67,4.67,4.5,5.0,4.5,4.5,,f,3
2957,2957,previous scrape,Vacation Cottage - Escape to Paradise!,,588363022,2024-07-08,within an hour,100%,,"['email', 'phone']",t,t,Belize Islands,Belize,17.736817,-88.02943979999999,Entire guesthouse,Entire home/apt,2,,1.0,,"[""Air conditioning"", ""Bed linens"", ""Kitchen"", ""Wine glasses"", ""Laundromat nearby"", ""Stove"", ""Toaster"", ""Cooking basics"", ""Pets allowed"", ""Hangers"", ""Hot water"", ""Oven"", ""Wifi"", ""Room-darkening shades"", ""Refrigerator"", ""Shampoo"", ""Iron"", ""Dishes and silverware"", ""Hammock"", ""Free street parking"", ""First aid kit"", ""Patio or balcony"", ""TV"", ""Safe"", ""Blender"", ""Free parking on premises"", ""Fire extinguisher"", ""Freezer"", ""Smoke alarm"", ""Clothing storage"", ""Exterior security cameras on property"", ""Outdoor furniture"", ""Body soap"", ""Private entrance"", ""Ceiling fan"", ""Coffee maker""]",,2,365,t,0,0,0,0,2025-03-23,7,7,0,0,5,42,,2024-07-14,2025-02-11,4.86,4.86,5.0,5.0,5.0,4.43,4.86,,f,2
2959,2959,city scrape,Charming Cozy Caye Casita,,524780113,2023-07-10,within a day,100%,f,"['email', 'phone']",t,t,Belize Islands,Belize,17.88648,-87.98697,Entire home,Entire home/apt,4,1.0,1.0,2.0,"[""Backyard"", ""Extra pillows and blankets"", ""Air conditioning"", ""Bed linens"", ""Kitchen"", ""Wine glasses"", ""Hair dryer"", ""Cleaning products"", ""Stove"", ""Toaster"", ""Dryer"", ""Board games"", ""Washer"", ""Cooking basics"", ""Smart lock"", ""Hangers"", ""Hot water"", ""Oven"", ""Portable fans"", ""Wifi"", ""Shampoo"", ""Iron"", ""Refrigerator"", ""Dishes and silverware"", ""Hammock"", ""Long term stays allowed"", ""First aid kit"", ""Baking sheet"", ""Bikes"", ""Single level home"", ""Patio or balcony"", ""TV"", ""Safe"", ""Blender"", ""Beach access \u2013 Beachfront"", ""Microwave"", ""Coffee"", ""Free parking on premises"", ""Beach essentials"", ""Self check-in"", ""Fire extinguisher"", ""Freezer"", ""Smoke alarm"", ""Drying rack for clothing"", ""Clothing storage"", ""Exterior security cameras on property"", ""Outdoor furniture"", ""Body soap"", ""Ceiling fan"", ""Coffee maker""]",$515.00,1,1125,t,23,45,75,75,2025-03-23,1,1,0,75,0,6,3090.0,2025-01-02,2025-01-02,5.0,5.0,5.0,5.0,5.0,5.0,5.0,,t,1
2962,2962,city scrape,*NEW* 3BR Condo - Sunset Caribe,,589640988,2024-07-13,within an hour,100%,f,"['email', 'phone']",t,t,Belize Islands,Belize,17.94417,-87.94688,Room in hotel,Private room,8,3.0,3.0,8.0,"[""Elevator"", ""Extra pillows and blankets"", ""Air conditioning"", ""Bed linens"", ""Kitchen"", ""Wine glasses"", ""Pack \u2019n play/Travel crib"", ""Hair dryer"", ""Resort access"", ""Stove"", ""Toaster"", ""Outdoor dining area"", ""Waterfront"", ""Dryer"", ""Cooking basics"", ""Gym"", ""Hangers"", ""Hot water"", ""Oven"", ""Pool"", ""Wifi"", ""Shampoo"", ""Iron"", ""Refrigerator"", ""Carbon monoxide alarm"", ""Dishes and silverware"", ""Essentials"", ""Heating"", ""Shower gel"", ""Baking sheet"", ""Outdoor shower"", ""TV"", ""Patio or balcony"", ""Safe"", ""Blender"", ""Beach access \u2013 Beachfront"", ""Hot tub"", ""Microwave"", ""Coffee"", ""Free parking on premises"", ""Beach essentials"", ""Dishwasher"", ""Self check-in"", ""Sun loungers"", ""Fire extinguisher"", ""Freezer"", ""Building staff"", ""Conditioner"", ""Smoke alarm"", ""Dining table"", ""Clothing storage"", ""Exterior security cameras on property"", ""Outdoor furniture"", ""Body soap"", ""Ceiling fan"", ""Coffee maker""]","$1,031.00",4,1125,t,19,47,77,351,2025-03-23,2,2,0,270,0,16,16496.0,2025-01-18,2025-02-18,5.0,5.0,4.5,5.0,5.0,4.5,4.0,,f,1
2965,2965,city scrape,MATUK&ROSE Cozy Apartment Unit,,496453511,2023-01-16,,,f,"['email', 'phone']",t,t,Belize Mainland,Belize,17.4856377,-88.2008808,Entire rental unit,Entire home/apt,2,1.0,1.0,1.0,"[""Dedicated workspace"", ""Extra pillows and blankets"", ""Air conditioning"", ""Kitchen"", ""Cleaning products"", ""Stove"", ""Dryer"", ""Washer"", ""Pets allowed"", ""Hot water"", ""Wifi"", ""Refrigerator"", ""Iron"", ""Dishes and silverware"", ""Carbon monoxide alarm"", ""Shower gel"", ""First aid kit"", ""TV"", ""Blender"", ""Microwave"", ""Coffee"", ""Lockbox"", ""Free parking on premises"", ""Self check-in"", ""Fire extinguisher"", ""Smoke alarm"", ""Noise decibel monitors on property"", ""Exterior security cameras on property"", ""Body soap""]",$137.00,1,28,t,0,21,51,231,2025-03-23,0,0,0,231,0,0,0.0,,,,,,,,,,,t,1
2968,2968,city scrape,Beachfront Bungalow near Hopkins,,590453973,2024-07-17,within an hour,100%,f,"['email', 'phone']",t,t,Stann Creek Mainland,Stann Creek,16.823244654831758,-88.2659233632956,Entire home,Entire home/apt,4,1.0,1.0,2.0,"[""Dedicated workspace"", ""Extra pillows and blankets"", ""Air conditioning"", ""Bed linens"", ""Kitchen"", ""Wine glasses"", ""Kayak"", ""Coffee maker: drip coffee maker, Nespresso"", ""Hair dryer"", ""Cleaning products"", ""Toaster"", ""Outdoor dining area"", ""Waterfront"", ""Board games"", ""Washer"", ""Cooking basics"", ""Free dryer \u2013 In unit"", ""Hangers"", ""Hot water"", ""Oven"", ""Wifi"", ""Room-darkening shades"", ""Shampoo"", ""Iron"", ""Carbon monoxide alarm"", ""Refrigerator"", ""Dishes and silverware"", ""Hammock"", ""Long term stays allowed"", ""Stainless steel gas stove"", ""First aid kit"", ""Baking sheet"", ""Books and reading material"", ""TV"", ""Safe"", ""Private backyard"", ""Blender"", ""Beach access \u2013 Beachfront"", ""Microwave"", ""Coffee"", ""Lockbox"", ""Free parking on premises"", ""Beach essentials"", ""Self check-in"", ""Fire extinguisher"", ""Freezer"", ""Conditioner"", ""Smoke alarm"", ""Clothing storage: dresser"", ""Exterior security cameras on property"", ""Outdoor furniture"", ""Housekeeping - available at extra cost"", ""Body soap"", ""Ceiling fan""]",$361.00,2,365,t,13,20,36,266,2025-03-23,10,10,2,202,5,60,21660.0,2024-08-18,2025-03-14,5.0,5.0,5.0,5.0,5.0,5.0,4.9,,t,1
2969,2969,city scrape,Keel-Billed Toucan Suite,,435105046,2021-12-07,within an hour,100%,t,"['email', 'phone', 'work_email']",t,t,Belize Mainland,Belize,17.5514318,-88.3196462,Entire rental unit,Entire home/apt,4,1.0,2.0,2.0,"[""Dedicated workspace"", ""Air conditioning"", ""Bed linens"", ""Kitchen"", ""Wine glasses"", ""Cleaning products"", ""Stove"", ""Dryer"", ""Cooking basics"", ""Washer"", ""Hangers"", ""Oven"", ""Wifi"", ""Refrigerator"", ""Room-darkening shades"", ""Iron"", ""Dishes and silverware"", ""TV"", ""Microwave"", ""Coffee"", ""Lockbox"", ""Free parking on premises"", ""Self check-in"", ""Freezer"", ""Dining table"", ""Clothing storage"", ""Body soap"", ""Coffee maker""]",$126.00,1,365,t,28,58,88,268,2025-03-23,11,11,2,268,5,66,8316.0,2024-08-02,2025-03-18,4.64,4.64,4.73,4.18,4.82,4.09,4.64,,t,5
2971,2971,city scrape,5th floor Deluxe Queen Studio Coconuts Caribe,,564785554,2024-03-01,within an hour,100%,f,"['email', 'phone']",t,t,Belize Islands,Belize,17.94885,-87.94486,Entire condo,Entire home/apt,2,1.0,1.0,1.0,"[""Elevator"", ""Air conditioning"", ""Bed linens"", ""Kitchen"", ""Hangers"", ""Hot water"", ""Oven"", ""Pool"", ""Wifi"", ""Electric stove"", ""Host greets you"", ""Refrigerator"", ""Shampoo"", ""Essentials"", ""Private patio or balcony"", ""TV"", ""Safe"", ""Microwave"", ""Free parking on premises"", ""Conditioner"", ""Smoke alarm"", ""Exterior security cameras on property"", ""Outdoor furniture"", ""Ceiling fan"", ""Coffee maker""]",$299.00,3,1125,t,30,60,90,180,2025-03-23,2,2,1,180,0,12,3588.0,2025-02-16,2025-03-02,5.0,5.0,5.0,5.0,5.0,5.0,5.0,,t,1
2976,2976,previous scrape,King suite,,591641278,2024-07-23,within an hour,100%,f,"['email', 'phone']",t,t,Corozal,Corozal,18.48391,-88.39631,Room in hotel,Private room,3,,1.0,,"[""Smoke alarm"", ""TV"", ""Air conditioning"", ""Exercise equipment"", ""Exterior security cameras on property"", ""Pool"", ""Wifi"", ""Free parking on premises""]",,1,365,t,30,60,90,365,2025-03-23,0,0,0,284,0,0,,,,,,,,,,,,t,1
2979,2979,city scrape,La Zambrana,,592174361,2024-07-25,within an hour,100%,f,"['email', 'phone']",t,t,Corozal,Corozal,18.37605,-88.40009,Private room in chalet,Private room,4,2.0,1.0,1.0,"[""Boat slip"", ""Extra pillows and blankets"", ""Air conditioning"", ""Bed linens"", ""Mini fridge"", ""Luggage dropoff allowed"", ""Hair dryer"", ""Outdoor dining area"", ""Lake access"", ""Shared backyard \u2013 Fully fenced"", ""Lock on bedroom door"", ""40 inch HDTV with Amazon Prime Video, Apple TV, Disney+, Fire TV, Netflix, Roku, Hulu, HBO Max"", ""Hangers"", ""Hot water"", ""Pool"", ""Portable fans"", ""Wifi"", ""Shampoo"", ""Iron"", ""Hammock"", ""Shower gel"", ""Free residential garage on premises"", ""Bathtub"", ""First aid kit"", ""Coffee maker: drip coffee maker"", ""Outdoor shower"", ""Canal view"", ""Pool view"", ""Coffee"", ""Self check-in"", ""Sun loungers"", ""Building staff"", ""Sea view"", ""Drying rack for clothing"", ""Clothing storage"", ""Exterior security cameras on property"", ""Outdoor furniture"", ""Body soap"", ""Private entrance"", ""Ceiling fan"", ""Garden view""]",$72.00,2,31,t,22,52,82,357,2025-03-23,7,7,2,276,4,42,3024.0,2024-08-30,2025-03-12,5.0,5.0,5.0,4.86,5.0,5.0,5.0,,t,1
2980,2980,city scrape,Muna Numa Vacation Home,,486738455,2022-11-07,within a day,90%,f,"['email', 'phone']",t,t,Stann Creek Mainland,Stann Creek,16.84005,-88.27181,Entire home,Entire home/apt,4,2.0,2.0,2.0,"[""Fire extinguisher"", ""Dedicated workspace"", ""Smoke alarm"", ""First aid kit"", ""Pets allowed"", ""TV"", ""Air conditioning"", ""Wifi"", ""Kitchen"", ""Beach access \u2013 Beachfront"", ""Free parking on premises""]",$725.00,2,365,t,28,58,88,363,2025-03-23,2,2,1,282,0,12,8700.0,2025-02-14,2025-02-28,5.0,5.0,5.0,5.0,5.0,5.0,5.0,,f,4
2981,2981,city scrape,The Spotted Drum Vacation Home,,486738455,2022-11-07,within a day,90%,f,"['email', 'phone']",t,t,Stann Creek Mainland,Stann Creek,16.84069,-88.27332,Entire home,Entire home/apt,8,2.0,3.0,4.0,"[""Fire extinguisher"", ""Dedicated workspace"", ""Smoke alarm"", ""First aid kit"", ""TV"", ""Air conditioning"", ""Wifi"", ""Kitchen"", ""Host greets you"", ""Beach access \u2013 Beachfront"", ""Free parking on premises""]",$761.00,2,365,t,28,58,88,363,2025-03-23,0,0,0,282,0,0,0.0,,,,,,,,,,,f,4
2982,2982,city scrape,Chic Oceanfront Private Estate Oasis by ALOM,"Take the road less traveled, to the Habaneros region and find a private estate, on Millionaire's Row, 9 miles north of San Pedro town on Ambergris Caye North. Discover, quaint and rustic restaurants, off-the-beaten path.   Find yourself only 200-feet from unspoiled fishing, snorkeling, scuba diving, and white sand beaches. <br />Become fully immersed in organic farm to table dining available for purchase on property prepared by one of our local chefs. <br />FARM to Table Options: <br />- Eggs <br />- Organic Free Range Chickens<br />- Turkey <br />- Duck<br />*Ask about our on site fruit options - availability based on season.<br />Enjoy fresh coconuts complimentary daily from our beach. <br /><br />Restaurants/Food (within 5 minutes):<br />- Our partner restaurant is just NEXT DOOR - a short 50-yard walk South from your Villa Porch. <br />- Chat and Chill another short 300-yard walk North on the beach. <br />- Bonitos (Local Take Out @ a local run bodega, available for dinner and lunc",565725300,2024-03-06,,,,"['email', 'phone']",t,t,Belize Islands,Belize,18.03531,-87.89637,Entire villa,Entire home/apt,12,4.0,4.0,6.0,"[""BBQ grill"", ""Boat slip"", ""Dedicated workspace"", ""Backyard"", ""Extra pillows and blankets"", ""Babysitter recommendations"", ""Air conditioning"", ""Bed linens"", ""Mini fridge"", ""Kitchen"", ""Wine glasses"", ""Laundromat nearby"", ""Pack \u2019n play/Travel crib"", ""Kayak"", ""Hair dryer"", ""Cleaning products"", ""Resort access"", ""Stove"", ""Toaster"", ""Host greets you"", ""Crib"", ""Waterfront"", ""Dryer"", ""Board games"", ""Washer"", ""Cooking basics"", ""Breakfast"", ""Hangers"", ""Hot water"", ""Oven"", ""Pool"", ""Portable fans"", ""Wifi"", ""Private entrance"", ""Room-darkening shades"", ""Shampoo"", ""Iron"", ""Carbon monoxide alarm"", ""Refrigerator"", ""Dishes and silverware"", ""Essentials"", ""Hot water kettle"", ""Hammock"", ""Shower gel"", ""Barbecue utensils"", ""First aid kit"", ""Baking sheet"", ""Single level home"", ""Patio or balcony"", ""TV"", ""Safe"", ""Blender"", ""Fire pit"", ""Beach access \u2013 Beachfront"", ""Microwave"", ""Coffee"", ""Free parking on premises"", ""Beach essentials"", ""Fire extinguisher"", ""Freezer"", ""Conditioner"", ""Smoke alarm"", ""Dining table"", ""Drying rack for clothing"", ""Clothing storage"", ""Exterior security cameras on property"", ""Outdoor furniture"", ""Body soap"", ""Children\u2019s books and toys"", ""Ceiling fan"", ""Coffee maker""]","$2,118.00",2,60,t,5,23,29,278,2025-03-23,0,0,0,199,0,0,0.0,,,,,,,,,,,f,3
2983,2983,city scrape,Dreamy Beachfront Villa Oasis by ALOM,"Take the road less traveled, to the Habaneros region and find a private estate, on Millionaire's Row, 9 miles north of San Pedro town on Ambergris Caye North. Discover, quaint and rustic restaurants off-the-beaten path. Find yourself only 200 feet from unspoiled fishing, snorkeling, scuba diving, and white sand beaches. <br /><br />Become fully immersed in organic farm to table dining available for purchase on property prepared by one of our local chefs. <br />FARM to Table Options: <br />- Eggs <br />- Organic Free Range Chickens, <br />- Turkey <br />- Duck<br /><br />*Ask about our on site fruit options - availability based on season.<br />Enjoy fresh coconuts complimentary daily from our beach. <br /><br />Restaurants/Food (within 5 minutes):<br />- Our partner restaurant is just NEXT DOOR - a short 50-yard walk South from your Villa Porch. <br />- Chat and Chill another short 300-walk North on the beach. <br />- Bonitos (Local Take Out at a locally run bodega, available for dinner",565725300,2024-03-06,,,,"['email', 'phone']",t,t,Belize Islands,Belize,18.03532,-87.89655,Entire villa,Entire home/apt,6,2.0,2.0,3.0,"[""BBQ grill"", ""Boat slip"", ""Dedicated workspace"", ""Backyard"", ""Extra pillows and blankets"", ""Babysitter recommendations"", ""Air conditioning"", ""Bed linens"", ""Mini fridge"", ""Kitchen"", ""Wine glasses"", ""Laundromat nearby"", ""Pack \u2019n play/Travel crib"", ""Kayak"", ""Hair dryer"", ""Cleaning products"", ""Resort access"", ""Stove"", ""Toaster"", ""Host greets you"", ""Crib"", ""Waterfront"", ""Dryer"", ""Board games"", ""Washer"", ""Cooking basics"", ""Breakfast"", ""Hangers"", ""Hot water"", ""Oven"", ""Pool"", ""Portable fans"", ""Wifi"", ""Private entrance"", ""Room-darkening shades"", ""Shampoo"", ""Iron"", ""Carbon monoxide alarm"", ""Refrigerator"", ""Dishes and silverware"", ""Essentials"", ""Hot water kettle"", ""Hammock"", ""Shower gel"", ""Free street parking"", ""Barbecue utensils"", ""First aid kit"", ""Baking sheet"", ""Single level home"", ""Patio or balcony"", ""TV"", ""Safe"", ""Blender"", ""Fire pit"", ""Beach access \u2013 Beachfront"", ""Microwave"", ""Coffee"", ""Free parking on premises"", ""Beach essentials"", ""Fire extinguisher"", ""Freezer"", ""Conditioner"", ""Smoke alarm"", ""Dining table"", ""Drying rack for clothing"", ""Clothing storage"", ""Exterior security cameras on property"", ""Outdoor furniture"", ""Body soap"", ""Children\u2019s books and toys"", ""Ceiling fan"", ""Coffee maker""]",$884.00,2,60,t,5,22,34,297,2025-03-23,0,0,0,218,0,0,0.0,,,,,,,,,,,f,3
2984,2984,city scrape,Beautiful Oceanfront Villa Oasis by ALOM,"Take the road less traveled, to the Habaneros region and find a private estate, on Millionaire's Row, 9 miles north of San Pedro town on Ambergris Caye North. Discover, quaint and rustic restaurants off-the-beaten path. Find yourself only 200-feet from unspoiled fishing, snorkeling, scuba diving, and white sand beaches. <br /><br />Become fully immersed in organic farm to table dining available for purchase on property prepared by one of our local chefs. <br />FARM to Table Options: <br />- Eggs <br />- Organic Free Range Chickens, <br />- Turkey <br />- Duck<br /><br />*Ask about our on site fruit options - availability based on season.<br />Enjoy fresh coconuts complimentary daily from our beach. <br /><br />Restaurants/Food (within 5 minutes):<br />- Our partner restaurant is just NEXT DOOR - a short 50-yard walk South from your Villa Porch. <br />- Chat and Chill another short 300-yard walk North on the beach. <br />- Bonitos (Local Take Out at a locally run bodega, available for d",565725300,2024-03-06,,,,"['email', 'phone']",t,t,Belize Islands,Belize,18.03469,-87.89808,Entire villa,Entire home/apt,6,2.0,2.0,3.0,"[""BBQ grill"", ""Ethernet connection"", ""Dedicated workspace"", ""Backyard"", ""Boat slip"", ""Extra pillows and blankets"", ""Babysitter recommendations"", ""Air conditioning"", ""Bed linens"", ""Mini fridge"", ""Kitchen"", ""Wine glasses"", ""Laundromat nearby"", ""Pack \u2019n play/Travel crib"", ""Kayak"", ""Hair dryer"", ""Cleaning products"", ""Resort access"", ""Stove"", ""Toaster"", ""Host greets you"", ""Crib"", ""Waterfront"", ""Dryer"", ""Board games"", ""Washer"", ""Cooking basics"", ""Breakfast"", ""Hangers"", ""Hot water"", ""Oven"", ""Pool"", ""Portable fans"", ""Wifi"", ""Private entrance"", ""Room-darkening shades"", ""Shampoo"", ""Iron"", ""Carbon monoxide alarm"", ""Refrigerator"", ""Dishes and silverware"", ""Essentials"", ""Hot water kettle"", ""Hammock"", ""Shower gel"", ""Free street parking"", ""Barbecue utensils"", ""First aid kit"", ""Baking sheet"", ""Single level home"", ""Patio or balcony"", ""TV"", ""Safe"", ""Blender"", ""Fire pit"", ""Beach access \u2013 Beachfront"", ""Microwave"", ""Coffee"", ""Free parking on premises"", ""Beach essentials"", ""EV charger"", ""Fire extinguisher"", ""Freezer"", ""Conditioner"", ""Smoke alarm"", ""Dining table"", ""Drying rack for clothing"", ""Clothing storage"", ""Exterior security cameras on property"", ""Outdoor furniture"", ""Body soap"", ""Children\u2019s books and toys"", ""Ceiling fan"", ""Coffee maker""]",$884.00,2,60,t,10,35,50,305,2025-03-23,0,0,0,226,0,0,0.0,,,,,,,,,,,f,3
2986,2986,city scrape,Cool Shade Mountain Top Suite,5 minutes out of the nearest little town. One other family living on the premises,573049874,2024-04-18,within an hour,100%,f,['phone'],t,t,Cayo,Cayo,17.16878,-88.96467,Private room in rental unit,Private room,4,1.0,1.0,2.0,"[""Dedicated workspace"", ""Air conditioning"", ""Valley view"", ""Toaster"", ""Lock on bedroom door"", ""Cooking basics"", ""Wifi"", ""Host greets you"", ""Dishes and silverware"", ""Shared patio or balcony"", ""Coffee maker: drip coffee maker"", ""Coffee"", ""Microwave"", ""Free parking on premises"", ""Dining table"", ""Kitchenette"", ""Outdoor furniture"", ""Mountain view"", ""Private entrance"", ""Garden view"", ""Clothing storage: closet""]",$125.00,1,365,t,27,57,87,361,2025-03-23,3,3,0,281,1,18,2250.0,2024-12-28,2025-02-18,4.67,4.67,5.0,5.0,5.0,4.67,5.0,,t,3
2987,2987,city scrape,Gonzalez beach studio,,578741902,2024-05-20,,,f,['phone'],t,t,Belize Islands,Belize,17.92326,-87.96003,Entire rental unit,Entire home/apt,2,1.0,1.0,1.0,"[""Fire extinguisher"", ""Smoke alarm"", ""First aid kit"", ""TV"", ""Air conditioning"", ""Wifi"", ""Kitchen"", ""Beach access \u2013 Beachfront"", ""Free parking on premises""]",$218.00,3,365,t,30,60,90,365,2025-03-23,0,0,0,284,0,0,0.0,,,,,,,,,,,t,1
2992,2992,city scrape,Mountain Top Paradise,,573049874,2024-04-18,within an hour,100%,f,['phone'],t,t,Cayo,Cayo,17.16975471859685,-88.96429918706417,Private room in rental unit,Private room,2,1.0,1.0,1.0,"[""Dedicated workspace"", ""Air conditioning"", ""Bed linens"", ""Toaster"", ""Lock on bedroom door"", ""Cooking basics"", ""Wifi"", ""Electric stove"", ""Host greets you"", ""Dishes and silverware"", ""Shared patio or balcony"", ""Coffee"", ""Microwave"", ""Free parking on premises"", ""Kitchenette"", ""Outdoor furniture"", ""Private entrance"", ""Coffee maker"", ""Clothing storage: closet""]",$123.00,1,365,t,27,57,87,361,2025-03-23,0,0,0,281,0,0,0.0,,,,,,,,,,,t,3
2993,2993,city scrape,"Cozy, Modern Apt W AC, Washer/Dryer for Travelers",,462323256,2022-06-03,within an hour,100%,t,"['email', 'phone']",t,t,Cayo,Cayo,17.249013369047645,-88.74970699928988,Entire rental unit,Entire home/apt,4,1.0,1.0,2.0,"[""Extra pillows and blankets"", ""Air conditioning"", ""Bed linens"", ""Wine glasses"", ""Hair dryer"", ""Cleaning products"", ""Cooking basics"", ""Washer"", ""Free dryer \u2013 In unit"", ""Hot water"", ""Oven"", ""Portable fans"", ""Wifi"", ""Room-darkening shades"", ""Refrigerator"", ""Shampoo"", ""Iron"", ""Dishes and silverware"", ""Rice maker"", ""Hammock"", ""Long term stays allowed"", ""Gas stove"", ""Shower gel"", ""Free street parking"", ""First aid kit"", ""Single level home"", ""Coffee maker: drip coffee maker"", ""TV"", ""Housekeeping available 3 hours a day, every day - available at extra cost"", ""Microwave"", ""Coffee"", ""Lockbox"", ""Free parking on premises"", ""Self check-in"", ""Freezer"", ""Conditioner"", ""Dining table"", ""Kitchenette"", ""Body soap"", ""Private entrance""]",$91.00,1,90,t,30,60,82,82,2025-03-23,11,11,2,82,5,66,6006.0,2024-08-19,2025-03-22,4.91,4.91,5.0,4.73,5.0,4.36,4.73,,t,3
2994,2994,city scrape,Ocean View Beachfront Condo - A4,,402636567,2021-05-20,within an hour,100%,t,"['email', 'phone']",t,t,Belize Islands,Belize,17.89271,-87.97888,Entire rental unit,Entire home/apt,4,2.0,2.0,2.0,"[""BBQ grill"", ""Boat slip"", ""Backyard"", ""Extra pillows and blankets"", ""Babysitter recommendations"", ""Air conditioning"", ""Bed linens"", ""Kitchen"", ""Wine glasses"", ""Laundromat nearby"", ""Pack \u2019n play/Travel crib"", ""Kayak"", ""Hair dryer"", ""Cleaning products"", ""Resort access"", ""Stove"", ""Toaster"", ""Outdoor dining area"", ""Luggage dropoff allowed"", ""Crib"", ""Waterfront"", ""Dryer"", ""Board games"", ""Washer"", ""Cooking basics"", ""Hangers"", ""Hot water"", ""Oven"", ""Pool"", ""Portable fans"", ""Wifi"", ""Coffee maker"", ""Room-darkening shades"", ""Shampoo"", ""Iron"", ""Refrigerator"", ""Dishes and silverware"", ""Hot water kettle"", ""Essentials"", ""Hammock"", ""Free street parking"", ""Shower gel"", ""Long term stays allowed"", ""Barbecue utensils"", ""Bathtub"", ""First aid kit"", ""Baking sheet"", ""Single level home"", ""Children\u2019s dinnerware"", ""Books and reading material"", ""Patio or balcony"", ""Safe"", ""Blender"", ""Beach access \u2013 Beachfront"", ""Microwave"", ""Coffee"", ""Free parking on premises"", ""Beach essentials"", ""Dishwasher"", ""Self check-in"", ""Sun loungers"", ""Fire extinguisher"", ""Freezer"", ""Building staff"", ""Conditioner"", ""Smoke alarm"", ""Dining table"", ""Clothing storage"", ""Outdoor furniture"", ""Body soap"", ""Private entrance"", ""Ceiling fan"", ""TV with standard cable""]",$664.00,1,365,t,9,33,60,273,2025-03-23,2,2,0,224,0,12,7968.0,2025-01-18,2025-01-24,5.0,5.0,5.0,5.0,5.0,5.0,4.5,,t,23
2995,2995,city scrape,Adagio Villa Beach Studio!,,484378150,2022-10-20,within an hour,100%,t,"['email', 'phone']",t,t,Belize Islands,Belize,17.94302532058034,-87.94588133649451,Entire guesthouse,Entire home/apt,2,1.0,1.0,1.0,"[""Dedicated workspace"", ""Backyard"", ""Air conditioning"", ""Kitchen"", ""Hair dryer"", ""Outdoor dining area"", ""Cooking basics"", ""Pets allowed"", ""Hangers"", ""Hot water"", ""Wifi"", ""Refrigerator"", ""Iron"", ""Carbon monoxide alarm"", ""Essentials"", ""First aid kit"", ""TV"", ""Beach access \u2013 Beachfront"", ""Free parking on premises"", ""Self check-in"", ""Fire extinguisher"", ""Building staff"", ""Smoke alarm"", ""Exterior security cameras on property"", ""Coffee maker""]",$502.00,1,365,t,9,26,48,248,2025-03-23,1,1,1,170,0,6,3012.0,2025-02-23,2025-02-23,5.0,5.0,5.0,5.0,5.0,5.0,5.0,,f,4
2996,2996,previous scrape,Adagio Villa 2 Bdrm Beach Condo,,484378150,2022-10-20,within an hour,100%,t,"['email', 'phone']",t,t,Belize Islands,Belize,17.94223559733309,-87.9468867261344,Entire guesthouse,Entire home/apt,5,,2.0,,"[""Dedicated workspace"", ""Backyard"", ""Air conditioning"", ""Kitchen"", ""Hair dryer"", ""Outdoor dining area"", ""Cooking basics"", ""Pets allowed"", ""Hangers"", ""Hot water"", ""Wifi"", ""Refrigerator"", ""Iron"", ""Carbon monoxide alarm"", ""Essentials"", ""First aid kit"", ""TV"", ""Beach access \u2013 Beachfront"", ""Free parking on premises"", ""Self check-in"", ""Fire extinguisher"", ""Building staff"", ""Smoke alarm"", ""Exterior security cameras on property"", ""Coffee maker""]",,1,365,t,10,23,45,257,2025-03-23,0,0,0,179,0,0,,,,,,,,,,,,f,4
3015,3015,city scrape,Sunrise Suites,,596749000,2024-08-17,within an hour,100%,f,"['email', 'phone']",t,t,Orange Walk,Orange Walk,18.09845,-88.56241,Entire rental unit,Entire home/apt,4,1.0,2.0,2.0,"[""Extra pillows and blankets"", ""Air conditioning"", ""Kitchen"", ""Wine glasses"", ""Luggage dropoff allowed"", ""Hair dryer"", ""Toaster"", ""Outdoor dining area"", ""Board games"", ""Cooking basics"", ""Hangers"", ""Oven"", ""Wifi"", ""Host greets you"", ""Shampoo"", ""Iron"", ""Dishes and silverware"", ""Gas stove"", ""Shower gel"", ""Free street parking"", ""Private patio or balcony"", ""Coffee maker: drip coffee maker"", ""TV"", ""Mabe refrigerator"", ""Coffee"", ""Free parking on premises"", ""Freezer"", ""Smoke alarm"", ""Dining table"", ""Exterior security cameras on property"", ""Body soap""]",$226.00,1,6,t,28,58,88,354,2025-03-23,3,3,1,273,2,18,4068.0,2024-09-21,2025-03-13,5.0,5.0,5.0,5.0,5.0,5.0,5.0,,f,1
3016,3016,city scrape,The Coral Vista at Cerros,,597160677,2024-08-19,,,f,"['email', 'phone']",f,t,Corozal,Corozal,18.31288,-88.39547,Entire rental unit,Entire home/apt,2,1.0,1.0,1.0,"[""Fire extinguisher"", ""Washer"", ""Smoke alarm"", ""First aid kit"", ""TV"", ""Wifi"", ""Kitchen"", ""Beach access \u2013 Beachfront"", ""Free parking on premises""]",$192.00,3,365,t,28,58,87,87,2025-03-23,0,0,0,87,0,0,0.0,,,,,,,,,,,f,1
3019,3019,city scrape,Jabiru Stork - Next Nest Apts.,,466051139,2022-06-25,within an hour,100%,t,"['email', 'phone']",t,t,Belize Mainland,Belize,17.556540090810966,-88.31065557897091,Entire rental unit,Entire home/apt,4,1.0,2.0,2.0,"[""BBQ grill"", ""Fire extinguisher"", ""Building staff"", ""Washer"", ""Smoke alarm"", ""First aid kit"", ""Air conditioning"", ""TV"", ""Exterior security cameras on property"", ""Wifi"", ""Kitchen"", ""Free parking on premises"", ""Self check-in""]",$114.00,1,1125,t,3,30,60,216,2025-03-23,3,3,0,216,1,18,2052.0,2024-11-10,2025-02-09,4.33,4.33,4.33,3.67,5.0,5.0,4.33,,t,4
3020,3020,previous scrape,Altun Ha Studio,,427948310,2021-10-18,within a day,50%,f,"['email', 'phone']",t,t,Belize Islands,Belize,17.739057178355598,-88.02574381163942,Room in hotel,Private room,2,,1.0,,"[""Fire extinguisher"", ""Smoke alarm"", ""TV"", ""Air conditioning"", ""Exterior security cameras on property"", ""Pool"", ""Wifi"", ""Kitchen"", ""Beach access \u2013 Beachfront""]",,1,365,t,22,52,82,357,2025-03-23,0,0,0,276,0,0,,,,,,,,,,,,t,8
3022,3022,city scrape,"Casa seakarus, in town, quiet, close to the beach",,425485622,2021-10-01,within an hour,100%,t,"['email', 'phone']",t,t,Belize Islands,Belize,17.93003,-87.95729,Entire rental unit,Entire home/apt,4,2.0,2.0,2.0,"[""Extra pillows and blankets"", ""Air conditioning"", ""Bed linens"", ""Kitchen"", ""Wine glasses"", ""Luggage dropoff allowed"", ""Hair dryer"", ""Housekeeping available every day - available at extra cost"", ""Toaster"", ""Other electric stove"", ""Cooking basics"", ""Hangers"", ""Hot water"", ""Oven"", ""Portable fans"", ""Wifi"", ""Room-darkening shades"", ""Shampoo"", ""Iron"", ""Carbon monoxide alarm"", ""Refrigerator"", ""Dishes and silverware"", ""Essentials"", ""Shower gel"", ""First aid kit"", ""Coffee maker: drip coffee maker"", ""TV"", ""Safe"", ""Blender"", ""Beach access \u2013 Beachfront"", ""Microwave"", ""Coffee"", ""Free parking on premises"", ""Self check-in"", ""Fire extinguisher"", ""Freezer"", ""Building staff"", ""Conditioner"", ""Smoke alarm"", ""Clothing storage: walk-in closet and dresser"", ""Exterior security cameras on property"", ""Body soap"", ""Ceiling fan""]",$311.00,2,365,t,7,34,58,140,2025-03-23,23,23,4,140,13,138,42918.0,2024-09-07,2025-03-18,4.96,5.0,5.0,4.65,4.96,4.83,4.87,,t,2
3023,3023,previous scrape,Maxroomz where affordable comfort blooms.,,598486649,2024-08-27,within an hour,100%,f,"['email', 'phone']",t,t,Cayo,Cayo,17.15627,-89.06619,Room in hotel,Private room,14,,4.0,,"[""Dedicated workspace"", ""Extra pillows and blankets"", ""Air conditioning"", ""Bed linens"", ""Exercise equipment"", ""Mini fridge"", ""Stove"", ""Outdoor dining area"", ""Lake access"", ""Cooking basics"", ""Hangers"", ""Hot water"", ""Oven"", ""Wifi"", ""Host greets you"", ""Room-darkening shades"", ""Iron"", ""Refrigerator"", ""Carbon monoxide alarm"", ""Hot water kettle"", ""First aid kit"", ""Books and reading material"", ""TV"", ""Patio or balcony"", ""Safe"", ""Paid parking on premises"", ""Microwave"", ""Coffee"", ""Free parking on premises"", ""Fire extinguisher"", ""Smoke alarm"", ""Clothing storage"", ""Exterior security cameras on property"", ""Body soap"", ""Coffee maker""]",,1,365,t,30,60,90,365,2025-03-23,4,4,0,284,2,24,,2024-09-18,2025-02-14,4.25,4.5,4.5,4.25,4.75,4.5,4.25,,f,4
3025,3025,city scrape,Placencia Paradise | Kayak. Pool. Beachside.,▶ What's nearby <br />— The Marina at The Placencia - 4 min walk <br />— Maya Beach - 5 min drive <br />— Jaguar Lanes Bowling - 5 min drive <br />— Maya King Waterfalls - 28 min drive <br />— Placencia Peninsula - 20 min drive <br /> <br />▶ Restaurants  <br />— Maya Beach Hotel Bistro - ‬6 min drive <br />— ‪NAIA’s Beach Bar & Grill - ‬12 min drive <br />— ‪Habanero - ‬19 min drive <br />‪— Inky’s 19th Hole Restaurant - ‬12 min drive <br />‪— Capriccio Resturant at Placencia - ‬3 min walk,596035321,2024-08-13,within an hour,100%,f,"['email', 'phone']",t,t,Stann Creek Mainland,Stann Creek,16.61285,-88.35352,Entire rental unit,Entire home/apt,2,1.0,1.0,1.0,"[""BBQ grill"", ""Dedicated workspace"", ""Backyard"", ""Air conditioning"", ""Bed linens"", ""Hair dryer"", ""Resort access"", ""Washer"", ""Gym"", ""Pool"", ""Wifi"", ""Host greets you"", ""Shampoo"", ""Iron"", ""Heating"", ""Essentials"", ""Bikes"", ""Patio or balcony"", ""TV"", ""Safe"", ""Beach access \u2013 Beachfront"", ""Microwave"", ""Free parking on premises"", ""Fire extinguisher"", ""Body soap"", ""Coffee maker""]",$361.00,1,365,t,29,59,89,236,2025-03-23,0,0,0,236,0,0,0.0,,,,,,,,,,,t,6
3026,3026,city scrape,Paradise in Placencia | Kayak. Pool. Beachside.,▶ What's nearby <br />— The Marina at The Placencia - 4 min walk <br />— Maya Beach - 5 min drive <br />— Jaguar Lanes Bowling - 5 min drive <br />— Maya King Waterfalls - 28 min drive <br />— Placencia Peninsula - 20 min drive <br /> <br />▶ Restaurants  <br />— Maya Beach Hotel Bistro - 6 min drive <br />— NAIA’s Beach Bar & Grill - 12 min drive <br />— Habanero - 19 min drive <br />— Inky’s 19th Hole Restaurant - 12 min drive <br />— Capriccio Resturant at Placencia - 3 min walk,596035321,2024-08-13,within an hour,100%,f,"['email', 'phone']",t,t,Stann Creek Mainland,Stann Creek,16.6383,-88.3307,Entire rental unit,Entire home/apt,2,1.0,1.0,1.0,"[""BBQ grill"", ""Dedicated workspace"", ""Backyard"", ""Air conditioning"", ""Bed linens"", ""Hair dryer"", ""Resort access"", ""Washer"", ""Gym"", ""Pool"", ""Wifi"", ""Host greets you"", ""Shampoo"", ""Iron"", ""Heating"", ""Essentials"", ""Bikes"", ""Patio or balcony"", ""TV"", ""Safe"", ""Beach access \u2013 Beachfront"", ""Microwave"", ""Free parking on premises"", ""Fire extinguisher"", ""Body soap"", ""Coffee maker""]",$476.00,1,365,t,26,56,86,233,2025-03-23,1,1,1,233,0,6,2856.0,2025-03-14,2025-03-14,4.0,4.0,5.0,5.0,5.0,5.0,4.0,,t,6
3027,3027,city scrape,Beachside Oasis | Kayak. Pool. Good Breakfast.,▶ What's nearby <br />— The Marina at The Placencia - 4 min walk <br />— Maya Beach - 5 min drive <br />— Jaguar Lanes Bowling - 5 min drive <br />— Maya King Waterfalls - 28 min drive <br />— Placencia Peninsula - 20 min drive <br /> <br />▶ Restaurants  <br />— Maya Beach Hotel Bistro - 6 min drive <br />— NAIA’s Beach Bar & Grill - 12 min drive <br />— Habanero - 19 min drive <br />— Inky’s 19th Hole Restaurant - 12 min drive <br />— Capriccio Resturant at Placencia - 3 min walk,596035321,2024-08-13,within an hour,100%,f,"['email', 'phone']",t,t,Stann Creek Mainland,Stann Creek,16.63827,-88.33063,Entire rental unit,Entire home/apt,2,1.0,1.0,1.0,"[""BBQ grill"", ""Dedicated workspace"", ""Backyard"", ""Air conditioning"", ""Bed linens"", ""Hair dryer"", ""Resort access"", ""Washer"", ""Gym"", ""Pool"", ""Wifi"", ""Host greets you"", ""Shampoo"", ""Iron"", ""Heating"", ""Essentials"", ""Bikes"", ""Patio or balcony"", ""TV"", ""Safe"", ""Beach access \u2013 Beachfront"", ""Microwave"", ""Free parking on premises"", ""Fire extinguisher"", ""Body soap"", ""Coffee maker""]",$506.00,1,365,t,27,57,87,227,2025-03-23,0,0,0,227,0,0,0.0,,,,,,,,,,,t,6
3028,3028,city scrape,Retreat in Placencia | Kayak. Pool. Oceanfront.,▶ What's nearby <br />— The Marina at The Placencia - 4 min walk <br />— Maya Beach - 5 min drive <br />— Jaguar Lanes Bowling - 5 min drive <br />— Maya King Waterfalls - 28 min drive <br />— Placencia Peninsula - 20 min drive <br /> <br />▶ Restaurants  <br />— Maya Beach Hotel Bistro - 6 min drive <br />— NAIA’s Beach Bar & Grill - 12 min drive <br />— Habanero - 19 min drive <br />— Inky’s 19th Hole Restaurant - 12 min drive <br />— Capriccio Resturant at Placencia - 3 min walk,596035321,2024-08-13,within an hour,100%,f,"['email', 'phone']",t,t,Stann Creek Mainland,Stann Creek,16.63826,-88.3307,Entire rental unit,Entire home/apt,4,1.0,1.0,2.0,"[""BBQ grill"", ""Dedicated workspace"", ""Backyard"", ""Air conditioning"", ""Bed linens"", ""Hair dryer"", ""Resort access"", ""Washer"", ""Gym"", ""Pool"", ""Wifi"", ""Host greets you"", ""Shampoo"", ""Iron"", ""Heating"", ""Essentials"", ""Bikes"", ""Patio or balcony"", ""TV"", ""Safe"", ""Beach access \u2013 Beachfront"", ""Microwave"", ""Free parking on premises"", ""Fire extinguisher"", ""Body soap"", ""Coffee maker""]",$389.00,1,365,t,21,46,70,217,2025-03-23,0,0,0,217,0,0,0.0,,,,,,,,,,,t,6
3029,3029,city scrape,Oceanfront Oasis | Watersports. Pool. Beach.,▶ What's nearby <br />— The Marina at The Placencia - 4 min walk <br />— Maya Beach - 5 min drive <br />— Jaguar Lanes Bowling - 5 min drive <br />— Maya King Waterfalls - 28 min drive <br />— Placencia Peninsula - 20 min drive <br /> <br />▶ Restaurants  <br />— Maya Beach Hotel Bistro - 6 min drive <br />— NAIA’s Beach Bar & Grill - 12 min drive <br />— Habanero - 19 min drive <br />— Inky’s 19th Hole Restaurant - 12 min drive <br />— Capriccio Resturant at Placencia - 3 min walk,596035321,2024-08-13,within an hour,100%,f,"['email', 'phone']",t,t,Stann Creek Mainland,Stann Creek,16.6119,-88.35284,Entire rental unit,Entire home/apt,2,1.0,1.0,1.0,"[""BBQ grill"", ""Dedicated workspace"", ""Backyard"", ""Air conditioning"", ""Bed linens"", ""Hair dryer"", ""Resort access"", ""Washer"", ""Gym"", ""Pool"", ""Wifi"", ""Host greets you"", ""Shampoo"", ""Iron"", ""Heating"", ""Essentials"", ""Bikes"", ""Patio or balcony"", ""TV"", ""Safe"", ""Beach access \u2013 Beachfront"", ""Microwave"", ""Free parking on premises"", ""Fire extinguisher"", ""Body soap"", ""Coffee maker""]",$535.00,1,365,t,29,59,89,236,2025-03-23,0,0,0,236,0,0,0.0,,,,,,,,,,,t,6
3030,3030,city scrape,Belize Retreat | Watersports. Pool. Beachfront.,▶ What's nearby <br />— The Marina at The Placencia - 4 min walk <br />— Maya Beach - 5 min drive <br />— Jaguar Lanes Bowling - 5 min drive <br />— Maya King Waterfalls - 28 min drive <br />— Placencia Peninsula - 20 min drive <br /> <br />▶ Restaurants  <br />— Maya Beach Hotel Bistro - 6 min drive <br />— NAIA’s Beach Bar & Grill - 12 min drive <br />— Habanero - 19 min drive <br />— Inky’s 19th Hole Restaurant - 12 min drive <br />— Capriccio Resturant at Placencia - 3 min walk,596035321,2024-08-13,within an hour,100%,f,"['email', 'phone']",t,t,Stann Creek Mainland,Stann Creek,16.63826,-88.3307,Entire rental unit,Entire home/apt,4,1.0,2.0,2.0,"[""BBQ grill"", ""Dedicated workspace"", ""Backyard"", ""Air conditioning"", ""Bed linens"", ""Hair dryer"", ""Resort access"", ""Washer"", ""Gym"", ""Pool"", ""Wifi"", ""Host greets you"", ""Shampoo"", ""Iron"", ""Heating"", ""Essentials"", ""Bikes"", ""Patio or balcony"", ""TV"", ""Safe"", ""Beach access \u2013 Beachfront"", ""Microwave"", ""Free parking on premises"", ""Fire extinguisher"", ""Body soap"", ""Coffee maker""]",$638.00,1,365,t,29,59,89,236,2025-03-23,1,1,0,236,0,6,3828.0,2025-02-11,2025-02-11,5.0,4.0,5.0,5.0,5.0,4.0,5.0,,t,6
3039,3039,city scrape,Toucan Beach Cabana,,596208534,2024-08-14,within an hour,100%,,['phone'],t,t,Stann Creek Mainland,Stann Creek,16.614847739029933,-88.35330779459,Entire rental unit,Entire home/apt,4,1.0,1.0,2.0,"[""Extra pillows and blankets"", ""Air conditioning"", ""Bed linens"", ""Kitchen"", ""Wine glasses"", ""Kayak"", ""Hair dryer"", ""Stove"", ""Waterfront"", ""Cooking basics"", ""Hangers"", ""Hot water"", ""Oven"", ""Wifi"", ""Refrigerator"", ""Shampoo"", ""Dishes and silverware"", ""First aid kit"", ""Baking sheet"", ""Books and reading material"", ""TV"", ""Patio or balcony"", ""Beach access \u2013 Beachfront"", ""Microwave"", ""Coffee"", ""Free parking on premises"", ""Beach essentials"", ""Sun loungers"", ""Fire extinguisher"", ""Freezer"", ""Smoke alarm"", ""Dining table"", ""Clothing storage"", ""Exterior security cameras on property"", ""Outdoor furniture"", ""Body soap"", ""Ceiling fan"", ""Coffee maker""]",$394.00,3,365,t,28,58,83,316,2025-03-23,2,2,1,274,1,12,4728.0,2024-09-11,2025-03-12,5.0,5.0,5.0,5.0,5.0,5.0,5.0,,f,3
3041,3041,city scrape,"Digital Nomad, Family Friendly",,499035862,2023-02-01,within an hour,100%,t,['phone'],t,t,Belize Islands,Belize,18.02063,-87.90709,Entire home,Entire home/apt,4,1.0,2.0,2.0,"[""BBQ grill"", ""Dedicated workspace"", ""Air conditioning"", ""Bed linens"", ""32 inch HDTV with Netflix, Roku, Hulu, Amazon Prime Video"", ""Kitchen"", ""Wine glasses"", ""Laundromat nearby"", ""Cleaning products"", ""Toaster"", ""Outdoor dining area"", ""Window guards"", ""Cooking basics"", ""Washer"", ""Keypad"", ""Pets allowed"", ""Free resort access"", ""Free dryer \u2013 In unit"", ""Hot water"", ""Single oven"", ""Portable fans"", ""Wifi"", ""Shampoo"", ""Refrigerator"", ""Dishes and silverware"", ""Hot water kettle"", ""Long term stays allowed"", ""Gas stove"", ""Shower gel"", ""Barbecue utensils"", ""Private patio or balcony"", ""Bathtub"", ""First aid kit"", ""Coffee maker: drip coffee maker"", ""Beach access \u2013 Beachfront"", ""Microwave"", ""Coffee"", ""Free parking on premises"", ""Self check-in"", ""Fire extinguisher"", ""Freezer"", ""Smoke alarm"", ""Exterior security cameras on property"", ""Outdoor furniture"", ""Body soap"", ""Private entrance"", ""Ceiling fan""]",$365.00,1,365,t,12,42,72,277,2025-03-23,2,2,0,252,2,12,4380.0,2024-12-27,2024-12-31,5.0,5.0,5.0,5.0,5.0,5.0,5.0,,f,2
3042,3042,city scrape,Macaw Beach Cabana,"We have some of the best restaurants in Belize close by - including the Bistro at the Maya Beach Hotel, 10 minutes walk north on the beach, 1981 at Naia (10 minutes drive south) and we have relaxed dining, pizza and bowling at Jaguar Lanes (7 minutes walk north). <br /><br />Rum Bum, just 1 minute north, have excellent Latin American food for breakfast, lunch and dinner. Happy hour (3-5 daily) at the Maya Beach Hotel Bistro is always popular with residents and comes with a gorgeous view of the sea. We also love Ceiba Beach - just 5 minutes walk north of your cabana along the beach - for its swimming pool and fantastic menu. You can use the pool if you order from the bar and restaurant.<br /><br />In Placencia, countless revered restaurants are available. For seafront, local cuisine, head to De Tatch, Tipsy Tuna or Barefoot Beach Bar. Rumfish Y Vino serve Central American food and excellent wine, Omar’s is renowned for its fresh fish, Rick’s has an extensive menu that satisfies every pa",596208534,2024-08-14,within an hour,100%,,['phone'],t,t,Stann Creek Mainland,Stann Creek,16.614737910896725,-88.35339294848677,Entire rental unit,Entire home/apt,2,1.0,1.0,1.0,"[""Extra pillows and blankets"", ""Air conditioning"", ""Bed linens"", ""Kitchen"", ""Wine glasses"", ""Kayak"", ""Hair dryer"", ""Stove"", ""Toaster"", ""Waterfront"", ""Cooking basics"", ""Keypad"", ""Hangers"", ""Hot water"", ""Oven"", ""Wifi"", ""Room-darkening shades"", ""Iron"", ""Refrigerator"", ""Dishes and silverware"", ""Hammock"", ""Essentials"", ""Private patio or balcony"", ""First aid kit"", ""Baking sheet"", ""Books and reading material"", ""TV"", ""Beach access \u2013 Beachfront"", ""Microwave"", ""Coffee"", ""Free parking on premises"", ""Beach essentials"", ""Self check-in"", ""Fire extinguisher"", ""Freezer"", ""Beach view"", ""Smoke alarm"", ""Sea view"", ""Clothing storage"", ""Exterior security cameras on property"", ""Outdoor furniture"", ""Body soap"", ""Private entrance"", ""Ceiling fan"", ""Coffee maker""]",$358.00,3,365,t,21,45,64,334,2025-03-23,2,2,0,253,1,12,4296.0,2024-09-15,2025-02-01,5.0,5.0,5.0,5.0,5.0,5.0,5.0,,f,3
3043,3043,city scrape,Starfish Beach Apartment,,596208534,2024-08-14,within an hour,100%,,['phone'],t,t,Stann Creek Mainland,Stann Creek,16.614552708511944,-88.35342192633667,Entire rental unit,Entire home/apt,3,1.0,1.0,2.0,"[""Air conditioning"", ""Bed linens"", ""Kayak"", ""Hair dryer"", ""Waterfront"", ""Hangers"", ""Hot water"", ""Wifi"", ""Refrigerator"", ""Room-darkening shades"", ""First aid kit"", ""Books and reading material"", ""TV"", ""Beach access \u2013 Beachfront"", ""Microwave"", ""Coffee"", ""Free parking on premises"", ""Beach essentials"", ""Sun loungers"", ""Fire extinguisher"", ""Freezer"", ""Smoke alarm"", ""Kitchenette"", ""Clothing storage"", ""Exterior security cameras on property"", ""Outdoor furniture"", ""Body soap"", ""Ceiling fan"", ""Coffee maker""]",$225.00,3,365,t,23,53,83,352,2025-03-23,4,4,1,272,1,24,5400.0,2024-09-13,2025-02-28,5.0,5.0,5.0,5.0,5.0,5.0,5.0,,f,3
3044,3044,city scrape,"Tracy's Island Retreat 3Bdrm, 1.5 Baths",,489789834,2022-11-30,within an hour,100%,f,['phone'],f,f,Belize Islands,Belize,17.909128262331546,-87.97219959655902,Entire rental unit,Entire home/apt,6,1.5,3.0,3.0,"[""BBQ grill"", ""Backyard"", ""Air conditioning"", ""Kitchen"", ""Hair dryer"", ""Toaster"", ""Cooking basics"", ""Keypad"", ""Hangers"", ""Hot water"", ""Oven"", ""Pool"", ""Wifi"", ""Refrigerator"", ""Iron"", ""Dishes and silverware"", ""Bathtub"", ""First aid kit"", ""Outdoor shower"", ""TV"", ""Patio or balcony"", ""Safe"", ""Blender"", ""Beach access \u2013 Beachfront"", ""Microwave"", ""Free parking on premises"", ""Clothing storage: closet and dresser"", ""Dishwasher"", ""Beach essentials"", ""Sun loungers"", ""Fire extinguisher"", ""Self check-in"", ""Freezer"", ""Smoke alarm"", ""Dining table"", ""Exterior security cameras on property"", ""Ceiling fan"", ""Coffee maker""]",$529.00,4,60,t,11,40,62,328,2025-03-23,1,1,1,247,0,8,4232.0,2025-02-24,2025-02-24,5.0,5.0,4.0,5.0,5.0,5.0,5.0,,f,2
3045,3045,city scrape,Tuquil-HA,,535077272,2023-09-01,within an hour,100%,t,"['email', 'phone']",t,t,Belize Mainland,Belize,17.56179,-88.31091,Entire cabin,Entire home/apt,2,1.0,1.0,1.0,"[""BBQ grill"", ""High chair"", ""Dedicated workspace"", ""Backyard"", ""Extra pillows and blankets"", ""Air conditioning"", ""Bed linens"", ""Exercise equipment"", ""Mini fridge"", ""Kitchen"", ""Wine glasses"", ""Kayak"", ""Luggage dropoff allowed"", ""Hair dryer"", ""Cleaning products"", ""Stove"", ""Toaster"", ""Outdoor dining area"", ""Lake access"", ""Waterfront"", ""Dryer"", ""Cooking basics"", ""Washer"", ""Keypad"", ""Pets allowed"", ""Hangers"", ""Hot water"", ""Oven"", ""Pool"", ""Wifi"", ""Shampoo"", ""Iron"", ""Refrigerator"", ""Dishes and silverware"", ""Hammock"", ""Essentials"", ""Long term stays allowed"", ""Shower gel"", ""Cleaning available during stay"", ""Barbecue utensils"", ""First aid kit"", ""Single level home"", ""Outdoor shower"", ""TV"", ""Books and reading material"", ""Patio or balcony"", ""Safe"", ""Microwave"", ""Bidet"", ""Coffee"", ""Free parking on premises"", ""Self check-in"", ""Fire extinguisher"", ""Conditioner"", ""Smoke alarm"", ""Dining table"", ""Exterior security cameras on property"", ""Body soap"", ""Private entrance"", ""Ceiling fan"", ""Coffee maker""]",$172.00,1,1125,t,30,60,90,364,2025-03-23,8,8,1,284,2,48,8256.0,2024-10-25,2025-03-01,5.0,5.0,5.0,5.0,5.0,4.88,4.88,,t,3
3053,3053,city scrape,Sea Haven Beach House,,650558072,2024-09-06,within an hour,100%,f,"['email', 'phone']",f,t,Belize Islands,Belize,17.87728,-88.01129,Entire home,Entire home/apt,4,2.5,2.0,3.0,"[""BBQ grill"", ""Dedicated workspace"", ""Extra pillows and blankets"", ""Air conditioning"", ""Clothing storage: walk-in closet, closet, wardrobe, and dresser"", ""Bed linens"", ""Kitchen"", ""Wine glasses"", ""Kayak"", ""Hair dryer"", ""Cleaning products"", ""Toaster"", ""Outdoor dining area"", ""Board games"", ""Washer"", ""Cooking basics"", ""Free dryer \u2013 In unit"", ""Hangers"", ""Hot water"", ""Pool"", ""Wifi"", ""Room-darkening shades"", ""Refrigerator"", ""Hammock"", ""Carbon monoxide alarm"", ""Hot water kettle"", ""Shower gel"", ""Stainless steel gas stove"", ""Barbecue utensils"", ""Private patio or balcony"", ""First aid kit"", ""Bikes"", ""Outdoor shower"", ""TV"", ""Stainless steel oven"", ""Safe"", ""Blender"", ""Fire pit"", ""Beach access \u2013 Beachfront"", ""Microwave"", ""Bidet"", ""Coffee maker: drip coffee maker, Keurig coffee machine"", ""Coffee"", ""Free parking on premises"", ""Dishwasher"", ""Sun loungers"", ""Fire extinguisher"", ""Smoke alarm"", ""Dining table"", ""Outdoor furniture"", ""Body soap"", ""Ceiling fan""]",$772.00,4,365,t,8,23,50,84,2025-03-23,4,4,1,84,2,32,24704.0,2024-12-16,2025-03-02,5.0,5.0,5.0,5.0,5.0,5.0,5.0,,f,1
3056,3056,city scrape,Jenny’s Villa,,456486564,2022-04-28,within a few hours,100%,f,['phone'],t,t,Cayo,Cayo,17.16427,-89.05024,Entire guesthouse,Entire home/apt,6,2.0,2.0,3.0,"[""Extra pillows and blankets"", ""Bed linens"", ""Kitchen"", ""Wine glasses"", ""Cleaning products"", ""Window guards"", ""Dryer \u2013\u00a0In unit"", ""Pets allowed"", ""Hot water"", ""Central air conditioning"", ""Pool"", ""Wifi"", ""Refrigerator"", ""Iron"", ""Store brand body soap"", ""Carbon monoxide alarm"", ""Long term stays allowed"", ""Gas stove"", ""Washer \u2013\u00a0In unit"", ""Single level home"", ""Coffee maker: drip coffee maker"", ""TV"", ""Private backyard"", ""Blender"", ""Coffee"", ""Lockbox"", ""Free parking on premises"", ""Self check-in"", ""Sun loungers"", ""Smoke alarm"", ""Dining table"", ""Exterior security cameras on property"", ""Outdoor furniture"", ""Private entrance"", ""Ceiling fan""]",$311.00,2,1125,t,29,59,89,364,2025-03-23,10,10,4,283,5,60,18660.0,2024-11-16,2025-03-18,4.7,4.9,5.0,5.0,5.0,4.8,4.9,,f,1
3063,3063,city scrape,Carrican Unit 1,,651658715,2024-09-12,within an hour,100%,f,"['email', 'phone']",f,t,Stann Creek Mainland,Stann Creek,16.85122629113343,-88.27861563146055,Entire home,Entire home/apt,4,1.0,1.0,1.0,"[""Extra pillows and blankets"", ""Air conditioning"", ""Bed linens"", ""Kitchen"", ""Hair dryer"", ""Toaster"", ""Waterfront"", ""Board games"", ""Washer"", ""Cooking basics"", ""Free dryer \u2013 In unit"", ""Hangers"", ""Oven"", ""Portable fans"", ""Wifi"", ""Electric stove"", ""Room-darkening shades"", ""Shampoo"", ""Iron"", ""Carbon monoxide alarm"", ""Refrigerator"", ""Dishes and silverware"", ""Private patio or balcony"", ""First aid kit"", ""Baking sheet"", ""Bikes"", ""Coffee maker: drip coffee maker"", ""Books and reading material"", ""TV"", ""Safe"", ""Blender"", ""Beach access \u2013 Beachfront"", ""Microwave"", ""Coffee"", ""Free parking on premises"", ""Dishwasher"", ""Fire extinguisher"", ""Conditioner"", ""Smoke alarm"", ""Dining table"", ""Outdoor furniture"", ""Body soap"", ""Private entrance"", ""Ceiling fan"", ""Clothing storage: closet""]",$249.00,2,21,t,10,40,70,189,2025-03-23,1,1,0,167,0,6,1494.0,2025-02-13,2025-02-13,5.0,5.0,5.0,5.0,5.0,5.0,5.0,,f,2
3065,3065,city scrape,"Casa seakarus in town, quiet, close to the beach",,425485622,2021-10-01,within an hour,100%,t,"['email', 'phone']",t,t,Belize Islands,Belize,17.929534043475478,-87.95818936452635,Entire rental unit,Entire home/apt,4,1.0,2.0,2.0,"[""Boat slip"", ""Other gas stove"", ""Extra pillows and blankets"", ""Babysitter recommendations"", ""Air conditioning"", ""Bed linens"", ""TV with Netflix"", ""Kitchen"", ""Wine glasses"", ""Luggage dropoff allowed"", ""Hair dryer"", ""Cleaning products"", ""Housekeeping available every day - available at extra cost"", ""Toaster"", ""Cooking basics"", ""Keypad"", ""Hangers"", ""Hot water"", ""Oven"", ""Portable fans"", ""Wifi"", ""Shampoo"", ""Iron"", ""Refrigerator"", ""Carbon monoxide alarm"", ""Dishes and silverware"", ""Essentials"", ""Long term stays allowed"", ""Free street parking"", ""Shower gel"", ""First aid kit"", ""Baking sheet"", ""Coffee maker: drip coffee maker"", ""Safe"", ""Blender"", ""Shared beach access"", ""Microwave"", ""Coffee"", ""Free parking on premises"", ""Self check-in"", ""Fire extinguisher"", ""Freezer"", ""Clothing storage: wardrobe and dresser"", ""Conditioner"", ""Smoke alarm"", ""Dining table"", ""Exterior security cameras on property"", ""Body soap"", ""Private entrance"", ""Ceiling fan""]",$360.00,2,365,t,6,29,59,148,2025-03-23,14,14,3,148,4,84,30240.0,2024-11-02,2025-03-15,5.0,4.93,5.0,5.0,5.0,4.93,5.0,,t,2
3079,3079,city scrape,Modern Jungle Villa Onyx w/ pool & fireplace,,652888037,2024-09-19,within an hour,100%,f,"['email', 'phone']",t,t,Cayo,Cayo,17.2509396,-88.7848937,Entire home,Entire home/apt,4,1.0,1.0,2.0,"[""BBQ grill"", ""Fire extinguisher"", ""Smart lock"", ""First aid kit"", ""TV"", ""Air conditioning"", ""Pool"", ""Kitchen"", ""Fire pit"", ""Free parking on premises"", ""Self check-in""]",$632.00,1,365,t,11,34,51,196,2025-03-23,11,11,5,196,2,66,41712.0,2024-11-24,2025-03-20,5.0,5.0,5.0,5.0,5.0,5.0,5.0,,f,1
3088,3088,city scrape,"Tropical Bliss, private Rm 5 mins from the airport",,573832127,2024-04-23,within an hour,100%,f,"['email', 'phone']",t,t,Belize Mainland,Belize,17.5694,-88.31859,Private room in home,Private room,2,1.0,1.0,2.0,"[""Exterior security cameras on property"", ""Hot water"", ""Outdoor dining area""]",$160.00,1,365,t,30,60,90,364,2025-03-23,1,1,0,284,1,6,960.0,2024-11-18,2024-11-18,5.0,5.0,3.0,3.0,3.0,4.0,4.0,,t,4
3089,3089,city scrape,Harpy Eagle - Next Nest Apts.,,466051139,2022-06-25,within an hour,100%,t,"['email', 'phone']",t,t,Belize Mainland,Belize,17.556399610876504,-88.31074174394553,Entire rental unit,Entire home/apt,4,1.0,2.0,2.0,"[""BBQ grill"", ""Air conditioning"", ""Bed linens"", ""Kitchen"", ""Hair dryer"", ""Washer"", ""Hangers"", ""Hot water"", ""Wifi"", ""Shampoo"", ""Iron"", ""Shower gel"", ""First aid kit"", ""TV"", ""Safe"", ""Free parking on premises"", ""Self check-in"", ""Fire extinguisher"", ""Building staff"", ""Conditioner"", ""Smoke alarm"", ""Clothing storage"", ""Exterior security cameras on property"", ""Body soap""]",$139.00,1,1125,t,6,36,66,246,2025-03-23,3,3,0,246,1,18,2502.0,2024-12-30,2025-01-31,4.67,5.0,5.0,5.0,5.0,4.33,5.0,,t,4
3090,3090,previous scrape,Max Roomz where affordable comfort bloomz.,,598486649,2024-08-27,within an hour,100%,f,"['email', 'phone']",t,t,Cayo,Cayo,17.157156481583936,-89.06640189387241,Room in hotel,Private room,6,,2.0,,"[""Dedicated workspace"", ""Extra pillows and blankets"", ""Air conditioning"", ""Bed linens"", ""Exercise equipment"", ""Mini fridge"", ""Kitchen"", ""Laundromat nearby"", ""Hair dryer"", ""Stove"", ""Outdoor dining area"", ""Lake access"", ""Washer"", ""Hangers"", ""Hot water"", ""Oven"", ""Portable fans"", ""Wifi"", ""Host greets you"", ""Room-darkening shades"", ""Iron"", ""Refrigerator"", ""Carbon monoxide alarm"", ""Dishes and silverware"", ""Hot water kettle"", ""Free street parking"", ""First aid kit"", ""Books and reading material"", ""TV"", ""Patio or balcony"", ""Safe"", ""Microwave"", ""Coffee"", ""Lockbox"", ""Free parking on premises"", ""Self check-in"", ""Fire extinguisher"", ""Freezer"", ""Smoke alarm"", ""Clothing storage"", ""Exterior security cameras on property"", ""Outdoor furniture"", ""Body soap"", ""Coffee maker""]",,1,365,t,30,60,90,365,2025-03-23,4,4,1,284,2,24,,2024-10-13,2025-03-01,4.25,4.25,5.0,4.75,4.75,5.0,4.5,,f,4
3091,3091,city scrape,Casa Cava Bed & Breakfast ~ Casita 211,,595576638,2024-08-11,within an hour,100%,f,"['email', 'phone']",t,t,Belize Islands,Belize,17.976262,-87.9703096,Private room in bed and breakfast,Private room,2,1.0,1.0,1.0,"[""Air conditioning"", ""Bed linens"", ""Mini fridge"", ""Housekeeping available 3 days a week - included with your stay"", ""Kayak"", ""Hair dryer"", ""Outdoor dining area"", ""Waterfront"", ""Lock on bedroom door"", ""Board games"", ""Breakfast"", ""Hangers"", ""Hot water"", ""Wifi"", ""Iron"", ""Essentials"", ""Long term stays allowed"", ""Private patio or balcony"", ""First aid kit"", ""Coffee maker: drip coffee maker"", ""Outdoor shower"", ""Clothing storage: wardrobe"", ""Beach access \u2013 Beachfront"", ""Free parking on premises"", ""Beach essentials"", ""Sun loungers"", ""Fire extinguisher"", ""Smoke alarm"", ""Shared outdoor pool - available all year, saltwater"", ""Exterior security cameras on property"", ""Private entrance"", ""Ceiling fan""]",$678.00,4,30,t,25,55,85,342,2025-03-23,0,0,0,272,0,0,0.0,,,,,,,,,,,f,4
3092,3092,city scrape,Casa Cava Bed & Breakfast ~Casita 212,Secret Beach Area on Ambergris Caye,595576638,2024-08-11,within an hour,100%,f,"['email', 'phone']",t,t,Belize Islands,Belize,17.976262,-87.9703096,Private room in bed and breakfast,Private room,2,1.0,1.0,1.0,"[""Air conditioning"", ""Bed linens"", ""Mini fridge"", ""Kayak"", ""Hair dryer"", ""Outdoor dining area"", ""Waterfront"", ""Lock on bedroom door"", ""Board games"", ""Breakfast"", ""Hangers"", ""Hot water"", ""Pool"", ""Wifi"", ""Iron"", ""Essentials"", ""Long term stays allowed"", ""Private patio or balcony"", ""First aid kit"", ""Coffee maker: drip coffee maker"", ""Outdoor shower"", ""Clothing storage: wardrobe"", ""Safe"", ""Pool view"", ""Beach access \u2013 Beachfront"", ""Coffee"", ""Free parking on premises"", ""Beach essentials"", ""Sun loungers"", ""Fire extinguisher"", ""Beach view"", ""Smoke alarm"", ""Sea view"", ""Exterior security cameras on property"", ""Private entrance"", ""Ceiling fan"", ""Housekeeping available 3 days a week""]",$632.00,4,30,t,20,50,80,350,2025-03-23,1,1,0,274,1,8,5056.0,2024-12-09,2024-12-09,5.0,5.0,5.0,5.0,5.0,4.0,5.0,,t,4
3093,3093,city scrape,Casa Cava Bed & Breakfast ~Casita 213,,595576638,2024-08-11,within an hour,100%,f,"['email', 'phone']",t,t,Belize Islands,Belize,17.976262,-87.9703096,Private room in bed and breakfast,Private room,2,1.0,1.0,1.0,"[""Air conditioning"", ""Bed linens"", ""Mini fridge"", ""Kayak"", ""Hair dryer"", ""Outdoor dining area"", ""Waterfront"", ""Lock on bedroom door"", ""Board games"", ""Breakfast"", ""Hangers"", ""Hot water"", ""Pool"", ""Wifi"", ""Iron"", ""Essentials"", ""Private patio or balcony"", ""First aid kit"", ""Coffee maker: drip coffee maker"", ""Outdoor shower"", ""Clothing storage: wardrobe"", ""TV"", ""Safe"", ""Beach access \u2013 Beachfront"", ""Free parking on premises"", ""Beach essentials"", ""Sun loungers"", ""Fire extinguisher"", ""Smoke alarm"", ""Exterior security cameras on property"", ""Outdoor furniture"", ""Private entrance"", ""Ceiling fan"", ""Housekeeping available 3 days a week""]",$632.00,4,30,t,27,52,82,357,2025-03-23,1,1,0,276,0,8,5056.0,2025-01-02,2025-01-02,5.0,5.0,5.0,5.0,5.0,5.0,5.0,,f,4
3094,3094,city scrape,Casa Cava Bed & Breakfast ~The Cottage,,595576638,2024-08-11,within an hour,100%,f,"['email', 'phone']",t,t,Belize Islands,Belize,17.976262,-87.9703096,Private room in bed and breakfast,Private room,2,1.0,1.0,1.0,"[""Air conditioning"", ""Bed linens"", ""Mini fridge"", ""Kayak"", ""Hair dryer"", ""Outdoor dining area"", ""Waterfront"", ""Lock on bedroom door"", ""Board games"", ""Breakfast"", ""Hangers"", ""Hot water"", ""Wifi"", ""Iron"", ""Essentials"", ""Long term stays allowed"", ""Private patio or balcony"", ""First aid kit"", ""Coffee maker: drip coffee maker"", ""Outdoor shower"", ""TV"", ""Safe"", ""Beach access \u2013 Beachfront"", ""Free parking on premises"", ""Beach essentials"", ""Fire extinguisher"", ""Smoke alarm"", ""Shared outdoor pool - available all year, saltwater"", ""Clothing storage: dresser"", ""Exterior security cameras on property"", ""Outdoor furniture"", ""Private entrance"", ""Ceiling fan""]",$500.00,4,30,t,20,42,65,334,2025-03-23,0,0,0,253,0,0,0.0,,,,,,,,,,,t,4
3095,3095,city scrape,Travelart Backpackers Hostel,"Travelart Backpackers Hostel is located at the corner of Freetown Road & Douglas Jones Street near the traffic lights upstairs of the local neighborhood store (Naybaz). Walking distance from the sea front, public park, popular restaurants, night clubs and local food shacks.",654449522,2024-09-28,within an hour,100%,t,"['email', 'phone']",t,t,Belize Mainland,Belize,17.5019,-88.19034,Shared room in bed and breakfast,Shared room,10,2.0,,14.0,"[""Air conditioning"", ""Smoking allowed"", ""Kitchen"", ""Laundromat nearby"", ""Stove"", ""Cooking basics"", ""Keypad"", ""Hot water"", ""Wifi"", ""Refrigerator"", ""Dishes and silverware"", ""First aid kit"", ""TV"", ""Microwave"", ""Free parking on premises"", ""Self check-in"", ""Fire extinguisher"", ""Freezer"", ""Smoke alarm"", ""Trash compactor"", ""Exterior security cameras on property"", ""Coffee maker""]",$45.00,1,14,t,23,52,82,172,2025-03-23,16,16,0,172,11,96,4320.0,2024-10-01,2025-02-15,4.88,4.94,4.94,4.81,5.0,4.88,4.88,,t,2
3102,3102,city scrape,"Tropical Bliss Retreat Rare gem. Large 4,500 sqft",,573832127,2024-04-23,within an hour,100%,f,"['email', 'phone']",t,t,Belize Mainland,Belize,17.56699961588646,-88.30999843776227,Entire bungalow,Entire home/apt,12,4.0,4.0,5.0,"[""Extra pillows and blankets"", ""Air conditioning"", ""Bed linens"", ""Kitchen"", ""Wine glasses"", ""Cleaning products"", ""Stove"", ""Outdoor dining area"", ""Cooking basics"", ""Washer"", ""Keypad"", ""Hot water"", ""Oven"", ""Pool"", ""Wifi"", ""Refrigerator"", ""Dishes and silverware"", ""Heating"", ""Baking sheet"", ""TV"", ""Blender"", ""Microwave"", ""Coffee"", ""Free parking on premises"", ""Self check-in"", ""Freezer"", ""Conditioner"", ""Clothing storage"", ""Exterior security cameras on property"", ""Coffee maker""]",$572.00,2,180,t,22,52,82,336,2025-03-23,0,0,0,256,0,0,0.0,,,,,,,,,,,t,4
3105,3105,city scrape,Two Bedroom Apartment,"It's a fairly quiet neighborhood that has respectful residents at every turn, couple sights here and there and safe to enjoy and let loose.",655227319,2024-10-03,within an hour,100%,f,"['email', 'phone']",t,t,Belize Islands,Belize,17.74894,-88.02479,Entire rental unit,Entire home/apt,3,1.0,2.0,3.0,"[""Extra pillows and blankets"", ""Air conditioning"", ""Bed linens"", ""Mini fridge"", ""Kitchen"", ""Laundromat nearby"", ""Mabe gas stove"", ""Luggage dropoff allowed"", ""Cleaning products"", ""Toaster"", ""Cooking basics"", ""Hangers"", ""Oven"", ""Wifi"", ""Host greets you"", ""Shampoo"", ""Iron"", ""Dishes and silverware"", ""Long term stays allowed"", ""Free street parking"", ""Private patio or balcony"", ""First aid kit"", ""Coffee maker: drip coffee maker"", ""Books and reading material"", ""TV"", ""Beach access \u2013 Beachfront"", ""Microwave"", ""Fire extinguisher"", ""Beach view"", ""Housekeeping available from 11:30\u202fAM to 12:30\u202fPM, every day - included with your stay"", ""Conditioner"", ""Smoke alarm"", ""Dining table"", ""Sea view"", ""Exterior security cameras on property"", ""Outdoor furniture"", ""Body soap"", ""Ceiling fan""]",$257.00,2,365,t,18,34,55,330,2025-03-23,3,3,1,249,0,18,4626.0,2025-01-24,2025-03-17,5.0,5.0,5.0,5.0,5.0,5.0,5.0,,t,2
3113,3113,city scrape,"Riverside Casita - Apartment in San Pedro, BZ",,529505797,2023-08-02,within an hour,100%,f,['phone'],t,t,Belize Islands,Belize,17.92918074503845,-87.95820157974958,Entire home,Entire home/apt,3,1.5,2.0,2.0,"[""Air conditioning"", ""Bed linens"", ""Kitchen"", ""Wine glasses"", ""Luggage dropoff allowed"", ""Hair dryer"", ""Cleaning products"", ""Stove"", ""Toaster"", ""Dryer"", ""Cooking basics"", ""Washer"", ""Hangers"", ""Hot water"", ""Oven"", ""Wifi"", ""Host greets you"", ""Room-darkening shades"", ""Iron"", ""Refrigerator"", ""Dishes and silverware"", ""Hot water kettle"", ""River view"", ""First aid kit"", ""Baking sheet"", ""TV"", ""Safe"", ""Blender"", ""Microwave"", ""Coffee"", ""Free parking on premises"", ""Fire extinguisher"", ""Freezer"", ""Smoke alarm"", ""Dining table"", ""Clothing storage"", ""Exterior security cameras on property"", ""Ceiling fan"", ""Coffee maker""]",$360.00,3,15,t,21,51,81,81,2025-03-23,5,5,1,81,1,30,10800.0,2024-12-16,2025-03-14,5.0,5.0,5.0,5.0,5.0,5.0,5.0,,t,1
3117,3117,city scrape,Solaya House near Placencia BZ,,465032252,2022-06-19,within an hour,100%,f,"['email', 'phone']",t,t,Stann Creek Mainland,Stann Creek,16.617516104274458,-88.35534400584085,Entire home,Entire home/apt,5,2.5,2.0,2.0,"[""Fire extinguisher"", ""Washer"", ""Smoke alarm"", ""Air conditioning"", ""TV"", ""Wifi"", ""Kitchen"", ""Beach access \u2013 Beachfront"", ""Carbon monoxide alarm"", ""Free parking on premises""]","$1,199.00",1,365,t,26,56,86,361,2025-03-23,1,1,0,280,0,6,7194.0,2025-01-11,2025-01-11,5.0,5.0,5.0,5.0,5.0,5.0,4.0,,t,7
3118,3118,city scrape,Travelart Backpackers Hostel,,654449522,2024-09-28,within an hour,100%,t,"['email', 'phone']",t,t,Belize Mainland,Belize,17.5043339,-88.194355,Shared room in bed and breakfast,Shared room,1,2.0,,1.0,"[""Air conditioning"", ""Smoking allowed"", ""Kitchen"", ""Laundromat nearby"", ""Stove"", ""Cooking basics"", ""Keypad"", ""Hot water"", ""Wifi"", ""Refrigerator"", ""Dishes and silverware"", ""First aid kit"", ""TV"", ""Microwave"", ""Free parking on premises"", ""Self check-in"", ""Fire extinguisher"", ""Freezer"", ""Smoke alarm"", ""Trash compactor"", ""Coffee maker""]",$45.00,1,14,t,24,54,84,174,2025-03-23,3,3,0,174,2,18,810.0,2024-12-25,2025-01-23,5.0,5.0,5.0,5.0,5.0,5.0,5.0,,t,2
3121,3121,city scrape,Jungle Suite,,574226226,2024-04-25,,,f,"['email', 'phone']",f,t,Cayo,Cayo,17.117602463163315,-88.92902129891071,Entire guesthouse,Entire home/apt,8,1.0,1.0,6.0,"[""BBQ grill"", ""Dedicated workspace"", ""Cleaning products"", ""Outdoor dining area"", ""Cooking basics"", ""Washer"", ""Hot water"", ""Wifi"", ""Shampoo"", ""Shower gel"", ""First aid kit"", ""Outdoor shower"", ""Fire pit"", ""Beach access \u2013 Beachfront"", ""Free parking on premises"", ""Self check-in"", ""Building staff"", ""Conditioner"", ""Exterior security cameras on property"", ""Body soap""]",$639.00,7,365,t,30,60,90,365,2025-03-23,0,0,0,284,0,0,0.0,,,,,,,,,,,t,2
3124,3124,city scrape,Vive Verde - Off the Grid One Bedroom Casita,,473525368,2022-08-05,within an hour,100%,t,"['email', 'phone']",t,t,Belize Islands,Belize,17.970934362634857,-87.96056747517329,Entire home,Entire home/apt,2,1.0,1.0,1.0,"[""Dedicated workspace"", ""Air conditioning"", ""Bed linens"", ""Kitchen"", ""Stove"", ""Cooking basics"", ""Hangers"", ""Hot water"", ""Oven"", ""Wifi"", ""Shampoo"", ""Iron"", ""Refrigerator"", ""Carbon monoxide alarm"", ""Dishes and silverware"", ""Long term stays allowed"", ""Shower gel"", ""First aid kit"", ""Coffee maker: drip coffee maker"", ""TV"", ""Safe"", ""Microwave"", ""Free parking on premises"", ""Fire extinguisher"", ""Conditioner"", ""Mosquito net"", ""Smoke alarm"", ""Dining table"", ""Clothing storage"", ""Exterior security cameras on property"", ""Outdoor furniture"", ""Body soap"", ""Ceiling fan""]",$220.00,2,365,t,30,60,90,365,2025-03-23,1,1,0,284,1,6,1320.0,2024-12-17,2024-12-17,5.0,5.0,5.0,5.0,5.0,5.0,5.0,,t,13
3125,3125,city scrape,West Caye Casitas - 3 Casitas w/ pool.,In the mangroves less than a mile from Secret Beach.  Very private.,473525368,2022-08-05,within an hour,100%,t,"['email', 'phone']",t,t,Belize Islands,Belize,17.969726498453436,-87.96000268310308,Entire home,Entire home/apt,6,3.0,3.0,1.0,"[""BBQ grill"", ""Dedicated workspace"", ""Extra pillows and blankets"", ""Air conditioning"", ""Heating - split type ductless system"", ""Bed linens"", ""Mini fridge"", ""Wine glasses"", ""Cleaning products"", ""Toaster"", ""Cooking basics"", ""Hangers"", ""Hot water"", ""Pool"", ""Portable fans"", ""Wifi"", ""Room-darkening shades"", ""Shampoo"", ""Iron"", ""Dishes and silverware"", ""Hot water kettle"", ""Long term stays allowed"", ""Shower gel"", ""Barbecue utensils"", ""First aid kit"", ""Shared patio or balcony"", ""Coffee maker: drip coffee maker"", ""Outdoor shower"", ""TV"", ""Safe"", ""Pool view"", ""Beach access \u2013 Beachfront"", ""Microwave"", ""Bidet"", ""Coffee"", ""Free parking on premises"", ""Clothing storage: closet and dresser"", ""Beach essentials"", ""Self check-in"", ""Sun loungers"", ""Fire extinguisher"", ""Building staff"", ""Conditioner"", ""Smoke alarm"", ""Dining table"", ""Kitchenette"", ""Exterior security cameras on property"", ""Outdoor furniture"", ""Body soap"", ""Private entrance""]",$787.00,1,365,t,21,51,78,353,2025-03-23,1,1,1,272,0,6,4722.0,2025-03-09,2025-03-09,5.0,5.0,5.0,5.0,5.0,5.0,5.0,,f,13
3126,3126,city scrape,The CoZia: Your Cozy Escape Awaits!,"The CoZia is located in the King’s Park Area of Belize City which is a fairly quiet and safe neighborhood. We are minutes away from the municipal airstrip, hospitals, grocery stores, parks, movie theater and restaurants.",651383052,2024-09-10,within an hour,100%,t,['phone'],t,t,Belize Mainland,Belize,17.50883,-88.19284,Tiny home,Entire home/apt,2,1.0,1.0,1.0,"[""Window guards"", ""Fire extinguisher"", ""Dedicated workspace"", ""Keypad"", ""TV"", ""Hangers"", ""Self check-in"", ""Hot water"", ""Portable fans"", ""Wifi"", ""Laundromat nearby"", ""Iron"", ""Body soap"", ""Microwave"", ""Free parking on premises"", ""Long term stays allowed""]",$83.00,1,1125,t,18,42,70,321,2025-03-23,57,57,16,241,20,255,21165.0,2024-11-14,2025-03-18,4.95,4.93,5.0,4.91,5.0,4.68,4.86,,f,1
3127,3127,city scrape,Book The Entire Property- Kalimera Beach Hotel,,657931120,2024-10-19,within a day,100%,f,"['email', 'phone']",t,t,Stann Creek Mainland,Stann Creek,16.61455,-88.35458,Room in hotel,Private room,16,8.0,8.0,4.0,"[""Dedicated workspace"", ""Extra pillows and blankets"", ""Air conditioning"", ""Bed linens"", ""Hair dryer"", ""Outdoor dining area"", ""Pets allowed"", ""Hangers"", ""Hot water"", ""Pool"", ""Wifi"", ""Room-darkening shades"", ""Shampoo"", ""Iron"", ""Carbon monoxide alarm"", ""Heating"", ""Shower gel"", ""First aid kit"", ""Outdoor shower"", ""TV"", ""Safe"", ""Beach access \u2013 Beachfront"", ""Free parking on premises"", ""Fire extinguisher"", ""Conditioner"", ""Smoke alarm"", ""Clothing storage"", ""Exterior security cameras on property"", ""Body soap""]","$7,989.00",1,365,t,1,9,38,277,2025-03-23,0,0,0,208,0,0,0.0,,,,,,,,,,,t,6
3128,3128,city scrape,Ashton Court Belize: The Beach House,"Located directly on the beach, Ashton Court Belize is one of the most premier properties on the island. The beachfront resort offers stunning views of the reef and Caribbean Sea, and is conveniently located a few hundred feet from the main village. This offers guests easy access to the best Eats & Drinks the island has to offer, while also offering seclusion and quiet during the night time hours. The property's location and views are truly one of a kind.",594432201,2024-08-05,within a few hours,100%,f,"['email', 'phone']",t,t,Belize Islands,Belize,17.739035776227396,-88.02607227840076,Entire bungalow,Entire home/apt,7,2.0,3.0,4.0,"[""Air conditioning"", ""Bed linens"", ""Hair dryer"", ""Resort access"", ""Waterfront"", ""Hot water"", ""Wifi"", ""Private pool - available all year, open specific hours"", ""Iron"", ""Long term stays allowed"", ""Gas stove"", ""Housekeeping available from 9:00\u202fAM to 6:00\u202fPM, every day - included with your stay"", ""Coffee maker: drip coffee maker"", ""Patio or balcony"", ""TV"", ""Beach access \u2013 Beachfront"", ""Coffee"", ""Free parking on premises"", ""Beach essentials"", ""Sun loungers"", ""Conditioner"", ""Smoke alarm"", ""Dining table"", ""Kitchenette"", ""Exterior security cameras on property"", ""Outdoor furniture"", ""Body soap"", ""Ceiling fan""]","$2,147.00",1,365,t,23,53,83,352,2025-03-23,0,0,0,272,0,0,0.0,,,,,,,,,,,t,7
3129,3129,previous scrape,Ashton Court Belize: Ocean Room - Single King,"Located directly on the beach, Ashton Court Belize is one of the most premier properties on the island. The beachfront resort offers stunning views of the reef and Caribbean Sea, and is conveniently located a few hundred feet from the main village. This offers guests easy access to the best Eats & Drinks the island has to offer, while also offering seclusion and quiet during the night time hours. The property's location and views are truly one of a kind.",594432201,2024-08-05,within a few hours,100%,f,"['email', 'phone']",t,t,Belize Islands,Belize,17.739065520161162,-88.02403071850227,Room in boutique hotel,Private room,3,,1.0,,"[""Bed linens"", ""Mini fridge"", ""Hair dryer"", ""Resort access"", ""Waterfront"", ""Wifi"", ""Private pool - available all year, open specific hours"", ""Coffee maker: Keurig coffee machine"", ""Shampoo"", ""Iron"", ""Long term stays allowed"", ""Housekeeping available from 9:00\u202fAM to 6:00\u202fPM, every day - included with your stay"", ""TV"", ""Safe"", ""Beach access \u2013 Beachfront"", ""Coffee"", ""Free parking on premises"", ""Beach essentials"", ""Sun loungers"", ""Conditioner"", ""Smoke alarm"", ""AC - split type ductless system"", ""Exterior security cameras on property"", ""Body soap"", ""Ceiling fan""]",,1,365,t,28,58,88,363,2025-03-23,1,1,0,282,1,6,,2024-12-31,2024-12-31,5.0,5.0,5.0,5.0,5.0,5.0,5.0,,t,7
3130,3130,previous scrape,Ashton Court Belize: Garden Room - Single King,"Located directly on the beach, Ashton Court Belize is one of the most premier properties on the island. The beachfront resort offers stunning views of the reef and Caribbean Sea, and is conveniently located a few hundred feet from the main village. This offers guests easy access to the best Eats & Drinks the island has to offer, while also offering seclusion and quiet during the night time hours. The property's location and views are truly one of a kind.",594432201,2024-08-05,within a few hours,100%,f,"['email', 'phone']",t,t,Belize Islands,Belize,17.73977,-88.02558,Room in boutique hotel,Private room,3,,1.0,,"[""Air conditioning"", ""Bed linens"", ""Mini fridge"", ""Hair dryer"", ""Resort access"", ""Hot water"", ""Wifi"", ""Private pool - available all year, open specific hours"", ""Coffee maker: Keurig coffee machine"", ""Shampoo"", ""Iron"", ""Long term stays allowed"", ""TV"", ""Safe"", ""Beach access \u2013 Beachfront"", ""Coffee"", ""Free parking on premises"", ""Beach essentials"", ""Sun loungers"", ""Smoke alarm"", ""Exterior security cameras on property"", ""Housekeeping available from 9:00\u202fAM to 3:00\u202fPM, every day - included with your stay"", ""Ceiling fan""]",,1,365,t,28,58,88,363,2025-03-23,0,0,0,282,0,0,,,,,,,,,,,,t,7
3131,3131,city scrape,Ashton Court Belize: Terrace Room - Double Queen,"Located directly on the beach, Ashton Court Belize is one of the most premier properties on the island. The beachfront resort offers stunning views of the reef and Caribbean Sea, and is conveniently located a few hundred feet from the main village. This offers guests easy access to the best Eats & Drinks the island has to offer, while also offering seclusion and quiet during the night time hours. The property's location and views are truly one of a kind.",594432201,2024-08-05,within a few hours,100%,f,"['email', 'phone']",t,t,Belize Islands,Belize,17.748327601655024,-88.02351649588803,Room in boutique hotel,Private room,4,1.0,1.0,2.0,"[""Air conditioning"", ""Bed linens"", ""Mini fridge"", ""Hair dryer"", ""Resort access"", ""Wifi"", ""Private pool - available all year, open specific hours"", ""Coffee maker: Keurig coffee machine"", ""Iron"", ""Long term stays allowed"", ""Housekeeping available from 9:00\u202fAM to 6:00\u202fPM, every day - included with your stay"", ""TV"", ""Safe"", ""Beach access \u2013 Beachfront"", ""Coffee"", ""Free parking on premises"", ""Beach essentials"", ""Sun loungers"", ""Conditioner"", ""Smoke alarm"", ""Exterior security cameras on property"", ""Body soap"", ""Ceiling fan""]",$662.00,1,365,t,28,58,88,363,2025-03-23,1,1,0,282,0,6,3972.0,2025-02-15,2025-02-15,2.0,2.0,5.0,3.0,2.0,4.0,2.0,,t,7
3132,3132,city scrape,Ashton Court Belize: Two Bedroom Terrace Suite,"Located directly on the beach, Ashton Court Belize is one of the most premier properties on the island. The beachfront resort offers stunning views of the reef and Caribbean Sea, and is conveniently located a few hundred feet from the main village. This offers guests easy access to the best Eats & Drinks the island has to offer, while also offering seclusion and quiet during the night time hours. The property's location and views are truly one of a kind.",594432201,2024-08-05,within a few hours,100%,f,"['email', 'phone']",t,t,Belize Islands,Belize,17.74691,-88.02408,Room in boutique hotel,Private room,5,2.0,2.0,2.0,"[""Air conditioning"", ""Bed linens"", ""Hair dryer"", ""Resort access"", ""Hot water"", ""Wifi"", ""Private pool - available all year, open specific hours"", ""Coffee maker: Keurig coffee machine"", ""Iron"", ""Long term stays allowed"", ""Housekeeping available from 9:00\u202fAM to 6:00\u202fPM, every day - included with your stay"", ""Patio or balcony"", ""TV"", ""Safe"", ""Beach access \u2013 Beachfront"", ""Microwave"", ""Coffee"", ""Free parking on premises"", ""Beach essentials"", ""Sun loungers"", ""Smoke alarm"", ""Dining table"", ""Kitchenette"", ""Exterior security cameras on property"", ""Outdoor furniture"", ""Body soap"", ""Ceiling fan"", ""BBQ grill: charcoal""]","$1,741.00",1,365,t,28,58,88,363,2025-03-23,0,0,0,282,0,0,0.0,,,,,,,,,,,t,7
3133,3133,city scrape,Ashton Court Belize: The Bunkhouse,"Located directly on the beach, Ashton Court Belize is one of the most premier properties on the island. The beachfront resort offers stunning views of the reef and Caribbean Sea, and is conveniently located a few hundred feet from the main village. This offers guests easy access to the best Eats & Drinks the island has to offer, while also offering seclusion and quiet during the night time hours. The property's location and views are truly one of a kind.",594432201,2024-08-05,within a few hours,100%,f,"['email', 'phone']",t,t,Belize Islands,Belize,17.746658343830966,-88.02392881707298,Entire bungalow,Entire home/apt,5,2.0,2.0,3.0,"[""Bed linens"", ""Window AC unit"", ""Wifi"", ""Private pool - available all year, open specific hours"", ""Private BBQ grill: charcoal"", ""Housekeeping available from 9:00\u202fAM to 6:00\u202fPM, every day - included with your stay"", ""Coffee maker: drip coffee maker"", ""TV"", ""Beach access \u2013 Beachfront"", ""Coffee"", ""Microwave"", ""Free parking on premises"", ""Beach essentials"", ""Sun loungers"", ""Smoke alarm"", ""Kitchenette"", ""AC - split type ductless system"", ""Exterior security cameras on property"", ""Outdoor furniture"", ""Ceiling fan""]","$1,148.00",1,365,t,23,53,83,351,2025-03-23,0,0,0,271,0,0,0.0,,,,,,,,,,,t,7
3134,3134,city scrape,Ashton Court Belize: Condo,"Located directly on the beach, Ashton Court Belize is one of the most premier properties on the island. The beachfront resort offers stunning views of the reef and Caribbean Sea, and is conveniently located a few hundred feet from the main village. This offers guests easy access to the best Eats & Drinks the island has to offer, while also offering seclusion and quiet during the night time hours. The property's location and views are truly one of a kind.",594432201,2024-08-05,within a few hours,100%,f,"['email', 'phone']",t,t,Belize Islands,Belize,17.74600627687718,-88.02361509281998,Entire condo,Entire home/apt,7,2.0,3.0,3.0,"[""Sun loungers"", ""Private outdoor pool - available all year"", ""Smoke alarm"", ""TV"", ""Air conditioning"", ""Bed linens"", ""Safe"", ""Exterior security cameras on property"", ""Wifi"", ""Refrigerator"", ""Beach access \u2013 Beachfront"", ""Microwave"", ""Resort access"", ""Long term stays allowed""]","$2,762.00",1,365,t,28,58,88,363,2025-03-23,1,1,0,282,0,6,16572.0,2025-02-19,2025-02-19,5.0,5.0,5.0,5.0,5.0,5.0,5.0,,t,7
3135,3135,city scrape,The Palm House near Placencia,,465032252,2022-06-19,within an hour,100%,f,"['email', 'phone']",t,t,Stann Creek Mainland,Stann Creek,16.61791,-88.35315,Entire home,Entire home/apt,6,2.5,3.0,3.0,"[""Fire extinguisher"", ""Washer"", ""Smoke alarm"", ""Air conditioning"", ""TV"", ""Wifi"", ""Kitchen"", ""Beach access \u2013 Beachfront"", ""Carbon monoxide alarm"", ""Free parking on premises""]","$1,251.00",1,365,t,26,56,86,351,2025-03-23,0,0,0,270,0,0,0.0,,,,,,,,,,,t,7
3138,3138,previous scrape,Sea Horizon Suite #2,,538998236,2023-09-26,within an hour,100%,f,"['email', 'phone']",t,t,Belize Islands,Belize,17.909292679373088,-87.97353483662562,Room in hotel,Private room,2,,1.0,,"[""Fire extinguisher"", ""Washer"", ""Outdoor shower"", ""Air conditioning"", ""TV"", ""Pool"", ""Wifi"", ""Kitchen"", ""Free parking on premises""]",,1,365,t,28,58,88,363,2025-03-23,0,0,0,282,0,0,,,,,,,,,,,,t,6
3140,3140,city scrape,Casa De Las Tortugas - 4BR House at Secret Beach,,473525368,2022-08-05,within an hour,100%,t,"['email', 'phone']",t,t,Belize Islands,Belize,17.975456989259357,-87.9679808214968,Entire home,Entire home/apt,8,4.0,4.0,4.0,"[""Air conditioning"", ""Bed linens"", ""Mini fridge"", ""Kitchen"", ""Wine glasses"", ""Luggage dropoff allowed"", ""Hair dryer"", ""Stove"", ""Outdoor dining area"", ""Board games"", ""Keypad"", ""Hangers"", ""Hot water"", ""Pool"", ""Wifi"", ""Shampoo"", ""Iron"", ""Refrigerator"", ""Carbon monoxide alarm"", ""Dishes and silverware"", ""Essentials"", ""Long term stays allowed"", ""Shower gel"", ""First aid kit"", ""Coffee maker: drip coffee maker"", ""Outdoor shower"", ""Safe"", ""Blender"", ""Shared beach access"", ""Microwave"", ""Free parking on premises"", ""Self check-in"", ""Sun loungers"", ""Fire extinguisher"", ""Conditioner"", ""Smoke alarm"", ""Clothing storage"", ""Exterior security cameras on property"", ""Body soap"", ""Ceiling fan""]",$990.00,2,365,t,23,53,77,352,2025-03-23,1,1,0,271,1,6,5940.0,2024-12-29,2024-12-29,5.0,5.0,5.0,5.0,5.0,5.0,5.0,,t,13
3141,3141,city scrape,Windy Woods Cabin,,658456317,2024-10-22,within an hour,100%,f,"['email', 'phone']",t,t,Cayo,Cayo,17.27016,-89.00067,Entire cabin,Entire home/apt,5,1.0,1.0,3.0,"[""Cooking basics"", ""Washer"", ""Bathtub"", ""Dining table"", ""Coffee maker: drip coffee maker"", ""Refrigerator"", ""Drying rack for clothing"", ""Air conditioning"", ""Hot water"", ""Oven"", ""Wifi"", ""Kitchen"", ""Electric stove"", ""Shampoo"", ""Body soap"", ""Free parking on premises"", ""Toaster"", ""Dishes and silverware""]",$120.00,1,365,t,16,42,72,346,2025-03-23,4,4,2,266,2,24,2880.0,2024-12-15,2025-03-04,4.5,5.0,4.5,5.0,5.0,5.0,5.0,,f,1
3146,3146,city scrape,Beach Front Suite,,657931120,2024-10-19,within a day,100%,f,"['email', 'phone']",t,t,Stann Creek Mainland,Stann Creek,16.614919982833833,-88.35325762931237,Room in hotel,Private room,2,1.0,1.0,1.0,"[""Fire extinguisher"", ""Dedicated workspace"", ""Beach access \u2013 Beachfront"", ""Smoke alarm"", ""First aid kit"", ""Pets allowed"", ""Carbon monoxide alarm"", ""Outdoor shower"", ""TV"", ""Air conditioning"", ""Exterior security cameras on property"", ""Free parking on premises"", ""Pool"", ""Wifi"", ""Iron"", ""Hair dryer"", ""Heating""]",$959.00,1,365,t,18,41,71,329,2025-03-23,0,0,0,253,0,0,0.0,,,,,,,,,,,t,6
3147,3147,city scrape,Ocean Breeze: Sea Side King Room,,657931120,2024-10-19,within a day,100%,f,"['email', 'phone']",t,t,Stann Creek Mainland,Stann Creek,16.61222560678149,-88.35380599797006,Room in hotel,Private room,2,1.0,1.0,1.0,"[""Fire extinguisher"", ""Dedicated workspace"", ""Beach access \u2013 Beachfront"", ""Smoke alarm"", ""First aid kit"", ""Pets allowed"", ""Carbon monoxide alarm"", ""Outdoor shower"", ""TV"", ""Air conditioning"", ""Exterior security cameras on property"", ""Free parking on premises"", ""Pool"", ""Wifi"", ""Iron"", ""Hair dryer"", ""Heating"", ""Outdoor dining area""]",$749.00,1,365,t,24,52,82,350,2025-03-23,0,0,0,270,0,0,0.0,,,,,,,,,,,t,6
3149,3149,city scrape,Bernie's Belize Hideaway,"This house sits on the water at the end of a long driveway that has two other homes as you enter the driveway. Once inside the gate, the main house is to your left and the caretaker's cabin is on your right.  This is a quiet and safe neighborhood and only an 8-minute drive from the airport.",659235347,2024-10-27,within a day,100%,f,"['email', 'phone']",t,t,Belize Mainland,Belize,17.5236771,-88.2362186,Entire home,Entire home/apt,8,0.0,4.0,4.0,"[""Dedicated workspace"", ""Extra pillows and blankets"", ""Air conditioning"", ""Smoking allowed"", ""Bed linens"", ""Kitchen"", ""Wine glasses"", ""Hair dryer"", ""Cleaning products"", ""Stove"", ""Waterfront"", ""Dryer"", ""Board games"", ""Washer"", ""Cooking basics"", ""Hangers"", ""Hot water"", ""Oven"", ""Pool"", ""Wifi"", ""Shampoo"", ""Iron"", ""Refrigerator"", ""Carbon monoxide alarm"", ""Dishes and silverware"", ""Essentials"", ""Shower gel"", ""Barbecue utensils"", ""Bathtub"", ""First aid kit"", ""Baking sheet"", ""Outdoor shower"", ""TV"", ""Books and reading material"", ""Patio or balcony"", ""Safe"", ""Blender"", ""Beach access \u2013 Beachfront"", ""Microwave"", ""Coffee"", ""Free parking on premises"", ""Dishwasher"", ""Fire extinguisher"", ""Freezer"", ""Conditioner"", ""Smoke alarm"", ""Dining table"", ""Clothing storage"", ""Exterior security cameras on property"", ""Body soap"", ""Ceiling fan"", ""Coffee maker""]",$678.00,5,14,t,22,47,77,352,2025-03-23,0,0,0,271,0,0,0.0,,,,,,,,,,,f,1
3150,3150,city scrape,Deluxe Double Room: 2 Queen Beds,,657931120,2024-10-19,within a day,100%,f,"['email', 'phone']",t,t,Stann Creek Mainland,Stann Creek,16.61302717107902,-88.35298135273894,Room in hotel,Private room,4,1.0,1.0,1.0,"[""Fire extinguisher"", ""Dedicated workspace"", ""Beach access \u2013 Beachfront"", ""Smoke alarm"", ""First aid kit"", ""Pets allowed"", ""Carbon monoxide alarm"", ""Outdoor shower"", ""TV"", ""Air conditioning"", ""Exterior security cameras on property"", ""Free parking on premises"", ""Pool"", ""Wifi"", ""Iron"", ""Hair dryer"", ""Heating"", ""Outdoor dining area""]",$854.00,1,365,t,27,57,87,359,2025-03-23,0,0,0,278,0,0,0.0,,,,,,,,,,,t,6
3151,3151,city scrape,Pool Side King Room with SeaView,,657931120,2024-10-19,within a day,100%,f,"['email', 'phone']",t,t,Stann Creek Mainland,Stann Creek,16.611933370802173,-88.35238695596979,Room in hotel,Private room,2,1.0,1.0,1.0,"[""Fire extinguisher"", ""Dedicated workspace"", ""Beach access \u2013 Beachfront"", ""Smoke alarm"", ""First aid kit"", ""Pets allowed"", ""Carbon monoxide alarm"", ""Outdoor shower"", ""TV"", ""Air conditioning"", ""Exterior security cameras on property"", ""Free parking on premises"", ""Pool"", ""Wifi"", ""Iron"", ""Hair dryer"", ""Heating"", ""Outdoor dining area""]",$801.00,1,365,t,22,44,73,345,2025-03-23,0,0,0,264,0,0,0.0,,,,,,,,,,,t,6
3152,3152,city scrape,Sea View Apartment,,657931120,2024-10-19,within a day,100%,f,"['email', 'phone']",t,t,Stann Creek Mainland,Stann Creek,16.612970570818742,-88.35430199757978,Room in hotel,Private room,2,1.0,1.0,1.0,"[""Dedicated workspace"", ""Air conditioning"", ""Kitchen"", ""Hair dryer"", ""Outdoor dining area"", ""Crib"", ""Cooking basics"", ""Pets allowed"", ""Pool"", ""Wifi"", ""Iron"", ""Carbon monoxide alarm"", ""Heating"", ""First aid kit"", ""Outdoor shower"", ""TV"", ""Beach access \u2013 Beachfront"", ""Free parking on premises"", ""Fire extinguisher"", ""Smoke alarm"", ""Exterior security cameras on property""]","$1,289.00",1,365,t,4,34,64,336,2025-03-23,0,0,0,255,0,0,0.0,,,,,,,,,,,t,6
3155,3155,city scrape,La Buena Vida - 2BR Secret Beach Off Grid Escape,Two minute golf cart drive to Secret Beach.  Plenty of bars and restaurants are located at the beach.  <br /><br />Walking:<br /><br />Secret Beach is an easy walk (10 - 15 minutes) early and later in the day. Midday may be too warm.,473525368,2022-08-05,within an hour,100%,t,"['email', 'phone']",t,t,Belize Islands,Belize,17.97096,-87.96374,Entire home,Entire home/apt,6,2.0,2.0,3.0,"[""Air conditioning"", ""Bed linens"", ""Kitchen"", ""Wine glasses"", ""Stove"", ""Toaster"", ""Outdoor dining area"", ""Board games"", ""Cooking basics"", ""Hangers"", ""Hot water"", ""Oven"", ""Portable fans"", ""Wifi"", ""Shampoo"", ""Iron"", ""Refrigerator"", ""Carbon monoxide alarm"", ""Dishes and silverware"", ""Hot water kettle"", ""Hammock"", ""Private pool - available all year"", ""Long term stays allowed"", ""Shower gel"", ""Barbecue utensils"", ""First aid kit"", ""Outdoor shower"", ""TV"", ""Safe"", ""Private BBQ grill: gas"", ""Blender"", ""Beach access \u2013 Beachfront"", ""Microwave"", ""Bidet"", ""Coffee maker: drip coffee maker, Keurig coffee machine"", ""Free parking on premises"", ""Sun loungers"", ""Fire extinguisher"", ""Conditioner"", ""Smoke alarm"", ""Dining table"", ""Clothing storage: dresser"", ""Exterior security cameras on property"", ""Outdoor furniture"", ""Housekeeping - available at extra cost"", ""Private entrance""]",$485.00,2,365,t,11,41,68,343,2025-03-23,6,6,1,262,3,36,17460.0,2024-12-13,2025-02-23,5.0,5.0,5.0,5.0,5.0,4.83,5.0,,t,13
3156,3156,city scrape,Gecko Casita (1 of 3 Casitas) - West Caye Casitas,In the mangroves less than a mile from Secret Beach.  Very private.,473525368,2022-08-05,within an hour,100%,t,"['email', 'phone']",t,t,Belize Islands,Belize,17.96973,-87.96025,Entire place,Entire home/apt,2,1.0,1.0,1.0,"[""BBQ grill"", ""Dedicated workspace"", ""Air conditioning"", ""Heating - split type ductless system"", ""Bed linens"", ""Mini fridge"", ""Wine glasses"", ""Cleaning products"", ""Toaster"", ""Cooking basics"", ""Hangers"", ""Hot water"", ""Pool"", ""Portable fans"", ""Wifi"", ""Private entrance"", ""Room-darkening shades"", ""Shampoo"", ""Iron"", ""Dishes and silverware"", ""Hot water kettle"", ""Long term stays allowed"", ""Shower gel"", ""Barbecue utensils"", ""Private patio or balcony"", ""First aid kit"", ""Coffee maker: drip coffee maker"", ""Outdoor shower"", ""Safe"", ""Pool view"", ""Beach access \u2013 Beachfront"", ""Paid parking on premises"", ""Microwave"", ""Bidet"", ""HDTV with Amazon Prime Video, Apple TV, Netflix"", ""Coffee"", ""Free parking on premises"", ""Self check-in"", ""Sun loungers"", ""Fire extinguisher"", ""Freezer"", ""Building staff"", ""Conditioner"", ""Smoke alarm"", ""Dining table"", ""Kitchenette"", ""Exterior security cameras on property"", ""Outdoor furniture"", ""Body soap"", ""Toshiba Microwave / Air Fryer oven"", ""Clothing storage: closet""]",$346.00,1,365,t,21,51,78,353,2025-03-23,1,1,1,272,0,6,2076.0,2025-02-25,2025-02-25,5.0,5.0,5.0,5.0,5.0,5.0,5.0,,f,13
3157,3157,city scrape,Lizard Casita (1 of 3 Casitas) - West Caye Casitas,In the mangroves less than a mile from Secret Beach.  Very private.,473525368,2022-08-05,within an hour,100%,t,"['email', 'phone']",t,t,Belize Islands,Belize,17.96965,-87.96009,Entire place,Entire home/apt,2,1.0,1.0,1.0,"[""Dedicated workspace"", ""Air conditioning"", ""Heating - split type ductless system"", ""Bed linens"", ""Mini fridge"", ""Toshiba Microwave Oven oven"", ""Shared BBQ grill: gas"", ""Wine glasses"", ""Cleaning products"", ""Toaster"", ""Outdoor dining area"", ""Cooking basics"", ""Hangers"", ""Hot water"", ""Pool"", ""Portable fans"", ""Wifi"", ""Room-darkening shades"", ""Shampoo"", ""Iron"", ""Dishes and silverware"", ""Hot water kettle"", ""Long term stays allowed"", ""Shower gel"", ""Barbecue utensils"", ""First aid kit"", ""Coffee maker: drip coffee maker"", ""Outdoor shower"", ""TV"", ""Patio or balcony"", ""Safe"", ""Pool view"", ""Beach access \u2013 Beachfront"", ""Microwave"", ""Bidet"", ""Coffee"", ""Free parking on premises"", ""Self check-in"", ""Sun loungers"", ""Fire extinguisher"", ""Freezer"", ""Building staff"", ""Conditioner"", ""Smoke alarm"", ""Dining table"", ""Kitchenette"", ""Exterior security cameras on property"", ""Outdoor furniture"", ""Housekeeping - available at extra cost"", ""Body soap"", ""Private entrance"", ""Clothing storage: closet""]",$346.00,1,365,t,21,51,78,353,2025-03-23,1,1,1,272,0,6,2076.0,2025-02-24,2025-02-24,5.0,5.0,5.0,5.0,5.0,5.0,5.0,,f,13
3158,3158,city scrape,Iguana Casita (1 of 3 Casitas) - West Caye Casitas,In the mangroves less than a mile from Secret Beach.  Very private.,473525368,2022-08-05,within an hour,100%,t,"['email', 'phone']",t,t,Belize Islands,Belize,17.9697,-87.96009,Entire place,Entire home/apt,2,1.0,1.0,1.0,"[""Dedicated workspace"", ""Air conditioning"", ""Heating - split type ductless system"", ""Bed linens"", ""Mini fridge"", ""Toshiba microwave oven / air fryer oven"", ""Shared BBQ grill: gas"", ""Wine glasses"", ""Cleaning products"", ""Toaster"", ""Cooking basics"", ""Hangers"", ""Hot water"", ""Pool"", ""Portable fans"", ""Wifi"", ""Room-darkening shades"", ""Shampoo"", ""Iron"", ""Dishes and silverware"", ""Hot water kettle"", ""Long term stays allowed"", ""Shower gel"", ""Barbecue utensils"", ""Private patio or balcony"", ""First aid kit"", ""Coffee maker: drip coffee maker"", ""Outdoor shower"", ""TV"", ""Safe"", ""Pool view"", ""Beach access \u2013 Beachfront"", ""Microwave"", ""Bidet"", ""Coffee"", ""Free parking on premises"", ""Self check-in"", ""Sun loungers"", ""Fire extinguisher"", ""Freezer"", ""Building staff"", ""Conditioner"", ""Smoke alarm"", ""Dining table"", ""Kitchenette"", ""Exterior security cameras on property"", ""Outdoor furniture"", ""Housekeeping - available at extra cost"", ""Body soap"", ""Private entrance"", ""Clothing storage: closet""]",$346.00,1,365,t,21,51,78,353,2025-03-23,1,1,1,272,0,6,2076.0,2025-02-24,2025-02-24,5.0,5.0,5.0,5.0,5.0,5.0,5.0,,f,13
3159,3159,previous scrape,Los Buenos Amigos - 2 Bd home w/ 3 casitas 2 pools,In the mangroves less than a mile from Secret Beach.  Very private.,473525368,2022-08-05,within an hour,100%,t,"['email', 'phone']",t,t,Belize Islands,Belize,17.97003,-87.95999,Entire guesthouse,Entire home/apt,12,,5.0,,"[""BBQ grill"", ""Outdoor playground"", ""Dedicated workspace"", ""Extra pillows and blankets"", ""Air conditioning"", ""Heating - split type ductless system"", ""Bed linens"", ""Mini fridge"", ""Kitchen"", ""Wine glasses"", ""Cleaning products"", ""Stove"", ""Toaster"", ""Outdoor dining area"", ""Cooking basics"", ""Washer"", ""Free dryer \u2013 In unit"", ""Hangers"", ""Hot water"", ""Oven"", ""Pool"", ""Portable fans"", ""Wifi"", ""Room-darkening shades"", ""Shampoo"", ""Iron"", ""Carbon monoxide alarm"", ""Refrigerator"", ""Dishes and silverware"", ""Hot water kettle"", ""Long term stays allowed"", ""Shower gel"", ""Barbecue utensils"", ""First aid kit"", ""Shared patio or balcony"", ""Coffee maker: drip coffee maker"", ""Outdoor shower"", ""TV"", ""Safe"", ""Pool view"", ""Beach access \u2013 Beachfront"", ""Microwave"", ""Bidet"", ""Coffee"", ""Free parking on premises"", ""Beach essentials"", ""Self check-in"", ""Sun loungers"", ""Fire extinguisher"", ""Building staff"", ""Conditioner"", ""Smoke alarm"", ""Dining table"", ""Clothing storage"", ""Exterior security cameras on property"", ""Outdoor furniture"", ""Body soap"", ""Private entrance""]",,1,365,t,9,39,66,341,2025-03-23,0,0,0,260,0,0,,,,,,,,,,,,f,13
3164,3164,city scrape,Modernly furnished apartment,,436695616,2021-12-19,,,f,['phone'],f,t,Corozal,Corozal,18.41329226030476,-88.40226977687958,Entire rental unit,Entire home/apt,3,1.0,1.0,1.0,"[""Dedicated workspace"", ""Air conditioning"", ""Kitchen"", ""Free parking on premises"", ""Outdoor dining area""]",$160.00,1,365,,30,60,90,365,2025-03-23,0,0,0,284,0,0,0.0,,,,,,,,,,,f,1
3169,3169,city scrape,Tropical Modern Luxury- 4BR Villa with Pool,"Placencia is a quaint beach resort village on the Caribbean coast of Belize. Renowned for its palm-lined beaches and rich culture, this area is home to Seabird, a new development of 29 homes peacefully set along Placencia Bay. <br /><br />The community offers a safe, serene, and private environment with gated security. Villa Okeanos rests on the Placencia Bay facing the glorious Cockscomb mountains. <br /><br />The Seabird neighborhood is conveniently located just half a mile from the local airport and only 2–3 miles from the village, making it easy to explore Placencia.",546035747,2023-11-11,within an hour,100%,t,"['email', 'phone']",t,t,Stann Creek Mainland,Stann Creek,16.53994291338858,-88.36541522294283,Entire home,Entire home/apt,7,3.5,4.0,5.0,"[""Boat slip"", ""Dedicated workspace"", ""Extra pillows and blankets"", ""Bay view"", ""Air conditioning"", ""Bed linens"", ""Private outdoor kitchen"", ""Kitchen"", ""Wine glasses"", ""Laundromat nearby"", ""Hair dryer"", ""Stove"", ""Outdoor dining area"", ""Waterfront"", ""Board games"", ""Cooking basics"", ""Pets allowed"", ""Free resort access"", ""Free dryer \u2013 In unit"", ""Hangers"", ""Hot water"", ""Oven"", ""Pool"", ""Wifi"", ""Room-darkening shades"", ""Shampoo"", ""Iron"", ""Refrigerator"", ""Dishes and silverware"", ""Free driveway parking on premises \u2013 2 spaces"", ""Essentials"", ""Private patio or balcony"", ""First aid kit"", ""Baking sheet"", ""Free washer \u2013 In unit"", ""Outdoor shower"", ""Mountain view"", ""TV"", ""Books and reading material"", ""Safe"", ""Private backyard"", ""Blender"", ""Pool view"", ""Fire pit"", ""Microwave"", ""Coffee"", ""Self check-in"", ""Sun loungers"", ""Fire extinguisher"", ""Building staff"", ""Conditioner"", ""Smoke alarm"", ""Dining table"", ""Clothing storage"", ""Outdoor furniture"", ""Body soap"", ""Private entrance"", ""Ceiling fan"", ""Coffee maker""]","$1,998.00",1,365,t,25,55,85,360,2025-03-23,1,1,0,279,0,6,11988.0,2025-01-05,2025-01-05,5.0,5.0,5.0,5.0,5.0,5.0,5.0,,t,15
3171,3171,city scrape,4BR Luxury Retreat - Euphonia Seabird - Villa 22,,546035747,2023-11-11,within an hour,100%,t,"['email', 'phone']",t,t,Stann Creek Mainland,Stann Creek,16.539307959626935,-88.3639994640908,Entire home,Entire home/apt,8,3.0,4.0,4.0,"[""BBQ grill"", ""Free dryer \u2013 In building"", ""Boat slip"", ""Dedicated workspace"", ""Air conditioning"", ""Bed linens"", ""Private outdoor kitchen"", ""Kitchen"", ""Wine glasses"", ""Hair dryer"", ""Toaster"", ""Outdoor dining area"", ""Waterfront"", ""Board games"", ""Washer"", ""Cooking basics"", ""Pets allowed"", ""Hot water"", ""Single oven"", ""Pool"", ""Wifi"", ""Electric stove"", ""Room-darkening shades"", ""Shampoo"", ""Iron"", ""Refrigerator"", ""Dishes and silverware"", ""Long term stays allowed"", ""Barbecue utensils"", ""Private patio or balcony"", ""First aid kit"", ""Baking sheet"", ""Single level home"", ""Coffee maker: drip coffee maker"", ""Outdoor shower"", ""TV"", ""Private backyard"", ""Blender"", ""Beach access \u2013 Beachfront"", ""Microwave"", ""Free parking on premises"", ""Self check-in"", ""Dishwasher"", ""Sun loungers"", ""Fire extinguisher"", ""Freezer"", ""Building staff"", ""Smoke alarm"", ""Dining table"", ""Clothing storage"", ""Housekeeping available from 8:00\u202fAM to 2:00\u202fAM - included with your stay"", ""Outdoor furniture"", ""Private entrance"", ""Ceiling fan""]","$1,182.00",1,365,t,6,33,62,335,2025-03-23,2,2,0,254,1,12,14184.0,2024-12-21,2025-02-17,5.0,5.0,5.0,5.0,5.0,4.5,5.0,,f,15
3178,3178,city scrape,Sunshine Suite-Blu Zen,,480076646,2022-09-18,within an hour,100%,f,['phone'],t,t,Belize Mainland,Belize,17.5677679,-88.4016041,Entire rental unit,Entire home/apt,4,2.0,2.0,2.0,"[""Air conditioning"", ""Bed linens"", ""Exercise equipment"", ""Kitchen"", ""Wine glasses"", ""Hair dryer"", ""Stove"", ""Toaster"", ""Lake access"", ""Waterfront"", ""Dryer"", ""Cooking basics"", ""Washer"", ""Gym"", ""Hangers"", ""Hot water"", ""Oven"", ""Pool"", ""Wifi"", ""Shampoo"", ""Iron"", ""Refrigerator"", ""Carbon monoxide alarm"", ""Dishes and silverware"", ""Shower gel"", ""First aid kit"", ""Bikes"", ""Outdoor shower"", ""TV"", ""Safe"", ""Blender"", ""Beach access \u2013 Beachfront"", ""Microwave"", ""Coffee"", ""Beach essentials"", ""Dishwasher"", ""Sun loungers"", ""Fire extinguisher"", ""Freezer"", ""Smoke alarm"", ""Coffee maker""]",$565.00,3,30,t,16,35,54,54,2025-03-23,1,1,1,54,0,6,3390.0,2025-02-23,2025-02-23,5.0,5.0,5.0,5.0,5.0,5.0,5.0,,t,1
3180,3180,city scrape,Trop Bliss 5 mins to int. Auto. Quiet pri Rm & bth,,573832127,2024-04-23,within an hour,100%,f,"['email', 'phone']",t,t,Belize Mainland,Belize,17.56488191076989,-88.30762868116612,Private room in home,Private room,4,1.0,1.0,2.0,"[""BBQ grill"", ""Air conditioning"", ""Kitchen"", ""Wine glasses"", ""Lock on bedroom door"", ""Washer"", ""Keypad"", ""Hot water"", ""Pool"", ""Wifi"", ""Carbon monoxide alarm"", ""First aid kit"", ""TV"", ""Free parking on premises"", ""Self check-in"", ""Fire extinguisher"", ""Smoke alarm"", ""Dining table"", ""Exterior security cameras on property""]",$311.00,1,365,t,30,60,90,364,2025-03-23,0,0,0,284,0,0,0.0,,,,,,,,,,,t,4
3181,3181,city scrape,Beautiful LaughingGull villa #23,,546035747,2023-11-11,within an hour,100%,t,"['email', 'phone']",t,t,Stann Creek Mainland,Stann Creek,16.54024719473947,-88.36307656087293,Entire home,Entire home/apt,6,3.0,3.0,3.0,"[""Dedicated workspace"", ""Air conditioning"", ""Kitchen"", ""Hair dryer"", ""Toaster"", ""Dryer"", ""Board games"", ""Washer"", ""Cooking basics"", ""BBQ grill: gas"", ""Hangers"", ""Wifi"", ""Room-darkening shades"", ""Iron"", ""Dishes and silverware"", ""Hot water kettle"", ""First aid kit"", ""Coffee maker: drip coffee maker"", ""Outdoor shower"", ""TV"", ""Books and reading material"", ""Safe"", ""Blender"", ""Free parking on premises"", ""Self check-in"", ""Dishwasher"", ""Fire extinguisher"", ""Building staff""]","$1,211.00",1,365,t,20,45,52,327,2025-03-23,4,4,1,246,1,24,29064.0,2024-12-09,2025-03-16,5.0,5.0,5.0,5.0,5.0,4.75,4.75,,t,15
3183,3183,city scrape,Tropic Bliss 5 mins from the-international irport,,573832127,2024-04-23,within an hour,100%,f,"['email', 'phone']",t,t,Belize Mainland,Belize,17.565393783998818,-88.30818861722946,Private room in home,Private room,2,0.0,0.0,1.0,"[""Fire extinguisher"", ""Washer"", ""Smoke alarm"", ""First aid kit"", ""TV"", ""Exterior security cameras on property"", ""Pool"", ""Wifi"", ""Kitchen"", ""Free parking on premises""]",$178.00,1,365,t,30,60,90,364,2025-03-23,0,0,0,284,0,0,0.0,,,,,,,,,,,t,4
3184,3184,city scrape,Overnight Stay,,557005684,2024-01-17,within an hour,100%,f,"['email', 'phone']",f,t,Belize Mainland,Belize,17.49418335274499,-88.1893096665217,Entire rental unit,Entire home/apt,4,1.0,2.0,2.0,"[""Wifi"", ""Dedicated workspace"", ""TV"", ""Air conditioning""]",$95.00,1,365,t,26,56,86,361,2025-03-23,1,1,0,280,0,6,570.0,2025-02-01,2025-02-01,3.0,5.0,4.0,4.0,4.0,4.0,3.0,,t,2
3185,3185,city scrape,2 Bedroom Seafront Condo - A2,,402636567,2021-05-20,within an hour,100%,t,"['email', 'phone']",t,t,Belize Islands,Belize,17.89224,-87.9792,Entire rental unit,Entire home/apt,4,2.0,2.0,2.0,"[""BBQ grill"", ""Boat slip"", ""Backyard"", ""Extra pillows and blankets"", ""Babysitter recommendations"", ""Air conditioning"", ""Bed linens"", ""Kitchen"", ""Wine glasses"", ""Laundromat nearby"", ""Kayak"", ""Luggage dropoff allowed"", ""Hair dryer"", ""Cleaning products"", ""Resort access"", ""Stove"", ""Toaster"", ""Outdoor dining area"", ""Waterfront"", ""Dryer"", ""Board games"", ""Washer"", ""Cooking basics"", ""Hangers"", ""Hot water"", ""Oven"", ""Pool"", ""Wifi"", ""Coffee maker"", ""Room-darkening shades"", ""Shampoo"", ""Iron"", ""Refrigerator"", ""Dishes and silverware"", ""Hot water kettle"", ""Essentials"", ""Hammock"", ""Free street parking"", ""Shower gel"", ""Long term stays allowed"", ""Barbecue utensils"", ""Bathtub"", ""First aid kit"", ""Single level home"", ""Children\u2019s dinnerware"", ""Books and reading material"", ""Patio or balcony"", ""Safe"", ""Blender"", ""Beach access \u2013 Beachfront"", ""Microwave"", ""Free parking on premises"", ""Beach essentials"", ""Dishwasher"", ""Self check-in"", ""Sun loungers"", ""Fire extinguisher"", ""Freezer"", ""Building staff"", ""Conditioner"", ""Smoke alarm"", ""Dining table"", ""Clothing storage"", ""Outdoor furniture"", ""Body soap"", ""Private entrance"", ""Ceiling fan"", ""TV with standard cable""]",$664.00,3,365,t,18,43,70,338,2025-03-23,0,0,0,257,0,0,0.0,,,,,,,,,,,t,23
3186,3186,city scrape,473) Tropical Oasis w/ Pool- sleeps 12!,,390089294,2021-02-25,within an hour,99%,f,"['email', 'phone']",t,t,Belize Mainland,Belize,17.555878890134704,-88.31463159855046,Entire home,Entire home/apt,12,4.0,4.0,5.0,"[""Dedicated workspace"", ""Extra pillows and blankets"", ""Air conditioning"", ""Bed linens"", ""Kitchen"", ""Wine glasses"", ""Cleaning products"", ""Stove"", ""Outdoor dining area"", ""Cooking basics"", ""Washer"", ""Hot water"", ""Oven"", ""Pool"", ""Wifi"", ""Refrigerator"", ""Dishes and silverware"", ""Heating"", ""Baking sheet"", ""TV"", ""Blender"", ""Microwave"", ""Coffee"", ""Free parking on premises"", ""Freezer"", ""Conditioner"", ""Clothing storage"", ""Exterior security cameras on property"", ""Coffee maker""]",$656.00,1,365,t,27,57,87,175,2025-03-23,0,0,0,175,0,0,0.0,,,,,,,,,,,f,1
3190,3190,city scrape,Camp House,,567960559,2024-03-19,,,f,"['email', 'phone']",f,t,Belize Mainland,Belize,17.48832094499752,-88.24030733783276,Private room in cabin,Private room,2,1.0,1.0,1.0,"[""Dedicated workspace"", ""Extra pillows and blankets"", ""Air conditioning"", ""Bed linens"", ""Mini fridge"", ""Kitchen"", ""Lake access"", ""Dryer"", ""Lock on bedroom door"", ""Washer"", ""Hangers"", ""Hot water"", ""Wifi"", ""Iron"", ""Essentials"", ""First aid kit"", ""TV"", ""Safe"", ""Microwave"", ""Free parking on premises"", ""Fire extinguisher"", ""Smoke alarm"", ""Clothing storage"", ""Exterior security cameras on property""]",$163.00,1,365,t,22,45,75,349,2025-03-23,0,0,0,269,0,0,0.0,,,,,,,,,,,f,2
3193,3193,city scrape,Berkshire Apartment Building,,659898814,2024-10-31,within an hour,100%,f,['phone'],t,t,Cayo,Cayo,17.2543228,-88.7732274,Entire rental unit,Entire home/apt,4,1.0,2.0,2.0,"[""Extra pillows and blankets"", ""Air conditioning"", ""Bed linens"", ""Kitchen"", ""Cleaning products"", ""Window guards"", ""Cooking basics"", ""Washer"", ""Pets allowed"", ""Hangers"", ""Free dryer \u2013 In unit"", ""Hot water"", ""Wifi"", ""Refrigerator"", ""Iron"", ""Dishes and silverware"", ""Carbon monoxide alarm"", ""Hot water kettle"", ""Long term stays allowed"", ""Gas stove"", ""First aid kit"", ""Coffee maker: drip coffee maker"", ""TV"", ""Free parking on premises"", ""Fire extinguisher"", ""Freezer"", ""Smoke alarm"", ""Dining table"", ""Ceiling fan"", ""Clothing storage: closet""]",$133.00,1,365,t,19,46,72,334,2025-03-23,4,4,2,254,0,24,3192.0,2025-01-02,2025-03-10,5.0,5.0,5.0,5.0,5.0,5.0,5.0,,f,1
3196,3196,city scrape,Casa De Mama King & Queen Rooms,,663333025,2024-11-21,within an hour,100%,f,"['email', 'phone']",f,t,Belize Mainland,Belize,17.576511756312108,-88.2991916295166,Private room in bed and breakfast,Private room,2,1.0,1.0,1.0,"[""BBQ grill"", ""Fire extinguisher"", ""Lock on bedroom door"", ""Dedicated workspace"", ""Smoke alarm"", ""Air conditioning"", ""Wifi"", ""Outdoor dining area""]",$245.00,1,365,t,30,60,90,364,2025-03-23,0,0,0,284,0,0,0.0,,,,,,,,,,,f,3
3199,3199,city scrape,Hawksbill Studio at Secret Beach,,473525368,2022-08-05,within an hour,100%,t,"['email', 'phone']",t,t,Belize Islands,Belize,17.9756,-87.96961,Private room in guesthouse,Private room,2,1.0,1.0,1.0,"[""Fire extinguisher"", ""Smoke alarm"", ""First aid kit"", ""Microwave"", ""Free parking on premises"", ""Air conditioning"", ""Exterior security cameras on property"", ""Mini fridge"", ""Pool"", ""Wifi"", ""Carbon monoxide alarm"", ""Coffee maker""]",$247.00,2,365,t,28,58,82,356,2025-03-23,1,1,0,276,0,6,1482.0,2025-01-03,2025-01-03,4.0,4.0,5.0,4.0,5.0,3.0,3.0,,f,13
3200,3200,city scrape,Leatherback Studio at Secret Beach,,473525368,2022-08-05,within an hour,100%,t,"['email', 'phone']",t,t,Belize Islands,Belize,17.97794,-87.9688,Entire guesthouse,Entire home/apt,2,1.0,1.0,1.0,"[""Fire extinguisher"", ""Smoke alarm"", ""First aid kit"", ""Microwave"", ""Free parking on premises"", ""Air conditioning"", ""Exterior security cameras on property"", ""Pool"", ""Wifi"", ""Carbon monoxide alarm"", ""Coffee maker""]",$247.00,2,365,t,0,0,0,0,2025-03-23,0,0,0,0,0,0,0.0,,,,,,,,,,,f,13
3201,3201,city scrape,Loggerhead - 2BR House at Secret Beach,,473525368,2022-08-05,within an hour,100%,t,"['email', 'phone']",t,t,Belize Islands,Belize,17.972253094601676,-87.9674583125321,Entire guesthouse,Entire home/apt,4,2.0,2.0,2.0,"[""Fire extinguisher"", ""Smoke alarm"", ""First aid kit"", ""Air conditioning"", ""Exterior security cameras on property"", ""Pool"", ""Wifi"", ""Kitchen"", ""Carbon monoxide alarm"", ""Free parking on premises"", ""Outdoor dining area""]",$495.00,2,365,t,23,53,77,352,2025-03-23,1,1,0,271,0,6,2970.0,2025-02-15,2025-02-15,5.0,5.0,5.0,5.0,5.0,5.0,5.0,,f,13
3207,3207,city scrape,The Penthouse,,666258719,2024-12-09,,,f,['email'],t,t,Cayo,Cayo,17.242689127892362,-88.76402540370484,Entire loft,Entire home/apt,5,2.0,2.0,2.0,"[""High chair"", ""Ethernet connection"", ""Dedicated workspace"", ""Extra pillows and blankets"", ""Air conditioning"", ""Bed linens"", ""Kitchen"", ""Wine glasses"", ""Hair dryer"", ""Cleaning products"", ""Toaster"", ""Outdoor dining area"", ""Sound system"", ""Board games"", ""Washer"", ""Cooking basics"", ""Keypad"", ""Free dryer \u2013 In unit"", ""Hangers"", ""Hot water"", ""Wifi"", ""Room-darkening shades"", ""Shampoo"", ""Iron"", ""Carbon monoxide alarm"", ""Refrigerator"", ""Dishes and silverware"", ""Essentials"", ""Long term stays allowed"", ""Free street parking"", ""Shower gel"", ""Stainless steel gas stove"", ""Private patio or balcony"", ""First aid kit"", ""Stainless steel single oven"", ""Coffee maker: drip coffee maker"", ""TV"", ""Safe"", ""Blender"", ""Microwave"", ""Coffee"", ""Free parking on premises"", ""Self check-in"", ""Fire extinguisher"", ""Freezer"", ""Conditioner"", ""Smoke alarm"", ""Dining table"", ""Clothing storage"", ""Exterior security cameras on property"", ""Outdoor furniture"", ""Body soap"", ""Private entrance"", ""Ceiling fan""]",$408.00,1,30,t,30,60,87,361,2025-03-23,0,0,0,281,0,0,0.0,,,,,,,,,,,t,1
3210,3210,city scrape,South Beach Unit 2,Located 12 minutes out of town by golf cart on the southern tip on Caye Caulker.  This area is known as South Point.  It is very quiet and beautiful.  You can arrange for groceries and take out to be delivered on days you just don't feel like leaving the condos.  Truely a place to kick back and relax.  We do highly recommend that you rent a golf cart or bikes.  Another option would be using taxis.  This is an eco friendly area and this community is all off grid.  We supply our own power through solar and collect rain water for bathing and cleaning.  Where elegance meets conservation.,392890027,2021-03-16,within an hour,100%,f,"['email', 'phone']",t,t,Belize Islands,Belize,17.728807844822594,-88.03707213870977,Entire rental unit,Entire home/apt,6,2.0,3.0,4.0,"[""BBQ grill"", ""Extra pillows and blankets"", ""Air conditioning"", ""Bed linens"", ""Kitchen"", ""Hair dryer"", ""Cleaning products"", ""Outdoor dining area"", ""Ocean view"", ""Hangers"", ""Hot water"", ""Pool"", ""Wifi"", ""Room-darkening shades"", ""Shampoo"", ""Iron"", ""Essentials"", ""Shower gel"", ""First aid kit"", ""Outdoor shower"", ""TV"", ""Safe"", ""Pool view"", ""Beach access \u2013 Beachfront"", ""Lockbox"", ""Free parking on premises"", ""Self check-in"", ""Fire extinguisher"", ""Beach view"", ""Smoke alarm"", ""Sea view"", ""Clothing storage"", ""Exterior security cameras on property"", ""Body soap""]",$807.00,1,365,t,13,43,73,348,2025-03-23,5,5,0,267,1,30,24210.0,2024-12-28,2025-02-16,5.0,4.8,4.8,5.0,5.0,5.0,4.8,,f,1
3213,3213,city scrape,2 Bedroom Beachfront Home in Hopkins Belize,,665417216,2024-12-04,within an hour,100%,f,"['email', 'phone']",t,t,Stann Creek Mainland,Stann Creek,16.837823869971515,-88.26884218662974,Entire home,Entire home/apt,4,2.0,2.0,2.0,"[""BBQ grill"", ""Dedicated workspace"", ""Backyard"", ""Extra pillows and blankets"", ""Air conditioning"", ""Heating - split type ductless system"", ""Bed linens"", ""Exercise equipment: yoga mat"", ""Kitchen"", ""Wine glasses"", ""Kayak"", ""Hair dryer"", ""Stove"", ""Toaster"", ""Outdoor dining area"", ""Waterfront"", ""Board games"", ""Washer"", ""Cooking basics"", ""Smart lock"", ""Pack \u2019n play/Travel crib - available upon request"", ""Free dryer \u2013 In unit"", ""Hangers"", ""Hot water"", ""Wifi"", ""Room-darkening shades"", ""Alexa  sound system"", ""Shampoo"", ""Iron"", ""Carbon monoxide alarm"", ""Outlet covers"", ""Refrigerator"", ""Dishes and silverware"", ""Hot water kettle"", ""Shower gel"", ""Free street parking"", ""Barbecue utensils"", ""Private patio or balcony"", ""Bathtub"", ""First aid kit"", ""Baking sheet"", ""Books and reading material"", ""TV"", ""Stainless steel oven"", ""Safe"", ""Blender"", ""Fire pit"", ""Beach access \u2013 Beachfront"", ""Microwave"", ""Coffee"", ""Standalone high chair"", ""Beach essentials"", ""Dishwasher"", ""Free parking on premises"", ""Sun loungers"", ""Fire extinguisher"", ""Self check-in"", ""Freezer"", ""Conditioner"", ""Smoke alarm"", ""Clothing storage"", ""Exterior security cameras on property"", ""Outdoor furniture"", ""Body soap"", ""Private entrance"", ""Ceiling fan"", ""Coffee maker""]",$711.00,3,15,t,17,43,73,347,2025-03-23,4,4,1,267,0,24,17064.0,2025-02-05,2025-03-21,5.0,5.0,5.0,4.75,5.0,5.0,4.5,,f,1
3218,3218,city scrape,Casa Santiago,,464489065,2022-06-15,within an hour,100%,f,"['email', 'phone']",t,t,Corozal,Corozal,18.359189217982035,-88.14138164047874,Entire cabin,Entire home/apt,4,1.0,2.0,2.0,"[""Pets allowed"", ""Air conditioning"", ""Hot water"", ""Wifi"", ""Kitchen"", ""Beach access \u2013 Beachfront"", ""Microwave"", ""Free parking on premises""]",$120.00,1,365,t,29,59,89,363,2025-03-23,1,1,0,283,1,6,720.0,2024-12-29,2024-12-29,4.0,4.0,5.0,5.0,5.0,5.0,3.0,,f,1
3219,3219,city scrape,SeaView Grove,,665844344,2024-12-07,within an hour,100%,f,"['email', 'phone']",t,t,Belize Mainland,Belize,17.511228,-88.20627879999999,Entire home,Entire home/apt,4,1.0,2.0,2.0,"[""Outdoor playground"", ""Dedicated workspace"", ""Backyard"", ""Extra pillows and blankets"", ""Bed linens"", ""Mini fridge"", ""Kitchen"", ""Wine glasses"", ""Laundromat nearby"", ""Cleaning products"", ""Stove"", ""Toaster"", ""Window guards"", ""Waterfront"", ""Cooking basics"", ""Washer"", ""Hangers"", ""Hot water"", ""Oven"", ""Portable fans"", ""Wifi"", ""Coffee maker"", ""Room-darkening shades"", ""Shampoo"", ""Iron"", ""Dishes and silverware"", ""LG refrigerator"", ""Essentials"", ""Hot water kettle"", ""Free street parking"", ""Shower gel"", ""Long term stays allowed"", ""Cleaning available during stay"", ""Bathtub"", ""First aid kit"", ""Baking sheet"", ""Single level home"", ""Books and reading material"", ""Shared beach access"", ""Microwave"", ""Coffee"", ""Free parking on premises"", ""Fire extinguisher"", ""Freezer"", ""Conditioner"", ""Smoke alarm"", ""Dining table"", ""AC - split type ductless system"", ""Drying rack for clothing"", ""Clothing storage"", ""Exterior security cameras on property"", ""Body soap"", ""Private entrance"", ""TV with standard cable""]",$331.00,2,27,t,28,58,88,178,2025-03-23,3,3,0,178,2,18,5958.0,2024-12-19,2025-02-13,5.0,5.0,5.0,4.67,5.0,5.0,5.0,,f,1
3222,3222,city scrape,Paradise Palms,,432056944,2021-11-15,within an hour,100%,f,['phone'],t,t,Stann Creek Mainland,Stann Creek,16.704934885347008,-88.42641278667288,Entire home,Entire home/apt,10,2.5,3.0,5.0,"[""BBQ grill"", ""Samsung refrigerator"", ""Air conditioning"", ""Bed linens"", ""Outdoor kitchen with sink"", ""Kitchen"", ""Wine glasses"", ""Cleaning products"", ""Toaster"", ""Outdoor dining area"", ""Board games"", ""Washer"", ""Cooking basics"", ""Pets allowed"", ""Hangers"", ""Hot water"", ""Pool"", ""Wifi"", ""Electric stove"", ""Room-darkening shades"", ""Shampoo"", ""Dishes and silverware"", ""Carbon monoxide alarm"", ""Hammock"", ""Heating"", ""Shower gel"", ""Cleaning available during stay"", ""Barbecue utensils"", ""Private patio or balcony"", ""Bathtub"", ""First aid kit"", ""Samsung stainless steel oven"", ""Baking sheet"", ""Coffee maker: drip coffee maker"", ""Outdoor shower"", ""TV"", ""Alexa sound system"", ""Blender"", ""Backyard - Fully fenced"", ""Microwave"", ""Coffee"", ""Free parking on premises"", ""Self check-in"", ""Dishwasher"", ""Sun loungers"", ""Fire extinguisher"", ""Freezer"", ""Building staff"", ""Conditioner"", ""Smoke alarm"", ""Dining table"", ""Clothing storage"", ""Exterior security cameras on property"", ""Outdoor furniture"", ""Body soap"", ""Private entrance"", ""Free dryer""]",$442.00,1,30,t,27,57,87,362,2025-03-23,0,0,0,281,0,0,0.0,,,,,,,,,,,f,1
3226,3226,city scrape,Happy Place,,576976016,2024-05-11,within an hour,100%,f,"['email', 'phone']",f,t,Stann Creek Mainland,Stann Creek,16.514466450810424,-88.36778516159613,Entire home,Entire home/apt,8,2.0,3.0,4.0,"[""BBQ grill"", ""Extra pillows and blankets"", ""Air conditioning"", ""Bed linens"", ""Kitchen"", ""Wine glasses"", ""Hair dryer"", ""Stove"", ""Toaster"", ""Outdoor dining area"", ""Dryer"", ""Board games"", ""Washer"", ""Cooking basics"", ""Hangers"", ""Hot water"", ""Oven"", ""Wifi"", ""Host greets you"", ""Refrigerator"", ""Iron"", ""Dishes and silverware"", ""Rice maker"", ""Hot water kettle"", ""Barbecue utensils"", ""First aid kit"", ""Baking sheet"", ""Outdoor shower"", ""TV"", ""Safe"", ""Blender"", ""Beach access \u2013 Beachfront"", ""Microwave"", ""Free parking on premises"", ""Beach essentials"", ""Fire extinguisher"", ""Freezer"", ""Smoke alarm"", ""Dining table"", ""Clothing storage"", ""Exterior security cameras on property"", ""Coffee maker""]",$636.00,1,365,t,17,33,63,337,2025-03-23,2,2,1,257,0,12,7632.0,2025-01-30,2025-03-04,5.0,4.5,5.0,5.0,5.0,5.0,5.0,,t,1
3231,3231,city scrape,King Suite Cabin Getaway on Large Fruit Farm,,462323256,2022-06-03,within an hour,100%,t,"['email', 'phone']",t,t,Cayo,Cayo,17.269986034222416,-88.88897890298682,Farm stay,Entire home/apt,3,1.0,1.0,1.0,"[""Pocket wifi"", ""Backyard"", ""Extra pillows and blankets"", ""Bed linens"", ""Mini fridge"", ""Kitchen"", ""Luggage dropoff allowed"", ""Hair dryer"", ""Cleaning products"", ""Stove"", ""Toaster"", ""Outdoor dining area"", ""Board games"", ""Washer"", ""Cooking basics"", ""Hangers"", ""Oven"", ""Portable fans"", ""Wifi"", ""Shampoo"", ""Refrigerator"", ""Dishes and silverware"", ""Hammock"", ""Long term stays allowed"", ""Shower gel"", ""Cleaning available during stay"", ""First aid kit"", ""Books and reading material"", ""Patio or balcony"", ""Safe"", ""Coffee"", ""Lockbox"", ""Free parking on premises"", ""Self check-in"", ""Fire extinguisher"", ""Freezer"", ""Dining table"", ""Drying rack for clothing"", ""Clothing storage"", ""Outdoor furniture"", ""Body soap"", ""Private entrance"", ""Ceiling fan""]",$81.00,2,91,t,27,55,85,354,2025-03-23,0,0,0,274,0,0,0.0,,,,,,,,,,,t,3
3237,3237,city scrape,Charming & Spacious APT Near Ocean-Starfish Villa,,496204188,2023-01-15,within an hour,100%,t,['phone'],t,t,Belize Mainland,Belize,17.51262,-88.21522,Entire guest suite,Entire home/apt,5,1.0,2.0,2.0,"[""Air conditioning"", ""Bed linens"", ""Mini fridge"", ""Kitchen"", ""Wine glasses"", ""Cleaning products"", ""Window guards"", ""Cooking basics"", ""Pets allowed"", ""Hangers"", ""Hot water"", ""Wifi"", ""Host greets you"", ""Room-darkening shades"", ""Shampoo"", ""Iron"", ""Carbon monoxide alarm"", ""Refrigerator"", ""Dishes and silverware"", ""Long term stays allowed"", ""Free street parking"", ""Shower gel"", ""Bathtub"", ""First aid kit"", ""Coffee maker: drip coffee maker"", ""TV"", ""Safe"", ""Microwave"", ""Fire extinguisher"", ""Freezer"", ""Conditioner"", ""Smoke alarm"", ""Dining table"", ""Drying rack for clothing"", ""Exterior security cameras on property"", ""Body soap"", ""Ceiling fan"", ""Clothing storage: closet""]",$185.00,1,365,t,7,24,54,325,2025-03-23,34,34,11,245,6,204,37740.0,2024-12-20,2025-03-21,4.85,4.88,4.94,4.97,4.94,4.68,4.85,,t,2
3238,3238,city scrape,Charming & Spacious APT Near Ocean-Seahorse Villa,,496204188,2023-01-15,within an hour,100%,t,['phone'],t,t,Belize Mainland,Belize,17.51301,-88.2149,Entire guest suite,Entire home/apt,5,1.0,2.0,2.0,"[""Air conditioning"", ""Bed linens"", ""Mini fridge"", ""Kitchen"", ""Wine glasses"", ""Cleaning products"", ""Window guards"", ""Cooking basics"", ""Pets allowed"", ""Hangers"", ""Hot water"", ""Wifi"", ""Host greets you"", ""Room-darkening shades"", ""Shampoo"", ""Iron"", ""Carbon monoxide alarm"", ""Refrigerator"", ""Dishes and silverware"", ""Long term stays allowed"", ""Free street parking"", ""Shower gel"", ""Bathtub"", ""First aid kit"", ""Coffee maker: drip coffee maker"", ""TV"", ""Safe"", ""Microwave"", ""Fire extinguisher"", ""Freezer"", ""Conditioner"", ""Smoke alarm"", ""Clothing storage"", ""Exterior security cameras on property"", ""Body soap"", ""Ceiling fan""]",$180.00,1,1125,t,16,33,63,337,2025-03-23,23,23,9,257,3,138,24840.0,2024-12-22,2025-03-18,4.96,4.96,5.0,4.91,5.0,4.91,5.0,,t,2
3239,3239,city scrape,1 Bedroom Upper Floor - Ensure Properties Belize,,667509750,2024-12-17,within a few hours,100%,f,"['email', 'phone']",f,t,Belize Mainland,Belize,17.5083215,-88.1937598,Room in hotel,Private room,3,1.0,1.0,10.0,"[""BBQ grill"", ""Fire extinguisher"", ""Dedicated workspace"", ""Smoke alarm"", ""First aid kit"", ""TV"", ""Air conditioning"", ""Exterior security cameras on property"", ""Wifi"", ""Kitchen"", ""Free parking on premises""]",$135.00,1,365,t,16,46,76,351,2025-03-23,1,1,0,270,0,6,810.0,2025-01-03,2025-01-03,4.0,5.0,5.0,5.0,5.0,4.0,5.0,,f,6
3249,3249,previous scrape,2 Bedroom 1st Floor- Ensure Properties Belize,,667509750,2024-12-17,within a few hours,100%,f,"['email', 'phone']",f,t,Belize Mainland,Belize,17.5083215,-88.1937598,Private room in guesthouse,Private room,5,,2.0,,"[""BBQ grill"", ""Fire extinguisher"", ""Dedicated workspace"", ""Washer"", ""Smoke alarm"", ""First aid kit"", ""Air conditioning"", ""TV"", ""Exterior security cameras on property"", ""Wifi"", ""Kitchen"", ""Free parking on premises""]",,1,365,t,15,44,73,348,2025-03-23,2,2,0,267,1,12,,2024-12-30,2025-01-01,5.0,5.0,4.5,4.5,5.0,5.0,5.0,,f,6
3250,3250,city scrape,Gorgeous Oceanfront 3 BR/3 BA Villa w/Pool,,668249882,2024-12-22,within a few hours,100%,f,"['email', 'phone']",f,t,Belize Islands,Belize,17.95498,-87.93967,Entire home,Entire home/apt,6,3.0,3.0,3.0,"[""Dedicated workspace"", ""Backyard"", ""Extra pillows and blankets"", ""Air conditioning"", ""Bed linens"", ""Kitchen"", ""Wine glasses"", ""Hair dryer"", ""Stove"", ""Toaster"", ""Cooking basics"", ""Hangers"", ""Hot water"", ""Oven"", ""Pool"", ""Wifi"", ""Host greets you"", ""Room-darkening shades"", ""Shampoo"", ""Refrigerator"", ""Dishes and silverware"", ""Essentials"", ""First aid kit"", ""Baking sheet"", ""Books and reading material"", ""TV"", ""Pool table"", ""Safe"", ""Beach access \u2013 Beachfront"", ""Microwave"", ""Coffee"", ""Free parking on premises"", ""Dishwasher"", ""Fire extinguisher"", ""Freezer"", ""Conditioner"", ""Smoke alarm"", ""Clothing storage"", ""Exterior security cameras on property"", ""Body soap"", ""Coffee maker""]","$1,440.00",1,365,t,12,35,47,310,2025-03-23,1,1,0,234,0,6,8640.0,2025-01-02,2025-01-02,5.0,5.0,5.0,5.0,5.0,5.0,5.0,,f,3
3253,3253,city scrape,All-inclusive Sailing Vacations,,668589127,2024-12-24,a few days or more,0%,f,"['email', 'phone']",t,t,Stann Creek Mainland,Stann Creek,16.557581340208074,-88.36593659475098,Boat,Entire home/apt,6,3.0,3.0,3.0,"[""BBQ grill"", ""Fire extinguisher"", ""Dedicated workspace"", ""First aid kit"", ""Outdoor shower"", ""TV"", ""Air conditioning"", ""Exterior security cameras on property"", ""Wifi"", ""Kitchen"", ""Beach access \u2013 Beachfront"", ""Free parking on premises"", ""Outdoor dining area""]","$5,240.00",1,365,t,29,59,89,364,2025-03-23,0,0,0,283,0,0,0.0,,,,,,,,,,,t,1
3254,3254,city scrape,Studio Apartment,"It's a fairly quiet neighborhood that has respectful residents at every turn, couple sights here and there and safe to enjoy and let loose.",655227319,2024-10-03,within an hour,100%,f,"['email', 'phone']",t,t,Belize Islands,Belize,17.74899,-88.02482,Entire rental unit,Entire home/apt,2,1.0,1.0,1.0,"[""Extra pillows and blankets"", ""Air conditioning"", ""Bed linens"", ""Mini fridge"", ""Laundromat nearby"", ""Luggage dropoff allowed"", ""Cleaning products"", ""Stove"", ""Cooking basics"", ""Oven"", ""Wifi"", ""Host greets you"", ""Shampoo"", ""Iron"", ""Dishes and silverware"", ""Hammock"", ""Essentials"", ""Long term stays allowed"", ""Free street parking"", ""Shower gel"", ""First aid kit"", ""Patio or balcony"", ""TV"", ""Beach access \u2013 Beachfront"", ""Microwave"", ""Fire extinguisher"", ""Beach view"", ""Housekeeping available from 11:30\u202fAM to 12:30\u202fPM, every day - included with your stay"", ""Conditioner"", ""Smoke alarm"", ""Dining table"", ""Kitchenette"", ""Sea view"", ""Exterior security cameras on property"", ""Outdoor furniture"", ""Body soap"", ""Coffee maker""]",$158.00,2,365,t,0,3,30,244,2025-03-23,3,3,0,217,0,18,2844.0,2025-01-08,2025-01-27,5.0,5.0,5.0,5.0,5.0,5.0,5.0,,t,2
3258,3258,city scrape,1 Bedroom - Ensure Properties Belize,,667509750,2024-12-17,within a few hours,100%,f,"['email', 'phone']",f,t,Belize Mainland,Belize,17.5077,-88.19433,Private room in home,Private room,3,1.0,1.0,10.0,"[""BBQ grill"", ""Fire extinguisher"", ""Dedicated workspace"", ""Smoke alarm"", ""First aid kit"", ""TV"", ""Air conditioning"", ""Exterior security cameras on property"", ""Wifi"", ""Kitchen"", ""Free parking on premises""]",$120.00,1,365,t,16,46,76,350,2025-03-23,0,0,0,270,0,0,0.0,,,,,,,,,,,f,6
3259,3259,city scrape,Full House - Ensure Properties,,667509750,2024-12-17,within a few hours,100%,f,"['email', 'phone']",f,t,Belize Mainland,Belize,17.50924,-88.19263,Room in hotel,Private room,3,1.0,8.0,10.0,"[""BBQ grill"", ""Fire extinguisher"", ""Dedicated workspace"", ""Smoke alarm"", ""First aid kit"", ""TV"", ""Air conditioning"", ""Exterior security cameras on property"", ""Wifi"", ""Kitchen"", ""Free parking on premises""]",$960.00,1,365,t,16,46,76,351,2025-03-23,0,0,0,270,0,0,0.0,,,,,,,,,,,f,6
3260,3260,city scrape,2 bedroom Ground floor - Ensure Properties,,667509750,2024-12-17,within a few hours,100%,f,"['email', 'phone']",f,t,Belize Mainland,Belize,17.50405,-88.18808,Private room in guesthouse,Private room,5,1.0,2.0,3.0,"[""BBQ grill"", ""Fire extinguisher"", ""Dedicated workspace"", ""Washer"", ""Smoke alarm"", ""First aid kit"", ""Air conditioning"", ""TV"", ""Exterior security cameras on property"", ""Wifi"", ""Kitchen"", ""Free parking on premises""]",$271.00,1,365,t,15,43,73,347,2025-03-23,0,0,0,266,0,0,0.0,,,,,,,,,,,f,6
3267,3267,city scrape,Green Jay Cabin 1,,670249117,2025-01-02,within a few hours,100%,f,"['email', 'phone']",t,t,Cayo,Cayo,17.13001,-89.05496,Entire cabin,Entire home/apt,3,1.0,1.0,2.0,"[""Fire extinguisher"", ""Cooking basics"", ""Smoke alarm"", ""Free parking on premises"", ""Refrigerator"", ""Air conditioning"", ""Hot water"", ""Coffee"", ""Wifi"", ""Kitchen"", ""Outdoor dining area"", ""Shampoo"", ""Host greets you"", ""Body soap"", ""Hair dryer"", ""Stove"", ""Toaster"", ""Dishes and silverware""]",$517.00,2,365,t,30,60,90,365,2025-03-23,1,1,1,284,0,6,3102.0,2025-03-02,2025-03-02,5.0,5.0,5.0,5.0,5.0,5.0,5.0,,t,2
3268,3268,city scrape,We rent hotel rooms & golf carts,,670779925,2025-01-04,within an hour,100%,f,"['email', 'phone']",t,t,Belize Islands,Belize,17.92643,-87.95887,Private room in rental unit,Private room,2,1.0,2.0,1.0,"[""Fire extinguisher"", ""Lock on bedroom door"", ""Building staff"", ""Washer"", ""Smoke alarm"", ""First aid kit"", ""Extra pillows and blankets"", ""TV"", ""Hangers"", ""Clothing storage"", ""Safe"", ""Air conditioning"", ""Exterior security cameras on property"", ""Wifi"", ""Room-darkening shades"", ""Beach access \u2013 Beachfront"", ""Free parking on premises"", ""Self check-in""]",$135.00,1,365,t,30,60,90,365,2025-03-23,2,2,1,284,0,12,1620.0,2025-02-13,2025-02-23,5.0,5.0,5.0,5.0,5.0,5.0,5.0,,f,1
3273,3273,city scrape,Waterfront 4bdrm villa 24 with pool and dock.,,546035747,2023-11-11,within an hour,100%,t,"['email', 'phone']",t,t,Stann Creek Mainland,Stann Creek,16.54066,-88.3625,Entire home,Entire home/apt,8,3.0,4.0,3.0,"[""BBQ grill"", ""Boat slip"", ""Dedicated workspace"", ""Air conditioning"", ""Bed linens"", ""Kitchen"", ""Wine glasses"", ""Housekeeping available from 8:00\u202fAM to 3:00\u202fPM - included with your stay"", ""Luggage dropoff allowed"", ""Hair dryer"", ""Stove"", ""Toaster"", ""Outdoor dining area"", ""Waterfront"", ""Cooking basics"", ""Washer"", ""Pets allowed"", ""Free dryer \u2013 In unit"", ""Hangers"", ""Hot water"", ""Oven"", ""Pool"", ""Wifi"", ""Room-darkening shades"", ""Shampoo"", ""Iron"", ""Refrigerator"", ""Dishes and silverware"", ""Hot water kettle"", ""Rice maker"", ""Long term stays allowed"", ""Barbecue utensils"", ""Private patio or balcony"", ""First aid kit"", ""Baking sheet"", ""Single level home"", ""Outdoor shower"", ""TV"", ""Safe"", ""Private backyard"", ""Blender"", ""Microwave"", ""Free parking on premises"", ""Self check-in"", ""Dishwasher"", ""Sun loungers"", ""Fire extinguisher"", ""Freezer"", ""Building staff"", ""Conditioner"", ""Smoke alarm"", ""Dining table"", ""Clothing storage"", ""Outdoor furniture"", ""Private entrance"", ""Ceiling fan"", ""Coffee maker""]","$1,211.00",1,365,t,16,41,69,339,2025-03-23,0,0,0,258,0,0,0.0,,,,,,,,,,,t,15
3276,3276,city scrape,Belize Reef Escape - Mahi Mahi Cabana,,671946700,2025-01-09,,,f,"['email', 'phone']",t,t,Belize Islands,Belize,17.55252,-88.07604,Room in hotel,Private room,2,1.0,1.0,1.0,"[""Fire extinguisher"", ""Beach view"", ""Smoke alarm"", ""First aid kit"", ""Air conditioning"", ""Wifi"", ""Beach access \u2013 Beachfront"", ""Paid dryer"", ""Carbon monoxide alarm"", ""Dishwasher""]",$931.00,1,60,t,27,57,87,362,2025-03-23,0,0,0,281,0,0,0.0,,,,,,,,,,,f,8
3277,3277,city scrape,Belize Reef Escape - Yellow Tail Snapper Cabana,,671946700,2025-01-09,,,f,"['email', 'phone']",t,t,Belize Islands,Belize,17.55264,-88.07515,Private room in island,Private room,3,1.0,1.0,1.0,"[""Fire extinguisher"", ""Lock on bedroom door"", ""Smoke alarm"", ""First aid kit"", ""Air conditioning"", ""Wifi"", ""Beach access \u2013 Beachfront"", ""Carbon monoxide alarm""]",$760.00,2,60,t,30,60,90,364,2025-03-23,0,0,0,284,0,0,0.0,,,,,,,,,,,t,8
3283,3283,city scrape,Tee’s Place,,672460976,2025-01-12,within an hour,100%,f,"['email', 'phone']",t,t,Stann Creek Mainland,Stann Creek,16.845404660883844,-88.27770732343197,Entire condo,Entire home/apt,2,1.0,1.0,1.0,"[""Dining table"", ""Coffee maker: drip coffee maker"", ""TV"", ""Air conditioning"", ""Exterior security cameras on property"", ""Mini fridge"", ""Single oven"", ""Wifi"", ""Kitchen"", ""Microwave"", ""Free parking on premises"", ""Gas stove""]",$170.00,2,365,t,22,52,82,172,2025-03-23,0,0,0,172,0,0,0.0,,,,,,,,,,,f,1
3285,3285,previous scrape,Belize Reef Escape - Full Resort,,671946700,2025-01-09,,,f,"['email', 'phone']",t,t,Belize Islands,Belize,17.55341,-88.07652,Room in hotel,Private room,16,,11.0,,"[""Fire extinguisher"", ""Smoke alarm"", ""First aid kit"", ""Air conditioning"", ""Wifi"", ""Beach access \u2013 Beachfront"", ""Carbon monoxide alarm""]",,1,365,t,30,60,90,365,2025-03-23,0,0,0,284,0,0,,,,,,,,,,,,f,8
3286,3286,city scrape,Belize Reef Escape - Sea Turtle  Suite,,671946700,2025-01-09,,,f,"['email', 'phone']",t,t,Belize Mainland,Belize,17.190879988901642,-88.49865187061467,Room in hotel,Private room,3,1.0,1.0,1.0,"[""Fire extinguisher"", ""Smoke alarm"", ""First aid kit"", ""Air conditioning"", ""Wifi"", ""Beach access \u2013 Beachfront"", ""Carbon monoxide alarm""]",$864.00,1,60,t,27,57,87,362,2025-03-23,0,0,0,281,0,0,0.0,,,,,,,,,,,f,8
3287,3287,city scrape,Belize Reef Escape - 2 BR Condo (Blue Hole),,671946700,2025-01-09,,,f,"['email', 'phone']",t,t,Belize Islands,Belize,17.55131,-88.07463,Entire villa,Entire home/apt,5,2.0,2.0,2.0,"[""Fire extinguisher"", ""Free dryer \u2013 In building"", ""Smoke alarm"", ""First aid kit"", ""Air conditioning"", ""Bed linens"", ""Wifi"", ""Beach access \u2013 Beachfront"", ""Carbon monoxide alarm""]","$2,304.00",2,365,t,27,57,87,362,2025-03-23,0,0,0,281,0,0,0.0,,,,,,,,,,,f,8
3288,3288,city scrape,Belize Reef Escape - 3 BR Condo,,671946700,2025-01-09,,,f,"['email', 'phone']",t,t,Belize Islands,Belize,17.55349,-88.07514,Room in hotel,Private room,8,3.0,3.0,3.0,"[""BBQ grill"", ""Backyard"", ""Extra pillows and blankets"", ""Air conditioning"", ""Bed linens"", ""Mini fridge"", ""Wine glasses"", ""Hair dryer"", ""Waterfront"", ""Dryer"", ""Breakfast"", ""Hangers"", ""Hot water"", ""Wifi"", ""Shampoo"", ""Iron"", ""Carbon monoxide alarm"", ""Essentials"", ""Shower gel"", ""First aid kit"", ""Safe"", ""Blender"", ""Fire pit"", ""Beach access \u2013 Beachfront"", ""Microwave"", ""Coffee"", ""Beach essentials"", ""Dishwasher"", ""Fire extinguisher"", ""Smoke alarm"", ""Clothing storage"", ""Body soap"", ""Private entrance"", ""Ceiling fan"", ""Coffee maker""]","$3,168.00",1,365,t,30,60,90,365,2025-03-23,0,0,0,284,0,0,0.0,,,,,,,,,,,f,8
3289,3289,city scrape,Belize Reef Escape - 2 BR Penthouse,,671946700,2025-01-09,,,f,"['email', 'phone']",t,t,Belize Islands,Belize,17.55302,-88.07476,Room in hotel,Private room,6,2.0,2.0,2.0,"[""Extra pillows and blankets"", ""Air conditioning"", ""Bed linens"", ""Wine glasses"", ""Hair dryer"", ""BBQ grill: charcoal, wood-burning"", ""Outdoor dining area"", ""Breakfast"", ""Hangers"", ""Hot water"", ""Wifi"", ""Carbon monoxide alarm"", ""Hot water kettle"", ""Barbecue utensils"", ""First aid kit"", ""Coffee maker: drip coffee maker"", ""Blender"", ""Beach access \u2013 Beachfront"", ""Microwave"", ""Coffee"", ""Fire extinguisher"", ""Smoke alarm"", ""Private entrance"", ""Ceiling fan""]","$2,496.00",2,60,t,27,57,87,362,2025-03-23,0,0,0,281,0,0,0.0,,,,,,,,,,,f,8
3290,3290,city scrape,Kin Lodge Coatimundi,"Quite residential area with a big resort next door where is possible to enjoy and use their services such restaurants, tennis court, pickle ball, roof top bar, mini golf, gym. <br />We have a private beach in front of the lodge across the street just 1 minute walking.",532067567,2023-08-15,within an hour,100%,f,"['email', 'phone']",f,t,Stann Creek Mainland,Stann Creek,16.58611,-88.36294,Tiny home,Entire home/apt,3,1.0,1.0,2.0,"[""Fire extinguisher"", ""Smoke alarm"", ""First aid kit"", ""Outdoor shower"", ""TV"", ""Air conditioning"", ""Pool"", ""Wifi"", ""Kitchen"", ""Host greets you"", ""Beach access \u2013 Beachfront"", ""Resort access"", ""Free parking on premises"", ""Outdoor dining area""]",$361.00,1,365,t,30,60,90,364,2025-03-23,1,1,1,284,0,6,2166.0,2025-03-06,2025-03-06,5.0,5.0,5.0,5.0,5.0,5.0,5.0,,t,1
3291,3291,city scrape,Joyce Garden Hotel,,668986908,2024-12-26,within a few hours,100%,f,"['email', 'phone']",f,t,Belize Mainland,Belize,17.444784818233703,-88.39952869699582,Room in hotel,Private room,2,1.0,1.0,1.0,"[""Piano"", ""Dedicated workspace"", ""Air conditioning"", ""Bed linens"", ""Hair dryer"", ""Cleaning products"", ""Outdoor dining area"", ""Hangers"", ""Hot water"", ""Wifi"", ""Host greets you"", ""Shampoo"", ""First aid kit"", ""TV"", ""Pool table"", ""Free parking on premises"", ""Fire extinguisher"", ""Smoke alarm"", ""Exterior security cameras on property"", ""Body soap""]",$122.00,1,20,t,22,50,79,354,2025-03-23,1,1,1,273,0,6,732.0,2025-02-27,2025-02-27,5.0,5.0,5.0,5.0,5.0,5.0,5.0,,f,1
3297,3297,city scrape,Isleta #1 - Cozy 2 bedroom apartment,,572875223,2024-04-17,within an hour,100%,f,"['email', 'phone']",t,t,Belize Islands,Belize,17.740454974647935,-88.0255823736391,Entire home,Entire home/apt,4,1.0,2.0,3.0,"[""Air conditioning"", ""Bed linens"", ""Kitchen"", ""Laundromat nearby"", ""Hair dryer"", ""Stove"", ""Toaster"", ""Shared backyard \u2013 Fully fenced"", ""Cooking basics"", ""Hangers"", ""Hot water"", ""Oven"", ""Wifi"", ""Refrigerator"", ""Shampoo"", ""Iron"", ""Dishes and silverware"", ""Long term stays allowed"", ""Shower gel"", ""Private patio or balcony"", ""First aid kit"", ""Coffee maker: drip coffee maker"", ""Safe"", ""Microwave"", ""Free parking on premises"", ""Fire extinguisher"", ""Freezer"", ""Smoke alarm"", ""Dining table"", ""Ceiling fan""]",$236.00,2,365,t,13,34,63,332,2025-03-23,3,3,3,252,0,18,4248.0,2025-02-23,2025-03-19,4.67,5.0,5.0,5.0,5.0,5.0,5.0,,t,6
3298,3298,city scrape,K.S.G. Cabanas,,582776883,2024-06-10,within an hour,100%,f,['phone'],t,t,Stann Creek Mainland,Stann Creek,16.930318,-88.342924,Entire cabin,Entire home/apt,2,1.0,1.0,1.0,"[""Fire extinguisher"", ""Backyard"", ""Conditioner"", ""Bathtub"", ""Room-darkening shades"", ""Smoke alarm"", ""Extra pillows and blankets"", ""Air conditioning"", ""Bed linens"", ""Fire pit"", ""Shampoo"", ""Iron"", ""Body soap"", ""Hair dryer"", ""Bidet"", ""Free parking on premises""]",$178.00,1,365,t,29,59,89,363,2025-03-23,0,0,0,283,0,0,0.0,,,,,,,,,,,t,1
3299,3299,city scrape,Casa Sue & Roo,,535476334,2023-09-04,within a few hours,100%,f,['phone'],f,t,Corozal,Corozal,18.38824585045159,-88.39166063815355,Entire home,Entire home/apt,6,2.0,3.0,3.0,"[""36 inch TV with Fire TV"", ""Hot water"", ""Wifi"", ""Kitchen"", ""Host greets you"", ""Free driveway parking on premises \u2013 1 space""]",$149.00,2,365,t,28,58,88,356,2025-03-23,1,1,1,276,0,6,894.0,2025-03-12,2025-03-12,5.0,5.0,5.0,5.0,5.0,5.0,5.0,,f,2
3300,3300,city scrape,The Green Iguana View,,535476334,2023-09-04,within a few hours,100%,f,['phone'],f,t,Corozal,Corozal,18.39513,-88.39273,Private room in home,Private room,2,1.0,1.0,1.0,"[""Extra pillows and blankets"", ""Bed linens"", ""Mini fridge"", ""Kitchen"", ""Stove"", ""Lock on bedroom door"", ""Cooking basics"", ""Oven"", ""Portable fans"", ""Wifi"", ""Host greets you"", ""Refrigerator"", ""Shampoo"", ""Dishes and silverware"", ""Long term stays allowed"", ""TV"", ""Free parking on premises"", ""Dining table"", ""Clothing storage"", ""Exterior security cameras on property"", ""Private living room"", ""Body soap"", ""Ceiling fan""]",$81.00,2,365,t,30,60,90,364,2025-03-23,2,2,0,284,0,12,972.0,2025-01-31,2025-02-18,4.5,4.0,4.5,4.5,4.5,5.0,4.5,,t,2
3301,3301,city scrape,Budget rooms near Airport!,,674017746,2025-01-19,within an hour,100%,f,"['email', 'phone']",t,t,Belize Mainland,Belize,17.55725,-88.28412,Private room in rental unit,Private room,2,1.0,1.0,2.0,"[""Fire extinguisher"", ""Lock on bedroom door"", ""Dedicated workspace"", ""Smoke alarm"", ""First aid kit"", ""Pets allowed"", ""Extra pillows and blankets"", ""TV"", ""Air conditioning"", ""Bed linens"", ""Exterior security cameras on property"", ""Wifi"", ""Kitchen"", ""Free parking on premises""]",$270.00,1,365,t,30,60,90,364,2025-03-23,1,1,0,284,0,6,1620.0,2025-01-22,2025-01-22,5.0,5.0,5.0,5.0,5.0,5.0,5.0,,t,4
3302,3302,city scrape,Carrican Unit 2,,651658715,2024-09-12,within an hour,100%,f,"['email', 'phone']",f,t,Stann Creek Mainland,Stann Creek,16.851257495486237,-88.27958611665139,Entire home,Entire home/apt,4,2.0,2.0,2.0,"[""Extra pillows and blankets"", ""Air conditioning"", ""Bed linens"", ""Kitchen"", ""Toaster"", ""Waterfront"", ""Cooking basics"", ""Washer"", ""Free dryer \u2013 In unit"", ""Hangers"", ""Hot water"", ""Oven"", ""Wifi"", ""Room-darkening shades"", ""Shampoo"", ""Iron"", ""Refrigerator"", ""Dishes and silverware"", ""Hot water kettle"", ""Gas stove"", ""Private patio or balcony"", ""Bathtub"", ""First aid kit"", ""Bikes"", ""Coffee maker: drip coffee maker"", ""Safe"", ""Blender"", ""Beach access \u2013 Beachfront"", ""Microwave"", ""Coffee"", ""Free parking on premises"", ""Dishwasher"", ""Fire extinguisher"", ""Conditioner"", ""Smoke alarm"", ""Dining table"", ""Clothing storage"", ""Outdoor furniture"", ""Body soap"", ""Ceiling fan""]",$293.00,2,365,t,14,34,64,267,2025-03-23,1,1,1,234,0,6,1758.0,2025-03-03,2025-03-03,5.0,5.0,5.0,5.0,5.0,5.0,5.0,,t,2
3303,3303,city scrape,Budget Rooms Near Airport,,674017746,2025-01-19,within an hour,100%,f,"['email', 'phone']",t,t,Belize Mainland,Belize,17.558351274670166,-88.28499153256416,Private room in rental unit,Private room,2,1.0,1.0,2.0,"[""Fire extinguisher"", ""Lock on bedroom door"", ""Smoke alarm"", ""First aid kit"", ""TV"", ""Air conditioning"", ""Exterior security cameras on property"", ""Wifi"", ""Free parking on premises""]",$270.00,1,365,t,30,60,90,364,2025-03-23,0,0,0,284,0,0,0.0,,,,,,,,,,,f,4
3304,3304,city scrape,Private rooms near Airport!,,674017746,2025-01-19,within an hour,100%,f,"['email', 'phone']",t,t,Belize Mainland,Belize,17.558439499617126,-88.28495498746634,Private room in rental unit,Private room,2,1.0,1.0,2.0,"[""Fire extinguisher"", ""Lock on bedroom door"", ""Smoke alarm"", ""First aid kit"", ""TV"", ""Air conditioning"", ""Exterior security cameras on property"", ""Wifi"", ""Kitchen"", ""Free parking on premises"", ""Outdoor dining area""]",$270.00,1,365,t,30,60,90,364,2025-03-23,0,0,0,284,0,0,0.0,,,,,,,,,,,f,4
3305,3305,city scrape,Queen's Room @ Mama's,,663333025,2024-11-21,within an hour,100%,f,"['email', 'phone']",f,t,Belize Mainland,Belize,17.55890318907842,-88.29060075242738,Private room in bed and breakfast,Private room,3,1.0,1.0,2.0,"[""BBQ grill"", ""Fire extinguisher"", ""Lock on bedroom door"", ""Dedicated workspace"", ""Smoke alarm"", ""Air conditioning"", ""Exterior security cameras on property"", ""Wifi"", ""Outdoor dining area""]",$117.00,1,365,t,30,60,90,364,2025-03-23,1,1,0,284,0,6,702.0,2025-01-25,2025-01-25,5.0,4.0,5.0,4.0,5.0,4.0,5.0,,f,3
3306,3306,city scrape,King's Room @ Mama's,,663333025,2024-11-21,within an hour,100%,f,"['email', 'phone']",f,t,Belize Mainland,Belize,17.557830459202506,-88.28983722443387,Private room in bed and breakfast,Private room,3,1.0,1.0,2.0,"[""BBQ grill"", ""Fire extinguisher"", ""Lock on bedroom door"", ""Dedicated workspace"", ""Smoke alarm"", ""Air conditioning"", ""Exterior security cameras on property"", ""Wifi"", ""Outdoor dining area""]",$143.00,1,365,t,30,60,90,364,2025-03-23,0,0,0,284,0,0,0.0,,,,,,,,,,,f,3
3307,3307,city scrape,Belize Reef Escape - Full House,,671946700,2025-01-09,,,f,"['email', 'phone']",t,t,Belize Islands,Belize,17.55252,-88.07626,Entire guesthouse,Entire home/apt,15,4.0,5.0,5.0,"[""Air conditioning"", ""Wifi"", ""TV"", ""Washer""]","$5,664.00",1,365,t,30,60,90,365,2025-03-23,0,0,0,284,0,0,0.0,,,,,,,,,,,t,8
3308,3308,city scrape,Sunset Villa,,428398152,2021-10-21,within an hour,100%,f,"['email', 'phone']",t,f,Stann Creek Mainland,Stann Creek,16.56540926959082,-88.36510402428488,Entire villa,Entire home/apt,4,2.5,2.0,2.0,"[""Fire extinguisher"", ""Lake access"", ""Dedicated workspace"", ""Washer"", ""Smoke alarm"", ""First aid kit"", ""Air conditioning"", ""TV"", ""Pool"", ""Wifi"", ""Kitchen"", ""Host greets you"", ""Free parking on premises"", ""Outdoor dining area""]",$400.00,1,60,t,0,3,24,157,2025-03-23,2,2,2,157,0,12,4800.0,2025-02-22,2025-03-07,4.5,5.0,4.5,5.0,5.0,5.0,4.5,,t,3
3310,3310,city scrape,Green Rock Double Cabin Escape,,536128754,2023-09-08,within an hour,100%,f,"['email', 'phone']",t,t,Cayo,Cayo,17.260345688096077,-88.66101275628061,Entire cabin,Entire home/apt,4,1.0,2.0,2.0,"[""BBQ grill"", ""Fire extinguisher"", ""Smoke alarm"", ""First aid kit"", ""TV"", ""Air conditioning"", ""Exterior security cameras on property"", ""Pool"", ""Wifi"", ""Kitchen"", ""Fire pit"", ""Free parking on premises"", ""Outdoor dining area""]",$169.00,1,365,t,29,59,89,364,2025-03-23,1,1,0,283,0,6,1014.0,2025-02-08,2025-02-08,4.0,5.0,4.0,3.0,5.0,5.0,4.0,,f,3
3312,3312,city scrape,Mata Rocks: Ocean View J. Suite King & Bunk,,664559874,2024-11-29,,,f,"['email', 'phone']",t,t,Belize Islands,Belize,17.904563522787818,-87.97434433958288,Room in hotel,Private room,4,1.0,1.0,2.0,"[""Fire extinguisher"", ""Smoke alarm"", ""First aid kit"", ""Outdoor shower"", ""TV"", ""Air conditioning"", ""Exterior security cameras on property"", ""Pool"", ""Wifi"", ""Kitchen"", ""Beach access \u2013 Beachfront"", ""Free parking on premises""]",$371.00,1,365,t,6,36,66,259,2025-03-23,1,1,1,259,0,6,2226.0,2025-02-27,2025-02-27,5.0,5.0,5.0,5.0,5.0,5.0,5.0,,t,5
3313,3313,city scrape,Tracy's Island Retreat 1bdrm Hideaway,,489789834,2022-11-30,within an hour,100%,f,['phone'],f,f,Belize Islands,Belize,17.9095821,-87.9727798,Entire rental unit,Entire home/apt,2,1.0,1.0,1.0,"[""BBQ grill"", ""Fire extinguisher"", ""Smoke alarm"", ""First aid kit"", ""Keypad"", ""TV"", ""Air conditioning"", ""Exterior security cameras on property"", ""Pool"", ""Wifi"", ""Kitchen"", ""Free parking on premises"", ""Self check-in""]",$209.00,4,60,t,28,58,88,355,2025-03-23,0,0,0,274,0,0,0.0,,,,,,,,,,,f,2
3314,3314,city scrape,Cascada Maya Caye Caulker,,425629722,2021-10-02,within an hour,100%,t,"['email', 'phone']",t,t,Belize Islands,Belize,17.735275672777508,-88.02881993599533,Room in hotel,Private room,2,1.0,1.0,1.0,"[""BBQ grill"", ""Fire extinguisher"", ""Smart lock"", ""First aid kit"", ""Outdoor shower"", ""Air conditioning"", ""Pool"", ""Wifi"", ""Fire pit"", ""Refrigerator"", ""Free parking on premises"", ""Self check-in""]",$225.00,1,365,t,23,46,76,350,2025-03-23,0,0,0,269,0,0,0.0,,,,,,,,,,,f,4
3315,3315,city scrape,Cascada Maya Caye Caulker,,425629722,2021-10-02,within an hour,100%,t,"['email', 'phone']",t,t,Belize Islands,Belize,17.7364634,-88.0278591,Room in hotel,Private room,2,1.0,1.0,1.0,"[""BBQ grill"", ""Fire extinguisher"", ""Smart lock"", ""First aid kit"", ""Free parking on premises"", ""Outdoor shower"", ""Air conditioning"", ""Pool"", ""Wifi"", ""Kitchen"", ""Fire pit"", ""Refrigerator"", ""Dishes and silverware"", ""Coffee maker"", ""Self check-in""]",$225.00,1,365,t,26,49,79,354,2025-03-23,4,4,1,273,0,24,5400.0,2025-02-07,2025-03-10,4.75,4.75,5.0,5.0,5.0,4.75,4.75,,f,4
3316,3316,city scrape,Mata Rocks: Ocean View J. Suite Pool Deck: 2 Queen,,664559874,2024-11-29,,,f,"['email', 'phone']",t,t,Belize Islands,Belize,17.905228,-87.97520399999999,Room in hotel,Private room,4,1.0,1.0,2.0,"[""Fire extinguisher"", ""Smoke alarm"", ""First aid kit"", ""Outdoor shower"", ""TV"", ""Air conditioning"", ""Exterior security cameras on property"", ""Pool"", ""Wifi"", ""Kitchen"", ""Beach access \u2013 Beachfront"", ""Free parking on premises""]",$324.00,1,365,t,16,46,76,270,2025-03-23,0,0,0,270,0,0,0.0,,,,,,,,,,,t,5
3317,3317,city scrape,Mata Rocks: Ocean View Junior Suite Pool Deck,,664559874,2024-11-29,,,f,"['email', 'phone']",t,t,Belize Islands,Belize,17.906405775771162,-87.97405301110149,Room in hotel,Private room,3,1.0,1.0,2.0,"[""Fire extinguisher"", ""Smoke alarm"", ""First aid kit"", ""Outdoor shower"", ""TV"", ""Air conditioning"", ""Exterior security cameras on property"", ""Pool"", ""Wifi"", ""Kitchen"", ""Beach access \u2013 Beachfront"", ""Free parking on premises""]",$322.00,1,365,t,14,36,66,260,2025-03-23,0,0,0,260,0,0,0.0,,,,,,,,,,,t,5
3318,3318,previous scrape,Mata Rocks: Ocean View Junior Suite Balcony,,673406823,2025-01-16,within an hour,77%,,"['email', 'phone']",t,t,Belize Islands,Belize,17.905228,-87.97520399999999,Room in hotel,Private room,3,,1.0,,"[""Fire extinguisher"", ""Smoke alarm"", ""First aid kit"", ""Outdoor shower"", ""TV"", ""Air conditioning"", ""Exterior security cameras on property"", ""Pool"", ""Wifi"", ""Kitchen"", ""Beach access \u2013 Beachfront"", ""Free parking on premises""]",,1,365,t,27,57,87,281,2025-03-23,0,0,0,281,0,0,,,,,,,,,,,,t,2
3319,3319,city scrape,Mata Rocks: Oceanfront Junior Suite,,664559874,2024-11-29,,,f,"['email', 'phone']",t,t,Belize Islands,Belize,17.905228,-87.97520399999999,Room in hotel,Private room,2,1.0,1.0,1.0,"[""Fire extinguisher"", ""Smoke alarm"", ""First aid kit"", ""Outdoor shower"", ""TV"", ""Air conditioning"", ""Exterior security cameras on property"", ""Pool"", ""Wifi"", ""Kitchen"", ""Beach access \u2013 Beachfront"", ""Free parking on premises""]",$340.00,1,365,t,30,60,90,284,2025-03-23,1,1,1,284,0,6,2040.0,2025-03-01,2025-03-01,5.0,4.0,4.0,3.0,4.0,5.0,5.0,,t,5
3320,3320,city scrape,Mata Rocks: Ocean View Pool Deck Queens,,664559874,2024-11-29,,,f,"['email', 'phone']",t,t,Belize Islands,Belize,17.905228,-87.97520399999999,Room in hotel,Private room,4,1.0,1.0,2.0,"[""Fire extinguisher"", ""Smoke alarm"", ""First aid kit"", ""Outdoor shower"", ""TV"", ""Air conditioning"", ""Exterior security cameras on property"", ""Pool"", ""Wifi"", ""Kitchen"", ""Beach access \u2013 Beachfront"", ""Free parking on premises""]",$341.00,1,365,t,30,60,90,284,2025-03-23,2,2,0,284,0,12,4092.0,2025-02-02,2025-02-10,5.0,5.0,5.0,5.0,5.0,5.0,5.0,,t,5
3321,3321,previous scrape,Mata Rocks: Ocean View Pool Deck,,673406823,2025-01-16,within an hour,77%,,"['email', 'phone']",t,t,Belize Islands,Belize,17.90585441486294,-87.9759996550411,Room in hotel,Private room,2,,1.0,,"[""Fire extinguisher"", ""Smoke alarm"", ""First aid kit"", ""Outdoor shower"", ""TV"", ""Air conditioning"", ""Exterior security cameras on property"", ""Pool"", ""Wifi"", ""Beach access \u2013 Beachfront"", ""Free parking on premises""]",,1,365,t,26,56,86,280,2025-03-23,0,0,0,280,0,0,,,,,,,,,,,,t,2
3322,3322,city scrape,The Green Iguana View 2,,675817671,2025-01-29,within a few hours,100%,f,"['email', 'phone']",f,t,Corozal,Corozal,18.39412,-88.39385,Private room in home,Private room,2,1.0,1.0,1.0,"[""Long term stays allowed"", ""Lock on bedroom door"", ""Bathtub"", ""Bikes"", ""Pets allowed"", ""Extra pillows and blankets"", ""Drying rack for clothing"", ""320 inch TV"", ""Bed linens"", ""Patio or balcony"", ""Wifi"", ""Kitchen"", ""Dishes and silverware"", ""Ceiling fan"", ""Free parking on premises"", ""Small mini freezer in room  refrigerator"", ""Dishwasher""]",$89.00,2,365,t,28,58,88,362,2025-03-23,0,0,0,282,0,0,0.0,,,,,,,,,,,f,1
3324,3324,city scrape,Beachfront Beauty - Casa Nirvana,,580627317,2024-05-30,within a day,67%,f,['phone'],f,f,Belize Islands,Belize,17.970290817124194,-87.92837729656465,Entire home,Entire home/apt,6,2.0,3.0,3.0,"[""BBQ grill"", ""Fire extinguisher"", ""Washer"", ""Smoke alarm"", ""First aid kit"", ""Outdoor shower"", ""Air conditioning"", ""TV"", ""Exterior security cameras on property"", ""Pool"", ""Wifi"", ""Kitchen"", ""Beach access \u2013 Beachfront"", ""Lockbox"", ""Free parking on premises"", ""Self check-in"", ""Outdoor dining area""]",$624.00,1,365,t,0,4,34,309,2025-03-23,0,0,0,228,0,0,0.0,,,,,,,,,,,f,1
3327,3327,city scrape,Awsome room near airport!,,674017746,2025-01-19,within an hour,100%,f,"['email', 'phone']",t,t,Belize Mainland,Belize,17.558062221910475,-88.28540367609163,Private room in bed and breakfast,Private room,2,1.0,1.0,2.0,"[""Fire extinguisher"", ""Lock on bedroom door"", ""Dedicated workspace"", ""Smoke alarm"", ""First aid kit"", ""Pets allowed"", ""TV"", ""Air conditioning"", ""Exterior security cameras on property"", ""Wifi"", ""Kitchen"", ""Iron"", ""Lockbox"", ""Free parking on premises"", ""Self check-in"", ""Outdoor dining area""]",$270.00,1,1125,t,30,60,90,364,2025-03-23,0,0,0,284,0,0,0.0,,,,,,,,,,,t,4
3328,3328,city scrape,Via Mi Amor Villa,,676236961,2025-01-31,within a day,75%,f,"['email', 'phone']",t,t,Orange Walk,Orange Walk,18.08002894276227,-88.56093477348311,Entire villa,Entire home/apt,10,5.0,5.0,5.0,"[""BBQ grill"", ""Dedicated workspace"", ""Extra pillows and blankets"", ""Air conditioning"", ""Bed linens"", ""Dryer \u2013 In building"", ""Kitchen"", ""Wine glasses"", ""Whirlpool  refrigerator"", ""Hair dryer"", ""Stove"", ""Toaster"", ""Outdoor dining area"", ""Cooking basics"", ""Free washer \u2013 In building"", ""Hangers"", ""Hot water"", ""Wifi"", ""Host greets you"", ""Shampoo"", ""Iron"", ""Private outdoor pool - available all year, saltwater"", ""Long term stays allowed"", ""Free street parking"", ""Shower gel"", ""Barbecue utensils"", ""Private patio or balcony"", ""First aid kit"", ""Baking sheet"", ""Coffee maker: drip coffee maker"", ""Outdoor shower"", ""TV"", ""Safe"", ""Blender"", ""Microwave"", ""Free parking on premises"", ""Clothing storage: closet and dresser"", ""Dishwasher"", ""Fire extinguisher"", ""Smoke alarm"", ""Dining table"", ""Outdoor kitchen with oven, sink"", ""Drying rack for clothing"", ""Exterior security cameras on property"", ""Outdoor furniture"", ""Private entrance""]","$1,291.00",1,365,t,29,53,83,355,2025-03-23,0,0,0,274,0,0,0.0,,,,,,,,,,,f,1
3336,3336,city scrape,Charming Family Home !,,668080641,2024-12-21,within an hour,100%,f,"['email', 'phone']",f,t,Cayo,Cayo,17.245178721465702,-88.76499630510807,Entire home,Entire home/apt,6,2.0,3.0,3.0,"[""Fire extinguisher"", ""Washer"", ""Smoke alarm"", ""Pets allowed"", ""Air conditioning"", ""TV"", ""Wifi"", ""Kitchen"", ""Host greets you"", ""Hot tub"", ""Free parking on premises""]",$272.00,2,365,t,30,60,90,357,2025-03-23,2,2,2,277,0,12,3264.0,2025-02-22,2025-03-16,5.0,5.0,4.5,5.0,5.0,4.5,5.0,,f,1
3337,3337,city scrape,Greenrock Retreat,,536128754,2023-09-08,within an hour,100%,f,"['email', 'phone']",t,t,Cayo,Cayo,17.2592547,-88.6601156,Entire cabin,Entire home/apt,2,1.0,1.0,1.0,"[""BBQ grill"", ""Fire extinguisher"", ""Smoke alarm"", ""First aid kit"", ""Outdoor shower"", ""TV"", ""Air conditioning"", ""Exterior security cameras on property"", ""Pool"", ""Wifi"", ""Kitchen"", ""Free parking on premises"", ""Outdoor dining area""]",$160.00,1,365,t,30,60,90,364,2025-03-23,0,0,0,284,0,0,0.0,,,,,,,,,,,f,3
3338,3338,city scrape,Green Jay Cabin 2,,670249117,2025-01-02,within a few hours,100%,f,"['email', 'phone']",t,t,Cayo,Cayo,17.12898252352123,-89.05404544391416,Entire cabin,Entire home/apt,3,1.0,1.0,2.0,"[""Fire extinguisher"", ""Smoke alarm"", ""Air conditioning"", ""Wifi"", ""Kitchen"", ""Free parking on premises"", ""Outdoor dining area""]",$256.00,1,365,t,30,60,90,365,2025-03-23,1,1,0,284,0,6,1536.0,2025-02-17,2025-02-17,5.0,5.0,5.0,5.0,5.0,5.0,5.0,,t,2
3340,3340,city scrape,3 Bedroom Apartment with Baby Crib-Panoramic Views,,677744332,2025-02-08,within an hour,100%,f,"['email', 'phone']",t,t,Stann Creek Mainland,Stann Creek,16.856716432342147,-88.28150379025864,Entire rental unit,Entire home/apt,7,2.0,3.0,3.0,"[""Dedicated workspace"", ""Extra pillows and blankets"", ""Air conditioning"", ""Bed linens"", ""Kitchen"", ""Wine glasses"", ""Laundromat nearby"", ""Hair dryer"", ""Cleaning products"", ""Toaster"", ""Outdoor dining area"", ""Cooking basics"", ""Washer"", ""Keypad"", ""Crib - always at the listing"", ""Free dryer \u2013 In unit"", ""Hangers"", ""Hot water"", ""Wifi"", ""Room-darkening shades"", ""Shampoo"", ""Iron"", ""Baby monitor - always at the listing"", ""Refrigerator"", ""Outlet covers"", ""Dishes and silverware"", ""Hot water kettle"", ""Free street parking"", ""Shower gel"", ""Private patio or balcony"", ""First aid kit"", ""TV"", ""Safe"", ""Blender"", ""Microwave"", ""Coffee"", ""Free parking on premises"", ""Self check-in"", ""Fire extinguisher"", ""Conditioner"", ""Smoke alarm"", ""Dining table"", ""Stainless steel electric stove"", ""Clothing storage"", ""Exterior security cameras on property"", ""Coffee maker: drip coffee maker, french press"", ""Outdoor furniture"", ""Body soap"", ""Ceiling fan""]",$619.00,3,15,t,29,59,89,283,2025-03-23,1,1,1,283,0,6,3714.0,2025-03-10,2025-03-10,5.0,5.0,5.0,5.0,5.0,5.0,5.0,,f,1
3343,3343,previous scrape,"Stylish 2 bed, 1 bath with pool and amazing view",,480888688,2022-09-24,within a day,100%,f,['phone'],t,t,Belize Islands,Belize,17.910518594277654,-87.97218929976225,Entire rental unit,Entire home/apt,6,,2.0,,"[""Backyard"", ""Smoke alarm"", ""TV"", ""Air conditioning"", ""Hot water"", ""Pool"", ""Wifi"", ""Kitchen"", ""Free parking on premises""]",,3,365,t,0,0,0,0,2025-03-23,0,0,0,0,0,0,,,,,,,,,,,,f,11
3344,3344,previous scrape,"Stylish 1 bed, 1 bath with pool",,480888688,2022-09-24,within a day,100%,f,['phone'],t,t,Belize Islands,Belize,17.9105564,-87.97217119999999,Entire rental unit,Entire home/apt,4,,1.0,,"[""Fire extinguisher"", ""Smoke alarm"", ""First aid kit"", ""Outdoor shower"", ""TV"", ""Air conditioning"", ""Pool"", ""Wifi"", ""Kitchen"", ""Free parking on premises""]",,3,365,t,0,0,0,0,2025-03-23,0,0,0,0,0,0,,,,,,,,,,,,f,11
3345,3345,previous scrape,Stylish home with pool & view,,480888688,2022-09-24,within a day,100%,f,['phone'],t,t,Belize Islands,Belize,17.9105564,-87.97217119999999,Entire home,Entire home/apt,10,,3.0,,"[""Fire extinguisher"", ""Smoke alarm"", ""First aid kit"", ""Outdoor shower"", ""TV"", ""Air conditioning"", ""Pool"", ""Wifi"", ""Kitchen"", ""Free parking on premises""]",,3,365,t,0,0,0,0,2025-03-23,0,0,0,0,0,0,,,,,,,,,,,,f,11
3346,3346,previous scrape,Max Roomz,,598486649,2024-08-27,within an hour,100%,f,"['email', 'phone']",t,t,Cayo,Cayo,17.1572216,-89.0667572,Room in hotel,Private room,2,,1.0,,"[""Dedicated workspace"", ""Extra pillows and blankets"", ""Air conditioning"", ""Bed linens"", ""Exercise equipment"", ""Mini fridge"", ""Laundromat nearby"", ""Hair dryer"", ""Stove"", ""Outdoor dining area"", ""Lake access"", ""Washer"", ""Hangers"", ""Hot water"", ""Oven"", ""Portable fans"", ""Wifi"", ""Host greets you"", ""Room-darkening shades"", ""Iron"", ""Refrigerator"", ""Carbon monoxide alarm"", ""Dishes and silverware"", ""Hot water kettle"", ""Essentials"", ""Free street parking"", ""First aid kit"", ""Books and reading material"", ""TV"", ""Patio or balcony"", ""Safe"", ""Microwave"", ""Coffee"", ""Lockbox"", ""Free parking on premises"", ""Self check-in"", ""Fire extinguisher"", ""Freezer"", ""Smoke alarm"", ""Clothing storage"", ""Exterior security cameras on property"", ""Outdoor furniture"", ""Body soap"", ""Coffee maker""]",,1,365,t,30,60,90,365,2025-03-23,0,0,0,284,0,0,,,,,,,,,,,,f,4
3347,3347,previous scrape,Welcome to the Triad,,598486649,2024-08-27,within an hour,100%,f,"['email', 'phone']",t,t,Cayo,Cayo,17.1572216,-89.0667572,Room in hotel,Private room,10,,3.0,,"[""Dedicated workspace"", ""Extra pillows and blankets"", ""Air conditioning"", ""Bed linens"", ""Exercise equipment"", ""Mini fridge"", ""Stove"", ""Outdoor dining area"", ""Lake access"", ""Washer"", ""Hangers"", ""Hot water"", ""Oven"", ""Wifi"", ""Host greets you"", ""Room-darkening shades"", ""Iron"", ""Refrigerator"", ""Carbon monoxide alarm"", ""Hot water kettle"", ""First aid kit"", ""Books and reading material"", ""TV"", ""Pool table"", ""Patio or balcony"", ""Safe"", ""Microwave"", ""Coffee"", ""Free parking on premises"", ""Fire extinguisher"", ""Freezer"", ""Smoke alarm"", ""Clothing storage"", ""Exterior security cameras on property"", ""Body soap"", ""Coffee maker""]",,1,365,t,30,60,90,365,2025-03-23,0,0,0,284,0,0,,,,,,,,,,,,f,4
3356,3356,city scrape,The Office at Secret Beach,,679358858,2025-02-17,,,f,"['email', 'phone']",f,t,Belize Islands,Belize,17.980886657014107,-87.96812846225453,Entire home,Entire home/apt,12,3.5,4.0,7.0,"[""BBQ grill"", ""Backyard"", ""Air conditioning"", ""Bed linens"", ""Outdoor kitchen with sink"", ""Kitchen"", ""Kayak"", ""Outdoor dining area"", ""Washer"", ""Hot water"", ""Pool"", ""Wifi"", ""Room-darkening shades"", ""Private patio or balcony"", ""First aid kit"", ""Outdoor shower"", ""TV"", ""Safe"", ""Beach access \u2013 Beachfront"", ""Free parking on premises"", ""Clothing storage: closet, wardrobe, and dresser"", ""Beach essentials"", ""Fire extinguisher"", ""Smoke alarm"", ""Exterior security cameras on property"", ""Outdoor furniture"", ""Free dryer""]","$2,018.00",4,365,t,0,0,20,295,2025-03-23,0,0,0,214,0,0,0.0,,,,,,,,,,,f,1
3359,3359,city scrape,Beachfront Cabin #2 w/Breakfast,,549453338,2023-12-04,within an hour,100%,t,"['email', 'phone']",t,t,Belize Islands,Belize,17.967357668362958,-87.97302547842264,Entire cabin,Entire home/apt,2,1.0,1.0,1.0,"[""Fire extinguisher"", ""Smoke alarm"", ""Outdoor shower"", ""Air conditioning"", ""Exterior security cameras on property"", ""Wifi"", ""Beach access \u2013 Beachfront""]",$173.00,1,30,t,30,60,90,360,2025-03-23,1,1,1,280,0,6,1038.0,2025-03-03,2025-03-03,5.0,4.0,5.0,5.0,4.0,5.0,4.0,,t,5
3365,3365,city scrape,Sunset Cabana,,534345259,2023-08-28,within an hour,100%,f,['phone'],t,t,Stann Creek Mainland,Stann Creek,16.69092,-88.42608,Entire cabin,Entire home/apt,2,1.0,1.0,1.0,"[""Fire extinguisher"", ""Dedicated workspace"", ""Smoke alarm"", ""First aid kit"", ""TV"", ""Air conditioning"", ""Exterior security cameras on property"", ""Wifi"", ""Kitchen"", ""Free parking on premises""]",$160.00,1,365,t,30,60,90,365,2025-03-23,1,1,1,284,0,6,960.0,2025-03-17,2025-03-17,5.0,5.0,5.0,5.0,5.0,5.0,5.0,,t,2
3366,3366,city scrape,Dorm at Tropical Paradise Hotel - A 1,,406013307,2021-06-08,within an hour,100%,f,"['email', 'phone']",t,t,Belize Islands,Belize,17.740402063931086,-88.02532818941042,Shared room in guesthouse,Shared room,6,1.0,1.0,7.0,"[""Fire extinguisher"", ""Smoke alarm"", ""First aid kit"", ""Bikes"", ""Air conditioning"", ""Bed linens"", ""Exterior security cameras on property"", ""Pool"", ""Wifi"", ""Beach access \u2013 Beachfront""]",$55.00,1,365,t,15,34,44,184,2025-03-23,0,0,0,144,0,0,0.0,,,,,,,,,,,t,28
3369,3369,city scrape,The Smiths Luxe Residences | U1,,680517041,2025-02-23,within an hour,100%,f,"['email', 'phone']",t,t,Belize Mainland,Belize,17.558203134161364,-88.28096523544313,Entire rental unit,Entire home/apt,4,1.0,2.0,2.0,"[""Air conditioning"", ""Bed linens"", ""Kitchen"", ""Wine glasses"", ""Hair dryer"", ""Cleaning products"", ""Housekeeping available from 4:00\u202fPM to 6:00\u202fAM, every day - available at extra cost"", ""Toaster"", ""Window guards"", ""Cooking basics"", ""Washer"", ""Free dryer \u2013 In unit"", ""Hangers"", ""Hot water"", ""Pool"", ""Wifi"", ""Shampoo"", ""Iron"", ""Refrigerator"", ""Carbon monoxide alarm"", ""Dishes and silverware"", ""Long term stays allowed"", ""Gas stove"", ""Private patio or balcony"", ""First aid kit"", ""Stainless steel single oven"", ""TV"", ""Microwave"", ""Coffee"", ""Free parking on premises"", ""Sun loungers"", ""Fire extinguisher"", ""Conditioner"", ""Smoke alarm"", ""Body soap"", ""Ceiling fan"", ""Coffee maker"", ""Clothing storage: closet""]",$242.00,1,1125,t,28,39,40,120,2025-03-23,1,1,1,40,0,6,1452.0,2025-03-11,2025-03-11,5.0,5.0,5.0,5.0,5.0,5.0,5.0,,t,3
3370,3370,city scrape,Huge 3/3 Villa at El Pescador - Oceanfront w/Pool,,668249882,2024-12-22,within a few hours,100%,f,"['email', 'phone']",f,t,Belize Islands,Belize,17.95329,-87.94074,Entire home,Entire home/apt,8,3.0,3.0,3.0,"[""Dedicated workspace"", ""Backyard"", ""Extra pillows and blankets"", ""Air conditioning"", ""Bed linens"", ""Kitchen"", ""Wine glasses"", ""Hair dryer"", ""Stove"", ""Toaster"", ""Cooking basics"", ""Hangers"", ""Hot water"", ""Oven"", ""Pool"", ""Wifi"", ""Host greets you"", ""Room-darkening shades"", ""Shampoo"", ""Refrigerator"", ""Dishes and silverware"", ""Hammock"", ""Essentials"", ""First aid kit"", ""Baking sheet"", ""Books and reading material"", ""TV"", ""Pool table"", ""Safe"", ""Beach access \u2013 Beachfront"", ""Microwave"", ""Coffee"", ""Free parking on premises"", ""Dishwasher"", ""Fire extinguisher"", ""Freezer"", ""Conditioner"", ""Smoke alarm"", ""Clothing storage"", ""Outdoor furniture"", ""Body soap"", ""Coffee maker""]","$1,620.00",1,365,t,1,22,33,296,2025-03-23,0,0,0,215,0,0,0.0,,,,,,,,,,,f,3
3372,3372,city scrape,"360 Suites, Seaside Luxury, 4 Bedrooms, 3 Bath","Peace, quiet and safe neighborhood. A convenient store is right across the street from the property. Just two minutes walking to Spilt to Spilt to go back and forth between the two islands.",680937788,2025-02-25,within an hour,100%,f,"['email', 'phone']",t,t,Belize Islands,Belize,17.752316201281324,-88.02449855766892,Entire home,Entire home/apt,12,3.0,4.0,5.0,"[""Air conditioning"", ""Bed linens"", ""Kitchen"", ""Kayak"", ""Hair dryer"", ""Cleaning products"", ""Stove"", ""Toaster"", ""Waterfront"", ""Cooking basics"", ""Hangers"", ""Hot water"", ""Wifi"", ""Host greets you"", ""Shampoo"", ""Iron"", ""Refrigerator"", ""Dishes and silverware"", ""Bathtub"", ""First aid kit"", ""Bikes"", ""Patio or balcony"", ""TV"", ""Safe"", ""Microwave"", ""Free parking on premises"", ""Fire extinguisher"", ""Conditioner"", ""Smoke alarm"", ""Dining table"", ""Sea view"", ""Clothing storage"", ""Outdoor furniture"", ""Body soap"", ""Coffee maker""]",$758.00,1,365,t,29,58,88,356,2025-03-23,2,2,2,275,0,12,9096.0,2025-03-09,2025-03-17,5.0,5.0,5.0,5.0,5.0,5.0,5.0,,t,3
3376,3376,city scrape,Dorm at Tropical Paradise Hotel - B 2,,406013307,2021-06-08,within an hour,100%,f,"['email', 'phone']",t,t,Belize Islands,Belize,17.74034586136832,-88.02520480779573,Shared room in guesthouse,Shared room,6,1.0,1.0,6.0,"[""Fire extinguisher"", ""Smoke alarm"", ""First aid kit"", ""Bikes"", ""Air conditioning"", ""Bed linens"", ""Exterior security cameras on property"", ""Pool"", ""Wifi"", ""Beach access \u2013 Beachfront""]",$49.00,1,365,t,14,33,43,183,2025-03-23,0,0,0,143,0,0,0.0,,,,,,,,,,,t,28
3377,3377,city scrape,Dorm in Tropical Paradise Hotel - B 1,,406013307,2021-06-08,within an hour,100%,f,"['email', 'phone']",t,t,Belize Islands,Belize,17.74062176468901,-88.02598801282808,Shared room in guesthouse,Shared room,6,1.0,1.0,6.0,"[""Fire extinguisher"", ""Smoke alarm"", ""First aid kit"", ""Bikes"", ""Air conditioning"", ""Bed linens"", ""Exterior security cameras on property"", ""Pool"", ""Wifi"", ""Beach access \u2013 Beachfront""]",$49.00,1,365,t,14,33,43,183,2025-03-23,0,0,0,143,0,0,0.0,,,,,,,,,,,t,28
3378,3378,city scrape,Dorm in Tropical Paradise Hotel - A 2,,406013307,2021-06-08,within an hour,100%,f,"['email', 'phone']",t,t,Belize Islands,Belize,17.74064220195512,-88.02600410608217,Shared room in guesthouse,Shared room,6,1.0,1.0,6.0,"[""Fire extinguisher"", ""Smoke alarm"", ""First aid kit"", ""Bikes"", ""Air conditioning"", ""Bed linens"", ""Exterior security cameras on property"", ""Pool"", ""Wifi"", ""Beach access \u2013 Beachfront""]",$49.00,1,365,t,15,34,44,184,2025-03-23,0,0,0,144,0,0,0.0,,,,,,,,,,,t,28
3379,3379,city scrape,Dorm in Tropical Paradise Hotel - A 3,,406013307,2021-06-08,within an hour,100%,f,"['email', 'phone']",t,t,Belize Islands,Belize,17.74058604981594,-88.02598270127208,Shared room in guesthouse,Shared room,6,1.0,1.0,6.0,"[""Fire extinguisher"", ""Smoke alarm"", ""First aid kit"", ""Bikes"", ""Air conditioning"", ""Bed linens"", ""Exterior security cameras on property"", ""Pool"", ""Wifi"", ""Beach access \u2013 Beachfront""]",$49.00,1,365,t,15,34,44,184,2025-03-23,0,0,0,144,0,0,0.0,,,,,,,,,,,t,28
3380,3380,city scrape,Dorm in Tropical Paradise Hotel - A 4,,406013307,2021-06-08,within an hour,100%,f,"['email', 'phone']",t,t,Belize Islands,Belize,17.740630755387006,-88.02598190422974,Shared room in guesthouse,Shared room,6,1.0,1.0,6.0,"[""Fire extinguisher"", ""Smoke alarm"", ""First aid kit"", ""Bikes"", ""Air conditioning"", ""Bed linens"", ""Exterior security cameras on property"", ""Pool"", ""Wifi"", ""Beach access \u2013 Beachfront""]",$49.00,1,365,t,15,34,44,184,2025-03-23,0,0,0,144,0,0,0.0,,,,,,,,,,,t,28
3381,3381,city scrape,Dorm in Tropical Paradise Hotel - A 5,,406013307,2021-06-08,within an hour,100%,f,"['email', 'phone']",t,t,Belize Islands,Belize,17.7406103181196,-88.0259926330658,Shared room in guesthouse,Shared room,6,1.0,1.0,6.0,"[""Fire extinguisher"", ""Smoke alarm"", ""First aid kit"", ""Bikes"", ""Air conditioning"", ""Bed linens"", ""Exterior security cameras on property"", ""Pool"", ""Wifi"", ""Beach access \u2013 Beachfront""]",$49.00,1,365,t,15,34,44,184,2025-03-23,0,0,0,144,0,0,0.0,,,,,,,,,,,t,28
3382,3382,city scrape,Dorm in Tropical Paradise Hotel - A 6,,406013307,2021-06-08,within an hour,100%,f,"['email', 'phone']",t,t,Belize Islands,Belize,17.74061665537212,-88.0260094705002,Shared room in guesthouse,Shared room,6,1.0,1.0,6.0,"[""Fire extinguisher"", ""Smoke alarm"", ""First aid kit"", ""Bikes"", ""Air conditioning"", ""Bed linens"", ""Exterior security cameras on property"", ""Pool"", ""Wifi"", ""Beach access \u2013 Beachfront""]",$49.00,1,365,t,15,34,44,184,2025-03-23,0,0,0,144,0,0,0.0,,,,,,,,,,,t,28
3383,3383,city scrape,Dorm in Tropical Paradise Hotel - B 3,,406013307,2021-06-08,within an hour,100%,f,"['email', 'phone']",t,t,Belize Islands,Belize,17.740611546055085,-88.02599874166414,Shared room in guesthouse,Shared room,6,1.0,1.0,6.0,"[""Fire extinguisher"", ""Smoke alarm"", ""First aid kit"", ""Bikes"", ""Air conditioning"", ""Bed linens"", ""Exterior security cameras on property"", ""Pool"", ""Wifi"", ""Beach access \u2013 Beachfront""]",$49.00,1,365,t,14,33,43,183,2025-03-23,0,0,0,143,0,0,0.0,,,,,,,,,,,t,28
3384,3384,city scrape,Dorm in Tropical Paradise Hotel - B 4,,406013307,2021-06-08,within an hour,100%,f,"['email', 'phone']",t,t,Belize Islands,Belize,17.74063198332235,-88.0259558263199,Shared room in guesthouse,Shared room,6,1.0,1.0,6.0,"[""Fire extinguisher"", ""Smoke alarm"", ""First aid kit"", ""Bikes"", ""Air conditioning"", ""Bed linens"", ""Exterior security cameras on property"", ""Pool"", ""Wifi"", ""Beach access \u2013 Beachfront""]",$55.00,1,365,t,14,33,43,183,2025-03-23,0,0,0,143,0,0,0.0,,,,,,,,,,,t,28
3385,3385,city scrape,Dorm in Tropical Paradise Hotel - B 5,,406013307,2021-06-08,within an hour,100%,f,"['email', 'phone']",t,t,Belize Islands,Belize,17.740672857849898,-88.02598801282808,Shared room in guesthouse,Shared room,6,1.0,1.0,6.0,"[""Fire extinguisher"", ""Smoke alarm"", ""First aid kit"", ""Bikes"", ""Air conditioning"", ""Bed linens"", ""Exterior security cameras on property"", ""Pool"", ""Wifi"", ""Beach access \u2013 Beachfront""]",$49.00,1,365,t,14,33,43,183,2025-03-23,0,0,0,143,0,0,0.0,,,,,,,,,,,t,28
3386,3386,city scrape,Dorm in Tropical Paradise Hotel - B 6,,406013307,2021-06-08,within an hour,100%,f,"['email', 'phone']",t,t,Belize Islands,Belize,17.740647311271285,-88.02598801282808,Shared room in guesthouse,Shared room,6,1.0,1.0,6.0,"[""Fire extinguisher"", ""Smoke alarm"", ""First aid kit"", ""Bikes"", ""Air conditioning"", ""Bed linens"", ""Exterior security cameras on property"", ""Pool"", ""Wifi"", ""Beach access \u2013 Beachfront""]",$49.00,1,365,t,14,33,43,183,2025-03-23,0,0,0,143,0,0,0.0,,,,,,,,,,,t,28
3387,3387,city scrape,Dorm at Tropical Paradise Hotel - C 1,,406013307,2021-06-08,within an hour,100%,f,"['email', 'phone']",t,t,Belize Islands,Belize,17.7406524205873,-88.02599874166414,Shared room in guesthouse,Shared room,6,2.0,1.0,6.0,"[""Fire extinguisher"", ""Smoke alarm"", ""First aid kit"", ""Bikes"", ""Air conditioning"", ""Bed linens"", ""Exterior security cameras on property"", ""Pool"", ""Wifi"", ""Beach access \u2013 Beachfront""]",$55.00,1,365,t,18,37,47,187,2025-03-23,0,0,0,147,0,0,0.0,,,,,,,,,,,t,28
3388,3388,city scrape,Dorm at Tropical Paradise Hotel - C 2,,406013307,2021-06-08,within an hour,100%,f,"['email', 'phone']",t,t,Belize Islands,Belize,17.74036629866592,-88.02523162988588,Shared room in guesthouse,Shared room,6,1.0,1.0,6.0,"[""Fire extinguisher"", ""Smoke alarm"", ""First aid kit"", ""Bikes"", ""Air conditioning"", ""Bed linens"", ""Exterior security cameras on property"", ""Pool"", ""Wifi"", ""Beach access \u2013 Beachfront""]",$49.00,1,365,t,18,37,47,187,2025-03-23,0,0,0,147,0,0,0.0,,,,,,,,,,,t,28
3389,3389,city scrape,Dorm at Tropical Paradise Hotel - C 3,,406013307,2021-06-08,within an hour,100%,f,"['email', 'phone']",t,t,Belize Islands,Belize,17.74032542406841,-88.02524235872194,Shared room in guesthouse,Shared room,6,1.0,1.0,6.0,"[""Fire extinguisher"", ""Smoke alarm"", ""First aid kit"", ""Bikes"", ""Air conditioning"", ""Bed linens"", ""Exterior security cameras on property"", ""Pool"", ""Wifi"", ""Beach access \u2013 Beachfront""]",$49.00,1,365,t,18,37,47,187,2025-03-23,0,0,0,147,0,0,0.0,,,,,,,,,,,t,28
3390,3390,city scrape,Dorm at Tropical Paradise Hotel - C 4,,406013307,2021-06-08,within an hour,100%,f,"['email', 'phone']",t,t,Belize Islands,Belize,17.74034586136832,-88.0251994433777,Shared room in guesthouse,Shared room,6,1.0,1.0,6.0,"[""Fire extinguisher"", ""Smoke alarm"", ""First aid kit"", ""Bikes"", ""Air conditioning"", ""Bed linens"", ""Exterior security cameras on property"", ""Pool"", ""Wifi"", ""Beach access \u2013 Beachfront""]",$49.00,1,365,t,18,37,47,187,2025-03-23,0,0,0,147,0,0,0.0,,,,,,,,,,,t,28
3391,3391,city scrape,Dorm at Tropical Paradise Hotel - C 5,,406013307,2021-06-08,within an hour,100%,f,"['email', 'phone']",t,t,Belize Islands,Belize,17.740340752043565,-88.02523811210492,Shared room in guesthouse,Shared room,6,1.0,1.0,6.0,"[""Fire extinguisher"", ""Smoke alarm"", ""First aid kit"", ""Bikes"", ""Air conditioning"", ""Bed linens"", ""Exterior security cameras on property"", ""Pool"", ""Wifi"", ""Beach access \u2013 Beachfront""]",$49.00,1,365,t,18,37,47,187,2025-03-23,0,0,0,147,0,0,0.0,,,,,,,,,,,t,28
3392,3392,city scrape,Dorm at Tropical Paradise Hotel - C 6,,406013307,2021-06-08,within an hour,100%,f,"['email', 'phone']",t,t,Belize Islands,Belize,17.7403305333936,-88.02522090104982,Shared room in guesthouse,Shared room,6,1.0,1.0,6.0,"[""Fire extinguisher"", ""Smoke alarm"", ""First aid kit"", ""Bikes"", ""Air conditioning"", ""Bed linens"", ""Exterior security cameras on property"", ""Pool"", ""Wifi"", ""Beach access \u2013 Beachfront""]",$49.00,1,365,t,18,37,47,187,2025-03-23,0,0,0,147,0,0,0.0,,,,,,,,,,,t,28
3396,3396,city scrape,Blue House Bungalow,,539263081,2023-09-27,within an hour,100%,t,"['email', 'phone']",t,t,Cayo,Cayo,17.241188591611362,-89.02771357511597,Entire guesthouse,Entire home/apt,2,1.0,1.0,1.0,"[""Fire extinguisher"", ""TV"", ""Air conditioning"", ""Wifi"", ""Kitchen"", ""Carbon monoxide alarm"", ""Free parking on premises""]",$117.00,1,365,t,0,0,0,233,2025-03-23,1,1,1,153,0,6,702.0,2025-03-15,2025-03-15,5.0,5.0,5.0,5.0,5.0,5.0,5.0,,t,4
3397,3397,city scrape,The Den Rentals,,535049693,2023-09-01,,,f,['phone'],t,t,Cayo,Cayo,17.159400265202226,-89.0981625393033,Entire rental unit,Entire home/apt,2,1.0,0.0,1.0,"[""Dedicated workspace"", ""Building staff"", ""Exterior security cameras on property"", ""Wifi"", ""Kitchen"", ""Free parking on premises"", ""Self check-in""]",$72.00,1,365,t,30,60,90,365,2025-03-23,0,0,0,284,0,0,0.0,,,,,,,,,,,f,1
3399,3399,city scrape,Oceanfront 3/3 Villa with Pool- Newly Renovated!,,668249882,2024-12-22,within a few hours,100%,f,"['email', 'phone']",f,t,Belize Islands,Belize,17.95282835086104,-87.94141737411397,Entire home,Entire home/apt,6,3.0,3.0,4.0,"[""Backyard"", ""Extra pillows and blankets"", ""Air conditioning"", ""Bed linens"", ""Mini fridge"", ""Kitchen"", ""Wine glasses"", ""Hair dryer"", ""Stove"", ""Toaster"", ""Cooking basics"", ""Hangers"", ""Hot water"", ""Oven"", ""Pool"", ""Wifi"", ""Host greets you"", ""Room-darkening shades"", ""Shampoo"", ""Refrigerator"", ""Dishes and silverware"", ""Hammock"", ""Essentials"", ""First aid kit"", ""Baking sheet"", ""Books and reading material"", ""TV"", ""Pool table"", ""Safe"", ""Beach access \u2013 Beachfront"", ""Microwave"", ""Coffee"", ""Free parking on premises"", ""Dishwasher"", ""Fire extinguisher"", ""Freezer"", ""Conditioner"", ""Smoke alarm"", ""Clothing storage"", ""Trash compactor"", ""Outdoor furniture"", ""Body soap"", ""Coffee maker""]","$1,440.00",1,365,t,13,30,52,320,2025-03-23,0,0,0,239,0,0,0.0,,,,,,,,,,,f,3
3400,3400,city scrape,Mariposa Hibiscus Bungalow,,515682824,2023-05-20,,,,"['email', 'phone']",t,t,Cayo,Cayo,17.090491968450582,-88.99129173837892,Private room in cabin,Private room,2,1.0,1.0,1.0,"[""Fire extinguisher"", ""Lock on bedroom door"", ""Smoke alarm"", ""First aid kit"", ""Air conditioning"", ""Exercise equipment"", ""Pool"", ""Wifi"", ""Kitchen"", ""Carbon monoxide alarm"", ""Free parking on premises""]",$520.00,1,365,t,30,60,90,364,2025-03-23,0,0,0,284,0,0,0.0,,,,,,,,,,,t,1
3401,3401,city scrape,Hawkz House Belize,,681644156,2025-02-28,within an hour,100%,f,"['email', 'phone']",t,t,Stann Creek Mainland,Stann Creek,16.81302,-88.25777,Entire home,Entire home/apt,10,3.5,3.0,5.0,"[""Free dryer \u2013 In building"", ""Air conditioning"", ""Bed linens"", ""Kitchen"", ""Toaster"", ""Waterfront"", ""Private beach access"", ""Cooking basics"", ""Washer"", ""Hot water"", ""Oven"", ""Wifi"", ""Refrigerator"", ""Room-darkening shades"", ""Dishes and silverware"", ""Gas stove"", ""Private patio or balcony"", ""Bathtub"", ""First aid kit"", ""TV"", ""Safe"", ""Private backyard"", ""Microwave"", ""Free parking on premises"", ""Dishwasher"", ""Sun loungers"", ""Fire extinguisher"", ""Smoke alarm"", ""Dining table"", ""Private outdoor pool - available all year, open 24 hours"", ""Outdoor furniture"", ""Body soap"", ""Private entrance"", ""Ceiling fan"", ""Coffee maker""]",$823.00,2,45,t,30,60,90,364,2025-03-23,0,0,0,284,0,0,0.0,,,,,,,,,,,f,1
3402,3402,city scrape,Cozy Private BedRoom,,501273905,2023-02-15,within an hour,100%,f,"['email', 'phone']",t,t,Belize Mainland,Belize,17.505002812666913,-88.21248745137632,Private room in rental unit,Private room,2,1.0,1.0,1.0,"[""Ethernet connection"", ""Smoking allowed"", ""Kitchen"", ""Wine glasses"", ""Window guards"", ""Lock on bedroom door"", ""Cooking basics"", ""Washer"", ""Hangers"", ""Hot water"", ""Oven"", ""Portable fans"", ""Wifi"", ""Refrigerator"", ""Iron"", ""Dishes and silverware"", ""Rice maker"", ""Gas stove"", ""Free street parking"", ""First aid kit"", ""Coffee maker: drip coffee maker"", ""TV"", ""Safe"", ""Blender"", ""Coffee"", ""Free parking on premises"", ""Freezer"", ""Exterior security cameras on property"", ""Body soap"", ""Ceiling fan""]",$95.00,2,365,t,30,60,90,364,2025-03-23,1,1,1,284,0,6,570.0,2025-03-08,2025-03-08,5.0,5.0,5.0,5.0,5.0,4.0,5.0,,f,1
3408,3408,city scrape,"360 Suites - Sea View, One Bedroom",Peace and Quiet. A convenient grocery store is right across the street from the property,680937788,2025-02-25,within an hour,100%,f,"['email', 'phone']",t,t,Belize Islands,Belize,17.751986821178843,-88.02420211663865,Entire rental unit,Entire home/apt,4,1.0,1.0,1.0,"[""Air conditioning"", ""Bed linens"", ""Kitchen"", ""Kayak"", ""Hair dryer"", ""Cleaning products"", ""Stove"", ""Toaster"", ""Waterfront"", ""Hangers"", ""Hot water"", ""Wifi"", ""Host greets you"", ""Shampoo"", ""Iron"", ""Dishes and silverware"", ""Bathtub"", ""First aid kit"", ""Patio or balcony"", ""TV"", ""Safe"", ""Free parking on premises"", ""Sun loungers"", ""Fire extinguisher"", ""Record player"", ""Smoke alarm"", ""Dining table"", ""Sea view"", ""Outdoor furniture"", ""Private entrance"", ""Ceiling fan"", ""Coffee maker""]",$222.00,2,365,t,30,60,90,365,2025-03-23,1,1,1,284,0,6,1332.0,2025-03-15,2025-03-15,5.0,5.0,5.0,5.0,5.0,5.0,5.0,,t,3
3409,3409,city scrape,360 Suites-One Bedroom,"Peace, quiet and safe neighborhood. A convenient store is right across the street from the property. Just two minutes walking to Spilt to Spilt to go back and forth between the two islands.",680937788,2025-02-25,within an hour,100%,f,"['email', 'phone']",t,t,Belize Islands,Belize,17.752024464655072,-88.02443926946299,Entire rental unit,Entire home/apt,4,1.0,1.0,1.0,"[""Air conditioning"", ""Kitchen"", ""Kayak"", ""Hair dryer"", ""Stove"", ""Toaster"", ""Waterfront"", ""Hangers"", ""Wifi"", ""Host greets you"", ""Refrigerator"", ""Shampoo"", ""Iron"", ""Shower gel"", ""First aid kit"", ""Patio or balcony"", ""TV"", ""Safe"", ""Microwave"", ""Free parking on premises"", ""Dishwasher"", ""Sun loungers"", ""Fire extinguisher"", ""Smoke alarm"", ""Dining table"", ""Sea view"", ""Outdoor furniture"", ""Private entrance"", ""Coffee maker""]",$222.00,2,365,t,30,60,90,365,2025-03-23,1,1,1,284,0,6,1332.0,2025-03-12,2025-03-12,5.0,5.0,5.0,5.0,5.0,5.0,4.0,,t,3
3417,3417,city scrape,Slack Tide - 2BR House at Secret Beach,,473525368,2022-08-05,within an hour,100%,t,"['email', 'phone']",t,t,Belize Islands,Belize,17.974272883324627,-87.96438683253409,Entire home,Entire home/apt,6,2.0,2.0,3.0,"[""Extra pillows and blankets"", ""Air conditioning"", ""Kitchen"", ""Outdoor dining area"", ""Board games"", ""Hot water"", ""Pool"", ""Wifi"", ""Refrigerator"", ""Room-darkening shades"", ""Iron"", ""Carbon monoxide alarm"", ""Dishes and silverware"", ""Long term stays allowed"", ""First aid kit"", ""Stainless steel single oven"", ""Coffee maker: drip coffee maker"", ""Outdoor shower"", ""TV"", ""Beach access \u2013 Beachfront"", ""Microwave"", ""Lockbox"", ""Free parking on premises"", ""Self check-in"", ""Sun loungers"", ""Fire extinguisher"", ""Mosquito net"", ""Smoke alarm"", ""Dining table"", ""Clothing storage: dresser"", ""Trash compactor"", ""Exterior security cameras on property"", ""Ceiling fan""]",$435.00,1,365,t,25,55,85,354,2025-03-23,2,2,2,273,0,12,5220.0,2025-03-07,2025-03-13,5.0,5.0,5.0,5.0,5.0,5.0,5.0,,t,13
3418,3418,city scrape,Gillys Casita 2-Close to Beach-Placencia Peninsula,,530765997,2023-08-08,within an hour,100%,f,"['email', 'phone']",t,f,Stann Creek Mainland,Stann Creek,16.609382,-88.353674,Entire cottage,Entire home/apt,5,1.0,2.0,4.0,"[""Backyard"", ""Air conditioning"", ""Bed linens"", ""Kitchen"", ""Wine glasses"", ""Laundromat nearby"", ""Cleaning products"", ""Stove"", ""Toaster"", ""Waterfront"", ""Dryer"", ""Washer"", ""Hangers"", ""Hot water"", ""Wifi"", ""Host greets you"", ""Shampoo"", ""Refrigerator"", ""Bowling alley"", ""Carbon monoxide alarm"", ""Dishes and silverware"", ""Hot water kettle"", ""Essentials"", ""Hammock"", ""Long term stays allowed"", ""Shower gel"", ""First aid kit"", ""Mountain view"", ""TV"", ""Patio or balcony"", ""Canal view"", ""Safe"", ""Microwave"", ""Free parking on premises"", ""Fire extinguisher"", ""Freezer"", ""Conditioner"", ""Smoke alarm"", ""Clothing storage"", ""Outdoor furniture"", ""Body soap"", ""Private entrance"", ""Ceiling fan"", ""Coffee maker""]",$282.00,2,90,t,1,21,51,324,2025-03-23,0,0,0,243,0,0,0.0,,,,,,,,,,,t,2
3419,3419,city scrape,Gillys Casita 1-Close to Beach-Placencia Peninsula,,530765997,2023-08-08,within an hour,100%,f,"['email', 'phone']",t,f,Stann Creek Mainland,Stann Creek,16.609382,-88.353674,Entire cottage,Entire home/apt,4,1.0,1.0,2.0,"[""Backyard"", ""Air conditioning"", ""Bed linens"", ""Kitchen"", ""Wine glasses"", ""Laundromat nearby"", ""Hair dryer"", ""Cleaning products"", ""Stove"", ""Toaster"", ""Dryer"", ""Board games"", ""Washer"", ""Hangers"", ""Hot water"", ""Wifi"", ""Host greets you"", ""Shampoo"", ""Refrigerator"", ""Bowling alley"", ""Dishes and silverware"", ""Hammock"", ""Hot water kettle"", ""Essentials"", ""Long term stays allowed"", ""Shower gel"", ""First aid kit"", ""Books and reading material"", ""TV"", ""Patio or balcony"", ""Canal view"", ""Safe"", ""Microwave"", ""Free parking on premises"", ""Fire extinguisher"", ""Freezer"", ""Conditioner"", ""Smoke alarm"", ""Clothing storage"", ""Outdoor furniture"", ""Body soap"", ""Private entrance"", ""Ceiling fan"", ""Coffee maker""]",$232.00,2,90,t,1,30,60,333,2025-03-23,0,0,0,252,0,0,0.0,,,,,,,,,,,t,2
3420,3420,city scrape,Casa Maruka,,488762420,2022-11-22,within a day,100%,f,"['email', 'phone']",t,t,Cayo,Cayo,17.1502393,-89.0804325,Entire home,Entire home/apt,5,2.0,2.0,3.0,"[""High chair"", ""Free dryer \u2013 In building"", ""Dedicated workspace"", ""Air conditioning"", ""Bed linens"", ""Mini fridge"", ""Kitchen"", ""Hair dryer"", ""Cleaning products"", ""Stove"", ""Toaster"", ""Cooking basics"", ""Washer"", ""Hangers"", ""Hot water"", ""Oven"", ""Wifi"", ""Room-darkening shades"", ""Iron"", ""Refrigerator"", ""Dishes and silverware"", ""Rice maker"", ""Hot water kettle"", ""Hammock"", ""First aid kit"", ""Single level home"", ""Books and reading material"", ""TV"", ""Blender"", ""Microwave"", ""Bidet"", ""Coffee"", ""Free parking on premises"", ""Self check-in"", ""Lockbox"", ""Fire extinguisher"", ""Clothing storage"", ""Trash compactor"", ""Body soap"", ""Ceiling fan"", ""Coffee maker""]",$159.00,1,1125,t,15,45,75,350,2025-03-23,0,0,0,269,0,0,0.0,,,,,,,,,,,f,1
3422,3422,city scrape,La Casa Chiqui San Pedro Belize Modern 2 BR Apt.,,477319668,2022-08-29,,,f,"['email', 'phone']",t,t,Belize Islands,Belize,17.91080855394782,-87.97356823647912,Entire rental unit,Entire home/apt,4,1.5,2.0,2.0,"[""Backyard"", ""Air conditioning"", ""Bed linens"", ""Kitchen"", ""Wine glasses"", ""Hair dryer"", ""Stove"", ""Cooking basics"", ""Hangers"", ""Hot water"", ""Oven"", ""Wifi"", ""Room-darkening shades"", ""Refrigerator"", ""Shampoo"", ""Iron"", ""Dishes and silverware"", ""Free street parking"", ""TV"", ""Safe"", ""Microwave"", ""Lockbox"", ""Free parking on premises"", ""Self check-in"", ""Fire extinguisher"", ""Freezer"", ""Conditioner"", ""Smoke alarm"", ""Clothing storage"", ""Exterior security cameras on property"", ""Body soap"", ""Coffee maker""]",$360.00,2,28,,30,60,90,270,2025-03-23,0,0,0,270,0,0,0.0,,,,,,,,,,,f,2
3423,3423,city scrape,La Casa Chiqui San Pedro Belize Modern 1 BR Apt.,,477319668,2022-08-29,,,f,"['email', 'phone']",t,t,Belize Islands,Belize,17.91008,-87.97345,Entire rental unit,Entire home/apt,2,1.0,1.0,1.0,"[""Dedicated workspace"", ""Air conditioning"", ""Bed linens"", ""Kitchen"", ""Hair dryer"", ""Washer"", ""Hangers"", ""Hot water"", ""Wifi"", ""Room-darkening shades"", ""Shampoo"", ""Iron"", ""Free street parking"", ""TV"", ""Safe"", ""Lockbox"", ""Free parking on premises"", ""Self check-in"", ""Fire extinguisher"", ""Conditioner"", ""Smoke alarm"", ""Clothing storage"", ""Exterior security cameras on property"", ""Body soap""]",$248.00,2,28,,30,60,90,270,2025-03-23,0,0,0,270,0,0,0.0,,,,,,,,,,,f,2
3424,3424,city scrape,Alexander Guest House - 3 Bedroom,,667509750,2024-12-17,within a few hours,100%,f,"['email', 'phone']",f,t,Belize Mainland,Belize,17.50501630813166,-88.19584851957397,Entire home,Entire home/apt,6,2.0,2.0,4.0,"[""Fire extinguisher"", ""Dedicated workspace"", ""Building staff"", ""Washer"", ""Smoke alarm"", ""First aid kit"", ""Air conditioning"", ""TV"", ""Wifi"", ""Kitchen"", ""Free parking on premises"", ""Self check-in""]",$480.00,1,365,t,0,0,0,138,2025-03-23,0,0,0,57,0,0,0.0,,,,,,,,,,,t,6
3425,3425,city scrape,Tree Fort Glamping in Belize!,,684428729,2025-03-15,,,f,"['email', 'phone']",f,t,Cayo,Cayo,17.162378968000706,-89.04335442530136,Private room in treehouse,Private room,16,1.0,3.0,3.0,"[""BBQ grill"", ""Fire extinguisher"", ""Lock on bedroom door"", ""Dedicated workspace"", ""Washer"", ""Smoke alarm"", ""First aid kit"", ""Pets allowed"", ""TV"", ""Exterior security cameras on property"", ""Wifi"", ""Kitchen"", ""Fire pit"", ""Carbon monoxide alarm"", ""Free parking on premises"", ""Outdoor dining area""]",$200.00,1,365,t,30,60,90,364,2025-03-23,1,1,1,284,0,6,1200.0,2025-03-19,2025-03-19,5.0,5.0,5.0,5.0,5.0,5.0,5.0,,f,1
3430,3430,city scrape,The Smiths Luxe Residences | U2,,680517041,2025-02-23,within an hour,100%,f,"['email', 'phone']",t,t,Belize Mainland,Belize,17.55749776471908,-88.28002067641785,Entire rental unit,Entire home/apt,4,1.0,2.0,2.0,"[""Air conditioning"", ""Bed linens"", ""Kitchen"", ""Wine glasses"", ""Hair dryer"", ""Cleaning products"", ""Stove"", ""Toaster"", ""Window guards"", ""Dryer"", ""Cooking basics"", ""Washer"", ""Hangers"", ""Hot water"", ""Oven"", ""Pool"", ""Wifi"", ""Shampoo"", ""Iron"", ""Refrigerator"", ""Carbon monoxide alarm"", ""Dishes and silverware"", ""Long term stays allowed"", ""Cleaning available during stay"", ""First aid kit"", ""Patio or balcony"", ""TV"", ""Microwave"", ""Coffee"", ""Free parking on premises"", ""Sun loungers"", ""Fire extinguisher"", ""Conditioner"", ""Smoke alarm"", ""Clothing storage"", ""Body soap"", ""Ceiling fan"", ""Coffee maker""]",$172.00,1,365,t,0,0,1,81,2025-03-23,0,0,0,1,0,0,0.0,,,,,,,,,,,t,3
3431,3431,city scrape,The Smiths Luxe Residences | U3,,680517041,2025-02-23,within an hour,100%,f,"['email', 'phone']",t,t,Belize Mainland,Belize,17.55921677325543,-88.27987593840307,Entire rental unit,Entire home/apt,4,1.0,2.0,2.0,"[""Air conditioning"", ""Bed linens"", ""Kitchen"", ""Wine glasses"", ""Hair dryer"", ""Cleaning products"", ""Stove"", ""Toaster"", ""Window guards"", ""Dryer"", ""Cooking basics"", ""Washer"", ""Hangers"", ""Hot water"", ""Oven"", ""Pool"", ""Wifi"", ""Shampoo"", ""Iron"", ""Refrigerator"", ""Carbon monoxide alarm"", ""Dishes and silverware"", ""Long term stays allowed"", ""Cleaning available during stay"", ""First aid kit"", ""Patio or balcony"", ""TV"", ""Microwave"", ""Coffee"", ""Free parking on premises"", ""Sun loungers"", ""Fire extinguisher"", ""Conditioner"", ""Smoke alarm"", ""Clothing storage"", ""Body soap"", ""Ceiling fan"", ""Coffee maker""]",$172.00,1,365,t,1,1,2,82,2025-03-23,0,0,0,2,0,0,0.0,,,,,,,,,,,t,3
3432,3432,city scrape,"Ocean Crush- Beachfront, Pool, Tiki Bar, Pier","Located on the stunning eastern coast of Belize on the uber exclusive peninsula of Placencia which is a hidden gem full of virgin beaches, local cuisine, culture and seclusion from the noise of large tourism. The Stann Creek District is a captivating destination that showcases the country's natural beauty and rich cultural heritage. This region offers a diverse range of attractions, from pristine beaches and lush rainforests to vibrant coastal towns and charming villages serving fresh local cuisine. The property gets access to the stunning Placencia hotel amenities as a bonus. From fishing, hiking, boating -this is the perfect destination for your most memorable vacation yet.",565510231,2024-03-05,within an hour,100%,f,['phone'],t,t,Stann Creek Mainland,Stann Creek,16.6392247,-88.33292759999999,Entire villa,Entire home/apt,2,1.0,1.0,2.0,"[""Air conditioning"", ""Bed linens"", ""Kitchen"", ""Kayak"", ""Luggage dropoff allowed"", ""Hair dryer"", ""Resort access"", ""Stove"", ""Toaster"", ""Waterfront"", ""Gym"", ""Hangers"", ""Hot water"", ""Wifi"", ""Coffee maker"", ""Refrigerator"", ""Shampoo"", ""Iron"", ""Dishes and silverware"", ""Heating"", ""Essentials"", ""Long term stays allowed"", ""Shower gel"", ""First aid kit"", ""Outdoor pool"", ""Single level home"", ""Patio or balcony"", ""Safe"", ""Beach access \u2013 Beachfront"", ""Microwave"", ""Coffee"", ""Free parking on premises"", ""Self check-in"", ""Fire extinguisher"", ""Building staff"", ""Dining table"", ""Outdoor furniture"", ""Body soap"", ""TV with standard cable""]",$818.00,1,45,t,30,60,90,364,2025-03-23,0,0,0,284,0,0,0.0,,,,,,,,,,,t,1
